================================================================================
Rule No. 10 :  INFO : standard pad met4 4 stack

Real Error Count : 2; Flat Error Count : 14
================================================================================

--------------------------------------------------------------------------------
Cell Name : g_padonly layout IOLIB_ANA_HV_4M

                   Cell Errors    Real Errors   Cell Placements     Environments
                             1              1                 5                1
--------------------------------------------------------------------------------
Env.  Env. Placements            X1           Y1          X2           Y2

  1        5                539.000       71.350     624.000      156.350

Shape               Environments Status & Error Marker 

          1           X1         Y1         X2         Y2

   1      X        7.500      5.000     92.500     90.000

--------------------------------------------------------------------------------
Cell Name : g_padonly layout IOLIB_HV_4M

                   Cell Errors    Real Errors   Cell Placements     Environments
                             1              1                 9                1
--------------------------------------------------------------------------------
Env.  Env. Placements            X1           Y1          X2           Y2

  1        9               1346.000     1113.950    1431.000     1198.950

Shape               Environments Status & Error Marker 

          1           X1         Y1         X2         Y2

   1      X        7.500      5.000     92.500     90.000

================================================================================
Rule No. 70 : rmet3 INFO : rmet3 does not open met3 for drc

Real Error Count : 2; Flat Error Count : 2
================================================================================

--------------------------------------------------------------------------------
Cell Name : GND3ALLP_HV layout IOLIB_HV_4M

                   Cell Errors    Real Errors   Cell Placements     Environments
                             1              1                 1                1
--------------------------------------------------------------------------------
Env.  Env. Placements            X1           Y1          X2           Y2

  1        1                444.000     1096.800     533.000     1108.950

Shape               Environments Status & Error Marker 

          1           X1         Y1         X2         Y2

   1      X        5.500     87.800     94.500     99.950

--------------------------------------------------------------------------------
Cell Name : AGND3ALLP_HV layout IOLIB_ANA_HV_4M

                   Cell Errors    Real Errors   Cell Placements     Environments
                             1              1                 1                1
--------------------------------------------------------------------------------
Env.  Env. Placements            X1           Y1          X2           Y2

  1        1                537.000      161.350     626.000      173.500

Shape               Environments Status & Error Marker 

          1           X1         Y1         X2         Y2

   1      X        5.500     87.800     94.500     99.950

================================================================================
Rule No. 71 : rvia1 INFO : rvia1 does not open met1/2 for drc

Real Error Count : 27; Flat Error Count : 27
================================================================================

--------------------------------------------------------------------------------
Cell Name : VDD3ALLP_HV layout IOLIB_HV_4M

                   Cell Errors    Real Errors   Cell Placements     Environments
                             8              8                 1                1
--------------------------------------------------------------------------------
Env.  Env. Placements            X1           Y1          X2           Y2

  1        1                598.550      849.750     678.050      928.250

Shape               Environments Status & Error Marker 

          1           X1         Y1         X2         Y2

   1      X       10.450    268.500     23.000    293.100
   2      X       10.450    327.200     44.000    347.000
   3      X       26.800    268.500     39.800    293.100
   4      X       43.600    268.500     56.600    293.100
   5      X       43.600    327.200     77.600    347.000
   6      X       60.400    268.500     73.400    293.100
   7      X       77.200    268.500     89.950    293.100
   8      X       77.200    327.200     89.850    347.000

--------------------------------------------------------------------------------
Cell Name : GND3ALLP_HV layout IOLIB_HV_4M

                   Cell Errors    Real Errors   Cell Placements     Environments
                             5              5                 1                1
--------------------------------------------------------------------------------
Env.  Env. Placements            X1           Y1          X2           Y2

  1        1                448.650      871.850     528.050      901.150

Shape               Environments Status & Error Marker 

          1           X1         Y1         X2         Y2

   1      X       10.450    295.600     23.000    324.900
   2      X       26.800    295.600     39.800    324.900
   3      X       43.600    295.600     56.600    324.900
   4      X       60.400    295.600     73.400    324.900
   5      X       77.200    295.600     89.850    324.900

--------------------------------------------------------------------------------
Cell Name : AVDD3ALLP_HV layout IOLIB_ANA_HV_4M

                   Cell Errors    Real Errors   Cell Placements     Environments
                             9              9                 1                1
--------------------------------------------------------------------------------
Env.  Env. Placements            X1           Y1          X2           Y2

  1        1                691.850      342.025     771.550      420.600

Shape               Environments Status & Error Marker 

          1           X1         Y1         X2         Y2

   1      X       10.350    268.475     23.000    293.200
   2      X       10.350    327.150     44.000    347.050
   3      X       26.800    268.475     39.800    293.200
   4      X       43.600    268.475     56.600    293.200
   5      X       43.600    327.150     89.900    347.050
   6      X       60.400    268.475     73.400    293.200
   7      X       77.200    268.475     90.050    293.200
   8      X       89.900    327.300     89.950    328.000
   9      X       89.900    345.050     89.950    345.750

--------------------------------------------------------------------------------
Cell Name : AGND3ALLP_HV layout IOLIB_ANA_HV_4M

                   Cell Errors    Real Errors   Cell Placements     Environments
                             5              5                 1                1
--------------------------------------------------------------------------------
Env.  Env. Placements            X1           Y1          X2           Y2

  1        1                541.850      369.050     621.450      398.550

Shape               Environments Status & Error Marker 

          1           X1         Y1         X2         Y2

   1      X       10.350    295.500     23.000    325.000
   2      X       26.800    295.500     39.800    325.000
   3      X       43.600    295.500     56.600    325.000
   4      X       60.400    295.500     73.400    325.000
   5      X       77.200    295.500     89.950    325.000

================================================================================
Rule No. 72 : rvia2 INFO : rvia2 does not open met2/3 for drc

Real Error Count : 76; Flat Error Count : 76
================================================================================

--------------------------------------------------------------------------------
Cell Name : VDD3ALLP_HV layout IOLIB_HV_4M

                   Cell Errors    Real Errors   Cell Placements     Environments
                            22             22                 1                1
--------------------------------------------------------------------------------
Env.  Env. Placements            X1           Y1          X2           Y2

  1        1                594.800      849.800     678.000     1019.000

Shape               Environments Status & Error Marker 

          1           X1         Y1         X2         Y2

   1      X       10.500    177.750     23.000    251.900
   2      X       10.500    268.550     23.000    293.050
   3      X       10.500    327.250     89.800    346.950
   4      X       23.975    178.075     25.825    200.825
   5      X       26.800    177.750     39.800    201.450
   6      X       26.800    204.450     39.800    225.350
   7      X       26.800    228.350     39.800    251.900
   8      X       26.800    268.550     39.800    293.050
   9      X       40.775    178.075     42.625    200.825
  10      X       43.600    177.750     56.600    201.450
  11      X       43.600    204.450     56.600    225.350
  12      X       43.600    228.350     56.600    251.900
  13      X       43.600    268.550     56.600    293.050
  14      X       57.525    178.075     59.375    200.825
  15      X       60.400    177.750     73.400    201.450
  16      X       60.400    204.450     73.400    225.350
  17      X       60.400    228.350     73.400    251.900
  18      X       60.400    268.550     73.400    293.050
  19      X       74.325    178.075     76.175    200.825
  20      X       77.200    177.750     90.200    251.900
  21      X       77.200    268.550     89.900    293.050
  22      X       91.875    178.075     93.700    200.825

--------------------------------------------------------------------------------
Cell Name : GND3ALLP_HV layout IOLIB_HV_4M

                   Cell Errors    Real Errors   Cell Placements     Environments
                            16             16                 1                1
--------------------------------------------------------------------------------
Env.  Env. Placements            X1           Y1          X2           Y2

  1        1                448.700      871.900     528.100     1096.050

Shape               Environments Status & Error Marker 

          1           X1         Y1         X2         Y2

   1      X       10.400    100.700     22.500    174.000
   2      X       10.500    295.650     23.000    324.850
   3      X       26.800    295.650     39.800    324.850
   4      X       27.350    100.700     39.450    123.850
   5      X       27.350    126.850     39.450    147.750
   6      X       27.350    150.750     39.450    174.000
   7      X       43.600    295.650     56.600    324.850
   8      X       44.050    100.700     56.150    123.850
   9      X       44.050    126.850     56.150    147.750
  10      X       44.050    150.750     56.150    174.000
  11      X       60.400    295.650     73.400    324.850
  12      X       60.850    100.700     72.950    123.850
  13      X       60.850    126.850     72.950    147.750
  14      X       60.850    150.750     72.950    174.000
  15      X       77.200    295.650     89.800    324.850
  16      X       77.650    100.700     89.750    174.000

--------------------------------------------------------------------------------
Cell Name : AVDD3ALLP_HV layout IOLIB_ANA_HV_4M

                   Cell Errors    Real Errors   Cell Placements     Environments
                            22             22                 1                1
--------------------------------------------------------------------------------
Env.  Env. Placements            X1           Y1          X2           Y2

  1        1                691.900      251.200     775.225      420.600

Shape               Environments Status & Error Marker 

          1           X1         Y1         X2         Y2

   1      X       10.400    177.650     23.000    252.000
   2      X       10.400    268.450     23.000    293.150
   3      X       10.400    327.150     89.900    347.050
   4      X       23.975    178.075     25.825    200.825
   5      X       26.800    177.650     39.800    201.450
   6      X       26.800    204.450     39.800    225.350
   7      X       26.800    228.350     39.800    252.000
   8      X       26.800    268.450     39.800    293.150
   9      X       40.775    178.075     42.625    200.825
  10      X       43.600    177.650     56.600    201.450
  11      X       43.600    204.450     56.600    225.350
  12      X       43.600    228.350     56.600    252.000
  13      X       43.600    268.450     56.600    293.150
  14      X       57.525    178.075     59.375    200.825
  15      X       60.400    177.650     73.400    201.450
  16      X       60.400    204.450     73.400    225.350
  17      X       60.400    228.350     73.400    252.000
  18      X       60.400    268.450     73.400    293.150
  19      X       74.325    178.075     76.175    200.825
  20      X       77.200    177.650     90.200    252.000
  21      X       77.200    268.450     90.000    293.150
  22      X       91.875    178.075     93.725    200.825

--------------------------------------------------------------------------------
Cell Name : AGND3ALLP_HV layout IOLIB_ANA_HV_4M

                   Cell Errors    Real Errors   Cell Placements     Environments
                            16             16                 1                1
--------------------------------------------------------------------------------
Env.  Env. Placements            X1           Y1          X2           Y2

  1        1                541.800      174.150     621.400      398.500

Shape               Environments Status & Error Marker 

          1           X1         Y1         X2         Y2

   1      X       10.300    100.600     22.600    174.100
   2      X       10.400    295.550     23.000    324.950
   3      X       26.800    295.550     39.800    324.950
   4      X       27.250    100.600     39.550    123.850
   5      X       27.250    126.850     39.550    147.750
   6      X       27.250    150.750     39.550    174.100
   7      X       43.600    295.550     56.600    324.950
   8      X       43.950    100.600     56.250    123.850
   9      X       43.950    126.850     56.250    147.750
  10      X       43.950    150.750     56.250    174.100
  11      X       60.400    295.550     73.400    324.950
  12      X       60.750    100.600     73.050    123.850
  13      X       60.750    126.850     73.050    147.750
  14      X       60.750    150.750     73.050    174.100
  15      X       77.200    295.550     89.900    324.950
  16      X       77.550    100.600     89.850    174.100

================================================================================
Rule No. 1639 : DNR002  Utmost structures within DNTUB must be closed NTAP rings in SNTUB

Real Error Count : 4; Flat Error Count : 4
================================================================================

--------------------------------------------------------------------------------
Cell Name : top layout MINIMAL_TOP

                   Cell Errors    Real Errors   Cell Placements     Environments
                             4              4                 1                1
--------------------------------------------------------------------------------
Env.  Env. Placements            X1           Y1          X2           Y2

  1        1                434.400      238.650    1328.600      248.150

Shape               Environments Status & Error Marker 

          1           X1         Y1         X2         Y2

   1      X      434.400    238.650    434.500    248.150
   2      X      434.400    238.650    436.500    238.750
   3      X      434.400    248.050    436.500    248.150
   4      X     1328.500    240.750   1328.600    246.050

================================================================================
Rule No. 1643 : INFO DNR003 : rptub hole encloses rptub ring ( hole inside hole)

Real Error Count : 2; Flat Error Count : 2
================================================================================

--------------------------------------------------------------------------------
Cell Name : top layout MINIMAL_TOP

                   Cell Errors    Real Errors   Cell Placements     Environments
                             2              2                 1                1
--------------------------------------------------------------------------------
Env.  Env. Placements            X1           Y1          X2           Y2

  1        1                432.000      167.050    1831.000      841.650

Shape               Environments Status & Error Marker 

          1           X1         Y1         X2         Y2

   1      X      432.000    428.650   1831.000    841.650
   2      X      525.000    167.050   1238.050    334.000

================================================================================
Rule No. 1662 : SNR005 More RPTUB shapes enclosed by SNTUB ring : Each RPTUB shape inside DNTUB must be fully enclosed with SNTUB

Real Error Count : 41; Flat Error Count : 121
================================================================================

--------------------------------------------------------------------------------
Cell Name : NOR2X4_DCV_HV layout CORELIBD_DCV_HV

                   Cell Errors    Real Errors   Cell Placements     Environments
                             1              1                 8                1
--------------------------------------------------------------------------------
Env.  Env. Placements            X1           Y1          X2           Y2

  1        8               1062.850      609.200    1068.850      614.950

Shape               Environments Status & Error Marker 

          1           X1         Y1         X2         Y2

   1      X       -0.900     -0.550      5.100      5.200

--------------------------------------------------------------------------------
Cell Name : INVX16_DCV_HV layout CORELIBD_DCV_HV

                   Cell Errors    Real Errors   Cell Placements     Environments
                             1              1                 8                1
--------------------------------------------------------------------------------
Env.  Env. Placements            X1           Y1          X2           Y2

  1        8               1069.850      609.200    1078.650      614.950

Shape               Environments Status & Error Marker 

          1           X1         Y1         X2         Y2

   1      X       -0.900     -0.550      7.900      5.200

--------------------------------------------------------------------------------
Cell Name : HAX3_DCV_HV layout CORELIBD_DCV_HV

                   Cell Errors    Real Errors   Cell Placements     Environments
                             1              1                 6                1
--------------------------------------------------------------------------------
Env.  Env. Placements            X1           Y1          X2           Y2

  1        6               1047.450      634.650    1061.850      640.400

Shape               Environments Status & Error Marker 

          1           X1         Y1         X2         Y2

   1      X       -0.900     -0.550     13.500      5.200

--------------------------------------------------------------------------------
Cell Name : FILLCELLX4_DCV_HV layout CORELIBD_DCV_HV

                   Cell Errors    Real Errors   Cell Placements     Environments
                             1              1                10                1
--------------------------------------------------------------------------------
Env.  Env. Placements            X1           Y1          X2           Y2

  1       10               1033.500      613.850    1040.800      619.600

Shape               Environments Status & Error Marker 

          1           X1         Y1         X2         Y2

   1      X       -0.850     -0.550      6.450      5.200

--------------------------------------------------------------------------------
Cell Name : FILLCAPX8_DCV_HV layout CORELIBD_DCV_HV

                   Cell Errors    Real Errors   Cell Placements     Environments
                             1              1                 4                1
--------------------------------------------------------------------------------
Env.  Env. Placements            X1           Y1          X2           Y2

  1        4               1152.450      613.850    1165.450      619.600

Shape               Environments Status & Error Marker 

          1           X1         Y1         X2         Y2

   1      X       -0.900     -0.550     12.100      5.200

--------------------------------------------------------------------------------
Cell Name : FILLCAPX4_DCV_HV layout CORELIBD_DCV_HV

                   Cell Errors    Real Errors   Cell Placements     Environments
                             1              1                 4                1
--------------------------------------------------------------------------------
Env.  Env. Placements            X1           Y1          X2           Y2

  1        4               1104.850      609.200    1112.250      614.950

Shape               Environments Status & Error Marker 

          1           X1         Y1         X2         Y2

   1      X       -0.900     -0.550      6.500      5.200

--------------------------------------------------------------------------------
Cell Name : DLY1X1_DCV_HV layout CORELIBD_DCV_HV

                   Cell Errors    Real Errors   Cell Placements     Environments
                             1              1                 7                1
--------------------------------------------------------------------------------
Env.  Env. Placements            X1           Y1          X2           Y2

  1        7               1046.050      609.200    1064.650      614.950

Shape               Environments Status & Error Marker 

          1           X1         Y1         X2         Y2

   1      X       -0.900     -0.550     17.700      5.200

--------------------------------------------------------------------------------
Cell Name : DFX1_DCV_HV layout CORELIBD_DCV_HV

                   Cell Errors    Real Errors   Cell Placements     Environments
                             1              1                 8                1
--------------------------------------------------------------------------------
Env.  Env. Placements            X1           Y1          X2           Y2

  1        8               1061.450      613.850    1087.050      619.650

Shape               Environments Status & Error Marker 

          1           X1         Y1         X2         Y2

   1      X       -0.900     -0.550     24.700      5.250

--------------------------------------------------------------------------------
Cell Name : CLKBUFX8_DCV_HV layout CORELIBD_DCV_HV

                   Cell Errors    Real Errors   Cell Placements     Environments
                             1              1                 3                1
--------------------------------------------------------------------------------
Env.  Env. Placements            X1           Y1          X2           Y2

  1        3               1146.850      613.850    1154.250      619.600

Shape               Environments Status & Error Marker 

          1           X1         Y1         X2         Y2

   1      X       -0.900     -0.550      6.500      5.200

--------------------------------------------------------------------------------
Cell Name : CLKBUFX2_DCV_HV layout CORELIBD_DCV_HV

                   Cell Errors    Real Errors   Cell Placements     Environments
                             1              1                11                1
--------------------------------------------------------------------------------
Env.  Env. Placements            X1           Y1          X2           Y2

  1       11               1117.450      609.200    1123.450      614.950

Shape               Environments Status & Error Marker 

          1           X1         Y1         X2         Y2

   1      X       -0.900     -0.550      5.100      5.200

--------------------------------------------------------------------------------
Cell Name : CLKBUFX24_DCV_HV layout CORELIBD_DCV_HV

                   Cell Errors    Real Errors   Cell Placements     Environments
                             1              1                 3                1
--------------------------------------------------------------------------------
Env.  Env. Placements            X1           Y1          X2           Y2

  1        3               1033.450      609.200    1047.850      614.950

Shape               Environments Status & Error Marker 

          1           X1         Y1         X2         Y2

   1      X       -0.900     -0.550     13.500      5.200

--------------------------------------------------------------------------------
Cell Name : CLKBUFX12_DCV_HV layout CORELIBD_DCV_HV

                   Cell Errors    Real Errors   Cell Placements     Environments
                             1              1                 5                1
--------------------------------------------------------------------------------
Env.  Env. Placements            X1           Y1          X2           Y2

  1        5               1040.450      634.650    1049.250      640.400

Shape               Environments Status & Error Marker 

          1           X1         Y1         X2         Y2

   1      X       -0.900     -0.550      7.900      5.200

--------------------------------------------------------------------------------
Cell Name : BUFX6_DCV_HV layout CORELIBD_DCV_HV

                   Cell Errors    Real Errors   Cell Placements     Environments
                             1              1                 2                1
--------------------------------------------------------------------------------
Env.  Env. Placements            X1           Y1          X2           Y2

  1        2               1097.850      613.850    1105.250      619.600

Shape               Environments Status & Error Marker 

          1           X1         Y1         X2         Y2

   1      X       -0.900     -0.550      6.500      5.200

--------------------------------------------------------------------------------
Cell Name : BUFX4_DCV_HV layout CORELIBD_DCV_HV

                   Cell Errors    Real Errors   Cell Placements     Environments
                             1              1                 2                1
--------------------------------------------------------------------------------
Env.  Env. Placements            X1           Y1          X2           Y2

  1        2               1068.450      655.450    1074.450      661.200

Shape               Environments Status & Error Marker 

          1           X1         Y1         X2         Y2

   1      X       -0.900     -0.550      5.100      5.200

--------------------------------------------------------------------------------
Cell Name : BUFX2_DCV_HV layout CORELIBD_DCV_HV

                   Cell Errors    Real Errors   Cell Placements     Environments
                             1              1                 2                1
--------------------------------------------------------------------------------
Env.  Env. Placements            X1           Y1          X2           Y2

  1        2               1123.050      671.600    1129.050      677.350

Shape               Environments Status & Error Marker 

          1           X1         Y1         X2         Y2

   1      X       -0.900     -0.550      5.100      5.200

--------------------------------------------------------------------------------
Cell Name : BUFX16_DCV_HV layout CORELIBD_DCV_HV

                   Cell Errors    Real Errors   Cell Placements     Environments
                             1              1                 2                1
--------------------------------------------------------------------------------
Env.  Env. Placements            X1           Y1          X2           Y2

  1        2               1065.650      676.250    1077.250      682.000

Shape               Environments Status & Error Marker 

          1           X1         Y1         X2         Y2

   1      X       -0.900     -0.550     10.700      5.200

--------------------------------------------------------------------------------
Cell Name : BUFX12_DCV_HV layout CORELIBD_DCV_HV

                   Cell Errors    Real Errors   Cell Placements     Environments
                             1              1                 7                1
--------------------------------------------------------------------------------
Env.  Env. Placements            X1           Y1          X2           Y2

  1        7               1039.050      613.850    1047.850      619.600

Shape               Environments Status & Error Marker 

          1           X1         Y1         X2         Y2

   1      X       -0.900     -0.550      7.900      5.200

--------------------------------------------------------------------------------
Cell Name : AOI22X4_DCV_HV layout CORELIBD_DCV_HV

                   Cell Errors    Real Errors   Cell Placements     Environments
                             1              1                 5                1
--------------------------------------------------------------------------------
Env.  Env. Placements            X1           Y1          X2           Y2

  1        5               1046.050      613.850    1054.850      619.600

Shape               Environments Status & Error Marker 

          1           X1         Y1         X2         Y2

   1      X       -0.900     -0.550      7.900      5.200

--------------------------------------------------------------------------------
Cell Name : AOI22X3_DCV_HV layout CORELIBD_DCV_HV

                   Cell Errors    Real Errors   Cell Placements     Environments
                             1              1                 2                1
--------------------------------------------------------------------------------
Env.  Env. Placements            X1           Y1          X2           Y2

  1        2               1128.650      655.450    1137.450      661.200

Shape               Environments Status & Error Marker 

          1           X1         Y1         X2         Y2

   1      X       -0.900     -0.550      7.900      5.200

--------------------------------------------------------------------------------
Cell Name : core layout MINIMAL_CORE

                   Cell Errors    Real Errors   Cell Placements     Environments
                            22             22                 1                1
--------------------------------------------------------------------------------
Env.  Env. Placements            X1           Y1          X2           Y2

  1        1               1033.450      609.200    1165.450      682.000

Shape               Environments Status & Error Marker 

          1           X1         Y1         X2         Y2

   1      X       46.400    128.650     48.850    133.300
   2      X       52.000    107.850     62.850    112.500
   3      X       52.050    134.400     53.050    139.050
   4      X       52.050    149.450     74.050    159.850
   5      X       74.450     87.050     75.450     91.700
   6      X       84.250     87.050     85.250     91.700
   7      X       84.250    113.600     86.650    118.250
   8      X       87.050    155.200     88.050    159.850
   9      X       88.450    134.400     90.850    139.050
  10      X       92.650     92.600     93.650     97.450
  11      X      102.450     92.800    103.450     97.450
  12      X      102.450    155.000    104.850    159.850
  13      X      113.650    155.200    114.650    159.850
  14      X      129.050    113.600    132.900    118.250
  15      X      130.450    128.650    132.850    133.300
  16      X      133.250    155.200    134.250    159.850
  17      X      143.050    134.400    149.700    139.050
  18      X      144.450     87.050    171.050     97.700
  19      X      148.650    155.200    149.650    159.850
  20      X      157.000    134.400    158.050    139.050
  21      X      166.850    107.850    171.000    118.250
  22      X      166.850    134.200    171.000    139.050

================================================================================
Rule No. 1953 : INFO : this dntub has 50 Volt

Real Error Count : 24; Flat Error Count : 104
================================================================================

--------------------------------------------------------------------------------
Cell Name : NOR2X4_DCV_HV layout CORELIBD_DCV_HV

                   Cell Errors    Real Errors   Cell Placements     Environments
                             1              1                 8                1
--------------------------------------------------------------------------------
Env.  Env. Placements            X1           Y1          X2           Y2

  1        8               1061.600      601.500    1070.100      616.200

Shape               Environments Status & Error Marker 

          1           X1         Y1         X2         Y2

   1      X       -2.150     -1.800      6.350     12.900

--------------------------------------------------------------------------------
Cell Name : INVX16_DCV_HV layout CORELIBD_DCV_HV

                   Cell Errors    Real Errors   Cell Placements     Environments
                             1              1                 8                1
--------------------------------------------------------------------------------
Env.  Env. Placements            X1           Y1          X2           Y2

  1        8               1068.600      601.500    1079.900      616.200

Shape               Environments Status & Error Marker 

          1           X1         Y1         X2         Y2

   1      X       -2.150     -1.800      9.150     12.900

--------------------------------------------------------------------------------
Cell Name : HAX3_DCV_HV layout CORELIBD_DCV_HV

                   Cell Errors    Real Errors   Cell Placements     Environments
                             1              1                 6                1
--------------------------------------------------------------------------------
Env.  Env. Placements            X1           Y1          X2           Y2

  1        6               1046.200      633.400    1063.100      648.100

Shape               Environments Status & Error Marker 

          1           X1         Y1         X2         Y2

   1      X       -2.150     -1.800     14.750     12.900

--------------------------------------------------------------------------------
Cell Name : FILLCELLX4_DCV_HV layout CORELIBD_DCV_HV

                   Cell Errors    Real Errors   Cell Placements     Environments
                             1              1                10                1
--------------------------------------------------------------------------------
Env.  Env. Placements            X1           Y1          X2           Y2

  1       10               1032.250      612.600    1042.050      627.300

Shape               Environments Status & Error Marker 

          1           X1         Y1         X2         Y2

   1      X       -2.100     -1.800      7.700     12.900

--------------------------------------------------------------------------------
Cell Name : FILLCAPX8_DCV_HV layout CORELIBD_DCV_HV

                   Cell Errors    Real Errors   Cell Placements     Environments
                             1              1                 4                1
--------------------------------------------------------------------------------
Env.  Env. Placements            X1           Y1          X2           Y2

  1        4               1151.250      612.600    1166.650      627.300

Shape               Environments Status & Error Marker 

          1           X1         Y1         X2         Y2

   1      X       -2.100     -1.800     13.300     12.900

--------------------------------------------------------------------------------
Cell Name : FILLCAPX4_DCV_HV layout CORELIBD_DCV_HV

                   Cell Errors    Real Errors   Cell Placements     Environments
                             1              1                 4                1
--------------------------------------------------------------------------------
Env.  Env. Placements            X1           Y1          X2           Y2

  1        4               1103.650      601.500    1113.450      616.200

Shape               Environments Status & Error Marker 

          1           X1         Y1         X2         Y2

   1      X       -2.100     -1.800      7.700     12.900

--------------------------------------------------------------------------------
Cell Name : DLY1X1_DCV_HV layout CORELIBD_DCV_HV

                   Cell Errors    Real Errors   Cell Placements     Environments
                             1              1                 7                1
--------------------------------------------------------------------------------
Env.  Env. Placements            X1           Y1          X2           Y2

  1        7               1044.800      601.500    1065.900      616.200

Shape               Environments Status & Error Marker 

          1           X1         Y1         X2         Y2

   1      X       -2.150     -1.800     18.950     12.900

--------------------------------------------------------------------------------
Cell Name : DFX1_DCV_HV layout CORELIBD_DCV_HV

                   Cell Errors    Real Errors   Cell Placements     Environments
                             1              1                 8                1
--------------------------------------------------------------------------------
Env.  Env. Placements            X1           Y1          X2           Y2

  1        8               1060.200      612.600    1088.300      627.300

Shape               Environments Status & Error Marker 

          1           X1         Y1         X2         Y2

   1      X       -2.150     -1.800     25.950     12.900

--------------------------------------------------------------------------------
Cell Name : CLKBUFX8_DCV_HV layout CORELIBD_DCV_HV

                   Cell Errors    Real Errors   Cell Placements     Environments
                             1              1                 3                1
--------------------------------------------------------------------------------
Env.  Env. Placements            X1           Y1          X2           Y2

  1        3               1145.600      612.600    1155.500      627.300

Shape               Environments Status & Error Marker 

          1           X1         Y1         X2         Y2

   1      X       -2.150     -1.800      7.750     12.900

--------------------------------------------------------------------------------
Cell Name : CLKBUFX2_DCV_HV layout CORELIBD_DCV_HV

                   Cell Errors    Real Errors   Cell Placements     Environments
                             1              1                11                1
--------------------------------------------------------------------------------
Env.  Env. Placements            X1           Y1          X2           Y2

  1       11               1116.200      601.500    1124.700      616.200

Shape               Environments Status & Error Marker 

          1           X1         Y1         X2         Y2

   1      X       -2.150     -1.800      6.350     12.900

--------------------------------------------------------------------------------
Cell Name : CLKBUFX24_DCV_HV layout CORELIBD_DCV_HV

                   Cell Errors    Real Errors   Cell Placements     Environments
                             1              1                 3                1
--------------------------------------------------------------------------------
Env.  Env. Placements            X1           Y1          X2           Y2

  1        3               1032.200      601.500    1049.100      616.200

Shape               Environments Status & Error Marker 

          1           X1         Y1         X2         Y2

   1      X       -2.150     -1.800     14.750     12.900

--------------------------------------------------------------------------------
Cell Name : CLKBUFX12_DCV_HV layout CORELIBD_DCV_HV

                   Cell Errors    Real Errors   Cell Placements     Environments
                             1              1                 5                1
--------------------------------------------------------------------------------
Env.  Env. Placements            X1           Y1          X2           Y2

  1        5               1039.200      633.400    1050.500      648.100

Shape               Environments Status & Error Marker 

          1           X1         Y1         X2         Y2

   1      X       -2.150     -1.800      9.150     12.900

--------------------------------------------------------------------------------
Cell Name : BUFX6_DCV_HV layout CORELIBD_DCV_HV

                   Cell Errors    Real Errors   Cell Placements     Environments
                             1              1                 2                1
--------------------------------------------------------------------------------
Env.  Env. Placements            X1           Y1          X2           Y2

  1        2               1096.600      612.600    1106.500      627.300

Shape               Environments Status & Error Marker 

          1           X1         Y1         X2         Y2

   1      X       -2.150     -1.800      7.750     12.900

--------------------------------------------------------------------------------
Cell Name : BUFX4_DCV_HV layout CORELIBD_DCV_HV

                   Cell Errors    Real Errors   Cell Placements     Environments
                             1              1                 2                1
--------------------------------------------------------------------------------
Env.  Env. Placements            X1           Y1          X2           Y2

  1        2               1067.200      654.200    1075.700      668.900

Shape               Environments Status & Error Marker 

          1           X1         Y1         X2         Y2

   1      X       -2.150     -1.800      6.350     12.900

--------------------------------------------------------------------------------
Cell Name : BUFX2_DCV_HV layout CORELIBD_DCV_HV

                   Cell Errors    Real Errors   Cell Placements     Environments
                             1              1                 2                1
--------------------------------------------------------------------------------
Env.  Env. Placements            X1           Y1          X2           Y2

  1        2               1121.800      663.900    1130.300      678.600

Shape               Environments Status & Error Marker 

          1           X1         Y1         X2         Y2

   1      X       -2.150     -1.800      6.350     12.900

--------------------------------------------------------------------------------
Cell Name : BUFX16_DCV_HV layout CORELIBD_DCV_HV

                   Cell Errors    Real Errors   Cell Placements     Environments
                             1              1                 2                1
--------------------------------------------------------------------------------
Env.  Env. Placements            X1           Y1          X2           Y2

  1        2               1064.400      675.000    1078.500      689.700

Shape               Environments Status & Error Marker 

          1           X1         Y1         X2         Y2

   1      X       -2.150     -1.800     11.950     12.900

--------------------------------------------------------------------------------
Cell Name : BUFX12_DCV_HV layout CORELIBD_DCV_HV

                   Cell Errors    Real Errors   Cell Placements     Environments
                             1              1                 7                1
--------------------------------------------------------------------------------
Env.  Env. Placements            X1           Y1          X2           Y2

  1        7               1037.800      612.600    1049.100      627.300

Shape               Environments Status & Error Marker 

          1           X1         Y1         X2         Y2

   1      X       -2.150     -1.800      9.150     12.900

--------------------------------------------------------------------------------
Cell Name : AOI22X4_DCV_HV layout CORELIBD_DCV_HV

                   Cell Errors    Real Errors   Cell Placements     Environments
                             1              1                 5                1
--------------------------------------------------------------------------------
Env.  Env. Placements            X1           Y1          X2           Y2

  1        5               1044.800      612.600    1056.100      627.300

Shape               Environments Status & Error Marker 

          1           X1         Y1         X2         Y2

   1      X       -2.150     -1.800      9.150     12.900

--------------------------------------------------------------------------------
Cell Name : AOI22X3_DCV_HV layout CORELIBD_DCV_HV

                   Cell Errors    Real Errors   Cell Placements     Environments
                             1              1                 2                1
--------------------------------------------------------------------------------
Env.  Env. Placements            X1           Y1          X2           Y2

  1        2               1127.400      654.200    1138.700      668.900

Shape               Environments Status & Error Marker 

          1           X1         Y1         X2         Y2

   1      X       -2.150     -1.800      9.150     12.900

--------------------------------------------------------------------------------
Cell Name : core layout MINIMAL_CORE

                   Cell Errors    Real Errors   Cell Placements     Environments
                             5              5                 1                1
--------------------------------------------------------------------------------
Env.  Env. Placements            X1           Y1          X2           Y2

  1        1               1031.150      600.400    1167.750      690.800

Shape               Environments Status & Error Marker 

          1           X1         Y1         X2         Y2

   1      X       36.750     78.250    173.350    168.650
   2      X       53.250    105.150     61.600    111.250
   3      X       71.500    146.750     72.800    152.850
   4      X      130.300    114.850    131.650    120.950
   5      X      144.300    135.650    148.450    141.750

================================================================================
Rule No. 2061 : RDIFFPS  R2 Element Rule : HVDEF2 isoVoltage  text string missing

Real Error Count : 4; Flat Error Count : 12
================================================================================

--------------------------------------------------------------------------------
Cell Name : ICP_HV layout IOLIB_HV_4M

                   Cell Errors    Real Errors   Cell Placements     Environments
                             2              2                 3                1
--------------------------------------------------------------------------------
Env.  Env. Placements            X1           Y1          X2           Y2

  1        3                914.800     1027.300     962.300     1028.900

Shape               Environments Status & Error Marker 

          1           X1         Y1         X2         Y2

   1      X       26.200    167.850     42.100    169.450
   2      X       57.800    167.850     73.700    169.450

--------------------------------------------------------------------------------
Cell Name : BU2P_HV layout IOLIB_HV_4M

                   Cell Errors    Real Errors   Cell Placements     Environments
                             2              2                 3                1
--------------------------------------------------------------------------------
Env.  Env. Placements            X1           Y1          X2           Y2

  1        3               1364.800     1027.300    1412.300     1028.900

Shape               Environments Status & Error Marker 

          1           X1         Y1         X2         Y2

   1      X       26.200    167.850     42.100    169.450
   2      X       57.800    167.850     73.700    169.450

================================================================================
Rule No. 2073 : PMOSI  R1 Element Rule : isoVoltage  text string missing

Real Error Count : 481; Flat Error Count : 545
================================================================================

--------------------------------------------------------------------------------
Cell Name : core layout MINIMAL_CORE

                   Cell Errors    Real Errors   Cell Placements     Environments
                           419            419                 1                1
--------------------------------------------------------------------------------
Env.  Env. Placements            X1           Y1          X2           Y2

  1        1               1035.500      605.150    1163.400      686.050

Shape               Environments Status & Error Marker 

          1           X1         Y1         X2         Y2

   1      X       41.100    103.800     44.400    106.600
   2      X       41.100    140.250     50.000    143.100
   3      X       41.100    145.400     50.000    148.250
   4      X       41.100    161.050     50.000    163.900
   5      X       41.150     83.525     41.500     85.850
   6      X       42.600     83.525     42.950     85.850
   7      X       44.050     83.050     44.400     85.850
   8      X       45.400     83.050     45.750     85.850
   9      X       46.750     99.125     47.100    101.450
  10      X       46.850     83.050     47.200     85.850
  11      X       48.150     98.650     48.500    101.450
  12      X       48.150    119.950     48.500    122.275
  13      X       48.200     83.050     48.550     85.850
  14      X       49.500     98.650     49.850    101.450
  15      X       49.600    119.450     49.950    122.250
  16      X       49.650     83.050     50.000     85.850
  17      X       50.850     98.650     51.200    101.450
  18      X       50.950    125.125     51.300    127.450
  19      X       51.000     83.050     51.350     85.850
  20      X       51.000    119.450     51.350    122.250
  21      X       52.300    145.400     55.600    148.200
  22      X       52.400    125.125     52.750    127.450
  23      X       52.450    119.450     52.800    122.250
  24      X       53.700     98.650     54.650    101.500
  25      X       53.825     84.400     54.175     85.200
  26      X       53.850    105.575     54.200    106.350
  27      X       53.850    124.650     54.200    127.450
  28      X       54.700    105.575     55.050    106.350
  29      X       55.100     98.400     55.450    101.500
  30      X       55.150    120.900     55.500    122.000
  31      X       55.150    140.750     55.500    143.075
  32      X       55.200    124.650     55.550    127.450
  33      X       55.225     83.700     57.225     85.300
  34      X       56.350    104.800     56.700    106.350
  35      X       56.450     98.400     56.800    101.500
  36      X       56.600    120.400     56.950    121.500
  37      X       56.600    140.250     56.950    143.050
  38      X       56.650    124.650     57.000    127.450
  39      X       57.700    104.800     58.050    106.350
  40      X       57.800     98.650     58.750    101.500
  41      X       58.000    124.650     58.350    127.450
  42      X       58.000    140.250     58.350    143.050
  43      X       58.050    120.300     58.400    121.500
  44      X       59.350    104.800     59.700    106.350
  45      X       59.450    124.650     59.800    127.450
  46      X       59.450    140.250     59.800    143.050
  47      X       59.500    120.725     59.850    121.925
  48      X       59.525     84.250     61.525     85.850
  49      X       60.300    120.725     60.650    121.925
  50      X       60.800    124.650     61.150    127.450
  51      X       62.150     99.125     62.500    101.450
  52      X       62.150    140.750     62.500    143.075
  53      X       62.450    147.475     62.800    148.250
  54      X       62.525     84.250     64.525     85.850
  55      X       63.500    145.450     63.850    148.250
  56      X       63.550     98.650     63.900    101.450
  57      X       63.550    119.450     63.900    121.550
  58      X       63.550    124.900     63.900    126.000
  59      X       63.600    140.250     63.950    143.050
  60      X       64.900     98.650     65.250    101.450
  61      X       64.950    103.850     65.300    106.175
  62      X       65.000    119.450     65.350    121.550
  63      X       65.000    125.400     65.350    126.500
  64      X       65.000    140.250     65.350    143.050
  65      X       65.525     84.250     67.525     85.850
  66      X       66.250     98.650     66.600    101.450
  67      X       66.350    103.850     66.700    106.650
  68      X       66.350    146.900     66.700    147.600
  69      X       66.450    125.400     66.800    126.600
  70      X       66.450    140.250     66.800    143.050
  71      X       67.700    103.850     68.050    106.650
  72      X       67.750    161.700     68.100    162.875
  73      X       67.800    146.200     68.150    147.600
  74      X       67.900    124.975     68.250    126.175
  75      X       68.700    124.975     69.050    126.175
  76      X       68.750    140.250     69.700    143.100
  77      X       69.050    103.850     69.400    106.650
  78      X       69.150     99.225     69.500    100.150
  79      X       69.200    161.100     69.550    163.200
  80      X       70.200     98.700     70.550     99.750
  81      X       70.600     83.000     71.550     85.850
  82      X       70.600    145.450     70.950    148.250
  83      X       70.600    161.100     70.950    163.200
  84      X       70.700    140.000     71.050    143.100
  85      X       71.400     83.000     72.350     85.850
  86      X       71.950    105.150     72.300    106.075
  87      X       71.950    125.350     72.300    127.450
  88      X       72.050    140.000     72.400    143.100
  89      X       72.450    100.400     72.800    101.500
  90      X       72.850    140.250     73.800    143.100
  91      X       73.000    105.550     73.350    106.600
  92      X       73.250    100.400     73.600    101.500
  93      X       73.300    119.450     74.250    122.300
  94      X       73.400    125.350     73.750    127.450
  95      X       73.500    161.225     73.850    162.775
  96      X       74.700    119.200     75.050    122.300
  97      X       74.850    161.225     75.200    162.775
  98      X       75.250    103.800     75.600    104.900
  99      X       75.550     99.000     75.900     99.700
 100      X       76.050    103.800     76.400    104.900
 101      X       76.050    119.200     76.400    122.300
 102      X       76.150    125.950     76.500    126.875
 103      X       76.150    146.750     76.500    147.675
 104      X       76.200    161.050     76.550    163.850
 105      X       76.350     99.000     76.700     99.700
 106      X       76.450    140.250     76.800    141.025
 107      X       77.200    126.350     77.550    127.400
 108      X       77.200    147.150     77.550    148.200
 109      X       77.400    119.450     78.350    122.300
 110      X       77.500    140.250     77.850    143.050
 111      X       77.550     83.050     77.900     85.850
 112      X       77.550    161.050     77.900    163.850
 113      X       78.000     99.600     78.350    100.750
 114      X       78.350    105.600     78.700    106.300
 115      X       78.900     83.050     79.250     85.850
 116      X       78.900    161.050     79.250    163.850
 117      X       79.150    105.600     79.500    106.300
 118      X       79.450     99.600     79.800    100.750
 119      X       79.450    124.600     79.800    125.700
 120      X       79.450    145.400     79.800    146.500
 121      X       80.250     83.050     80.600     85.850
 122      X       80.250    124.600     80.600    125.700
 123      X       80.250    145.400     80.600    146.500
 124      X       80.250    161.050     80.600    163.850
 125      X       80.350    120.100     80.700    120.800
 126      X       80.350    140.900     80.700    141.600
 127      X       80.800    104.550     81.150    105.700
 128      X       80.900     99.600     81.250    100.750
 129      X       81.650     83.050     82.000     85.850
 130      X       81.800    120.100     82.150    121.500
 131      X       81.800    140.900     82.150    142.300
 132      X       82.250    104.550     82.600    105.700
 133      X       82.350     99.450     82.700    100.300
 134      X       82.550    126.400     82.900    127.100
 135      X       82.550    147.200     82.900    147.900
 136      X       83.150    161.050     84.100    163.900
 137      X       83.350    126.400     83.700    127.100
 138      X       83.350    147.200     83.700    147.900
 139      X       83.500     99.450     83.850    100.300
 140      X       83.700    104.550     84.050    105.700
 141      X       83.950    161.050     84.900    163.900
 142      X       84.600    140.250     85.550    143.100
 143      X       85.000    125.350     85.350    126.500
 144      X       85.000    146.150     85.350    147.300
 145      X       85.150    105.000     85.500    105.850
 146      X       85.400    140.250     86.350    143.100
 147      X       86.300    105.000     86.650    105.850
 148      X       86.450    125.350     86.800    126.500
 149      X       86.450    146.150     86.800    147.300
 150      X       87.350     83.050     87.700     85.850
 151      X       87.900    125.350     88.250    126.500
 152      X       87.900    146.150     88.250    147.300
 153      X       88.700     83.050     89.050     85.850
 154      X       88.750    100.050     89.100    100.750
 155      X       88.750    140.900     89.100    141.600
 156      X       88.800    119.450     89.750    122.300
 157      X       89.350    125.800     89.700    126.650
 158      X       89.350    146.600     89.700    147.450
 159      X       89.600    119.450     90.550    122.300
 160      X       90.050     83.050     90.400     85.850
 161      X       90.150    161.050     90.500    163.150
 162      X       90.200    100.050     90.550    100.750
 163      X       90.200    140.900     90.550    143.000
 164      X       90.500    125.800     90.850    126.650
 165      X       90.500    146.600     90.850    147.450
 166      X       91.450     83.050     91.800     85.850
 167      X       91.550    104.550     91.900    105.250
 168      X       91.600    161.050     91.950    163.150
 169      X       92.950    140.900     93.300    141.600
 170      X       93.000    104.550     93.350    105.250
 171      X       93.575    119.450     95.575    121.050
 172      X       94.400    140.900     94.750    142.300
 173      X       94.850    162.325     95.200    163.525
 174      X       95.650    162.325     96.000    163.525
 175      X       95.750     98.650     96.100    101.450
 176      X       95.750    103.850     96.100    106.175
 177      X       95.750    125.350     96.100    126.050
 178      X       95.750    146.150     96.100    146.850
 179      X       95.825     84.400     96.175     85.200
 180      X       96.575    119.450     98.575    121.050
 181      X       97.100     98.650     97.450    101.450
 182      X       97.100    161.900     97.450    163.100
 183      X       97.150    103.850     97.500    106.650
 184      X       97.150    140.250     97.500    143.050
 185      X       97.200    125.350     97.550    126.050
 186      X       97.200    146.150     97.550    146.850
 187      X       97.225     83.700     99.225     85.300
 188      X       98.450     98.650     98.800    101.450
 189      X       98.500    103.850     98.850    106.650
 190      X       98.500    140.250     98.850    143.050
 191      X       98.550    162.000     98.900    163.100
 192      X       99.575    119.450    101.575    121.050
 193      X       99.850     98.650    100.200    101.450
 194      X       99.850    103.850    100.200    106.650
 195      X       99.850    140.250    100.200    143.050
 196      X      100.000    162.500    100.350    163.600
 197      X      101.250    140.250    101.600    143.050
 198      X      101.525     84.250    103.525     85.850
 199      X      103.875    120.000    105.875    121.600
 200      X      104.300    140.250    104.650    143.050
 201      X      104.525     84.250    106.525     85.850
 202      X      105.550     98.975    105.900    100.150
 203      X      105.650    140.250    106.000    143.050
 204      X      106.550    161.050    107.500    163.900
 205      X      106.925    120.100    107.275    120.900
 206      X      106.950    125.950    107.300    126.875
 207      X      106.950    146.750    107.300    147.675
 208      X      107.000    140.250    107.350    143.050
 209      X      107.100     99.350    107.450    101.450
 210      X      107.525     84.250    109.525     85.850
 211      X      108.000    126.350    108.350    127.400
 212      X      108.000    147.150    108.350    148.200
 213      X      108.400    140.725    108.750    143.050
 214      X      108.450     99.350    108.800    101.450
 215      X      108.500    160.800    108.850    163.900
 216      X      109.750    105.150    110.100    106.075
 217      X      109.750    119.775    110.100    120.950
 218      X      109.850    160.800    110.200    163.900
 219      X      110.250    124.600    110.600    125.700
 220      X      110.250    145.400    110.600    146.500
 221      X      110.650    161.050    111.600    163.900
 222      X      110.800    105.550    111.150    106.600
 223      X      111.050    124.600    111.400    125.700
 224      X      111.050    145.400    111.400    146.500
 225      X      111.150    140.900    111.500    141.600
 226      X      111.300    120.150    111.650    122.250
 227      X      112.500     83.000    115.800     85.800
 228      X      112.550     98.650    112.900    101.450
 229      X      112.600    140.900    112.950    142.300
 230      X      112.650    120.150    113.000    122.250
 231      X      113.050    103.800    113.400    104.900
 232      X      113.350    126.400    113.700    127.100
 233      X      113.350    147.200    113.700    147.900
 234      X      113.850    103.800    114.200    104.900
 235      X      113.900     98.650    114.250    101.450
 236      X      114.150    126.400    114.500    127.100
 237      X      114.150    147.200    114.500    147.900
 238      X      115.250     98.650    115.600    101.450
 239      X      115.350    119.450    116.300    122.300
 240      X      115.350    140.250    116.300    143.100
 241      X      115.800    125.350    116.150    126.500
 242      X      115.800    146.150    116.150    147.300
 243      X      116.150    105.600    116.500    106.300
 244      X      116.150    119.450    117.100    122.300
 245      X      116.150    140.250    117.100    143.100
 246      X      116.650     98.650    117.000    101.450
 247      X      116.750    161.050    117.700    163.900
 248      X      116.950    105.600    117.300    106.300
 249      X      117.250    125.350    117.600    126.500
 250      X      117.250    146.150    117.600    147.300
 251      X      117.550    161.050    118.500    163.900
 252      X      118.300     83.050    118.650     85.850
 253      X      118.600    104.550    118.950    105.700
 254      X      118.700    125.350    119.050    126.500
 255      X      118.700    146.150    119.050    147.300
 256      X      119.625    140.900    119.975    141.700
 257      X      119.700     83.050    120.050     85.850
 258      X      120.050    104.550    120.400    105.700
 259      X      120.150    125.800    120.500    126.650
 260      X      120.150    146.600    120.500    147.450
 261      X      120.950     99.225    121.300    100.150
 262      X      120.950    120.100    121.300    120.800
 263      X      120.950    161.700    121.300    162.400
 264      X      121.025    140.800    123.025    142.400
 265      X      121.050     83.050    121.400     85.850
 266      X      121.300    125.800    121.650    126.650
 267      X      121.300    146.600    121.650    147.450
 268      X      121.500    104.550    121.850    105.700
 269      X      122.000     98.700    122.350     99.750
 270      X      122.400     83.050    122.750     85.850
 271      X      122.400    120.100    122.750    121.500
 272      X      122.400    161.700    122.750    163.100
 273      X      122.950    105.000    123.300    105.850
 274      X      124.100    105.000    124.450    105.850
 275      X      124.250    100.400    124.600    101.500
 276      X      125.050    100.400    125.400    101.500
 277      X      125.150     84.500    125.500     85.200
 278      X      125.150    119.450    126.100    122.300
 279      X      125.150    161.700    125.500    162.400
 280      X      125.325    140.250    127.325    141.850
 281      X      125.950    119.450    126.900    122.300
 282      X      126.550    125.350    126.900    126.050
 283      X      126.550    146.150    126.900    146.850
 284      X      126.600     83.800    126.950     85.200
 285      X      126.600    161.700    126.950    163.100
 286      X      127.350     99.000    127.700     99.700
 287      X      128.000    125.350    128.350    126.050
 288      X      128.000    146.150    128.350    146.850
 289      X      128.150     99.000    128.500     99.700
 290      X      128.325    140.250    130.325    141.850
 291      X      129.350    104.550    129.700    105.250
 292      X      129.350    161.700    129.700    162.400
 293      X      129.400    120.700    129.750    122.250
 294      X      129.800     99.600    130.150    100.750
 295      X      130.750     83.050    131.100     85.850
 296      X      130.800    104.550    131.150    105.250
 297      X      130.800    119.450    131.150    122.250
 298      X      130.800    161.700    131.150    163.100
 299      X      130.900    146.275    131.250    147.675
 300      X      131.250     99.600    131.600    100.750
 301      X      131.325    140.250    133.325    141.850
 302      X      131.950    147.550    132.300    148.250
 303      X      132.100     83.050    132.450     85.850
 304      X      132.150    119.450    132.500    122.250
 305      X      132.700     99.600    133.050    100.750
 306      X      133.450     83.050    133.800     85.850
 307      X      133.550    104.325    133.900    106.650
 308      X      134.150     99.450    134.500    100.300
 309      X      134.850     83.050    135.200     85.850
 310      X      134.950    124.625    135.300    126.950
 311      X      134.950    145.450    135.300    147.775
 312      X      135.000    104.325    135.350    106.650
 313      X      135.300     99.450    135.650    100.300
 314      X      136.350    140.750    136.700    143.100
 315      X      136.350    145.450    136.700    148.250
 316      X      136.350    161.550    136.700    163.900
 317      X      136.400    124.650    136.750    127.450
 318      X      136.450    103.850    136.800    106.650
 319      X      137.700    145.450    138.050    148.250
 320      X      137.750     84.500    138.100     85.200
 321      X      137.750    140.300    138.100    142.650
 322      X      137.750    161.100    138.100    163.450
 323      X      137.800    103.850    138.150    106.650
 324      X      137.800    124.650    138.150    127.450
 325      X      139.050    145.450    139.400    148.250
 326      X      139.100    140.300    139.450    142.650
 327      X      139.100    161.100    139.450    163.450
 328      X      139.200     83.800    139.550     85.200
 329      X      139.250    103.850    139.600    106.650
 330      X      139.250    124.650    139.600    127.450
 331      X      140.550    100.050    140.900    100.750
 332      X      140.550    140.300    140.900    142.650
 333      X      140.550    161.100    140.900    163.450
 334      X      140.600    103.850    140.950    106.650
 335      X      141.950     83.050    142.300     85.850
 336      X      141.950    120.900    142.300    122.000
 337      X      141.950    124.900    142.300    126.000
 338      X      141.950    146.150    142.300    148.250
 339      X      142.000    100.050    142.350    100.750
 340      X      142.050    103.850    142.400    106.650
 341      X      142.950    140.250    144.250    143.100
 342      X      143.300     83.050    143.650     85.850
 343      X      143.350    161.700    143.700    163.250
 344      X      143.400    103.850    143.750    106.650
 345      X      143.400    120.400    143.750    121.500
 346      X      143.400    125.400    143.750    126.500
 347      X      143.400    146.150    143.750    148.250
 348      X      144.650     83.050    145.000     85.850
 349      X      144.800    140.250    145.150    143.050
 350      X      144.800    161.050    145.150    163.850
 351      X      144.850    120.300    145.200    121.500
 352      X      144.850    125.400    145.200    126.600
 353      X      145.750    103.800    146.700    106.650
 354      X      146.050     83.050    146.400     85.850
 355      X      146.200    140.250    146.550    143.050
 356      X      146.200    161.050    146.550    163.850
 357      X      146.300    120.725    146.650    121.925
 358      X      146.300    124.975    146.650    126.175
 359      X      146.600     99.225    146.950    101.300
 360      X      146.650    145.775    147.000    146.975
 361      X      147.100    120.725    147.450    121.925
 362      X      147.100    124.975    147.450    126.175
 363      X      147.400     99.225    147.750    101.300
 364      X      147.450    145.775    147.800    146.975
 365      X      147.650    140.250    148.000    143.050
 366      X      147.700    103.800    148.050    106.900
 367      X      148.850     99.225    149.200    101.300
 368      X      148.900     83.000    169.000     85.850
 369      X      148.900    146.200    149.250    147.400
 370      X      149.000    140.250    149.350    143.050
 371      X      149.050    103.800    149.400    106.900
 372      X      149.850    103.800    150.800    106.650
 373      X      150.300     99.225    150.650    100.800
 374      X      150.350    119.450    150.700    121.550
 375      X      150.350    125.350    150.700    127.450
 376      X      150.350    146.200    150.700    147.300
 377      X      151.750     99.225    152.100    100.800
 378      X      151.800    119.450    152.150    121.550
 379      X      151.800    125.350    152.150    127.450
 380      X      151.800    145.700    152.150    146.800
 381      X      152.000    161.050    152.350    161.750
 382      X      153.050    161.625    153.400    163.025
 383      X      153.225    105.200    153.575    106.000
 384      X      154.550     99.300    154.900    100.850
 385      X      154.550    119.925    154.900    122.250
 386      X      154.625    104.500    156.625    106.100
 387      X      154.625    126.000    154.975    126.800
 388      X      154.625    146.800    154.975    147.600
 389      X      155.950    119.450    156.300    122.250
 390      X      156.000     98.650    156.350    101.450
 391      X      156.025    125.300    158.025    126.900
 392      X      156.025    146.100    158.025    147.700
 393      X      156.100    161.225    156.450    162.775
 394      X      157.300    119.450    157.650    122.250
 395      X      157.400     98.650    157.750    101.450
 396      X      157.450    161.225    157.800    162.775
 397      X      158.650    119.450    159.000    122.250
 398      X      158.800    161.050    159.150    163.850
 399      X      158.925    105.050    160.925    106.650
 400      X      160.100     98.650    169.000    101.500
 401      X      160.150    140.750    160.500    143.075
 402      X      160.150    161.050    160.500    163.850
 403      X      160.325    125.850    162.325    127.450
 404      X      160.325    146.650    162.325    148.250
 405      X      161.500    161.050    161.850    163.850
 406      X      161.550    120.100    161.900    121.650
 407      X      161.600    140.250    161.950    143.050
 408      X      161.925    105.050    163.925    106.650
 409      X      162.850    161.050    163.200    163.850
 410      X      163.000    119.450    163.350    122.250
 411      X      163.000    140.250    163.350    143.050
 412      X      163.325    125.850    165.325    127.450
 413      X      163.325    146.650    165.325    148.250
 414      X      164.400    119.450    164.750    122.250
 415      X      164.450    140.250    164.800    143.050
 416      X      164.925    105.050    166.925    106.650
 417      X      165.700    161.100    169.000    163.900
 418      X      166.325    125.850    168.325    127.450
 419      X      166.325    146.650    168.325    148.250

--------------------------------------------------------------------------------
Cell Name : ICP_HV layout IOLIB_HV_4M

                   Cell Errors    Real Errors   Cell Placements     Environments
                            16             16                 3                1
--------------------------------------------------------------------------------
Env.  Env. Placements            X1           Y1          X2           Y2

  1        3                899.875      949.650     977.125     1015.650

Shape               Environments Status & Error Marker 

          1           X1         Y1         X2         Y2

   1      X       11.375    181.100     11.925    247.100
   2      X       15.975    181.100     16.525    247.100
   3      X       21.675    181.100     22.225    247.100
   4      X       26.275    181.100     26.825    247.100
   5      X       31.975    181.100     32.525    247.100
   6      X       36.575    181.100     37.125    247.100
   7      X       42.275    181.100     42.825    247.100
   8      X       46.875    181.100     47.425    247.100
   9      X       52.575    181.100     53.125    247.100
  10      X       57.175    181.100     57.725    247.100
  11      X       62.875    181.100     63.425    247.100
  12      X       67.475    181.100     68.025    247.100
  13      X       73.175    181.100     73.725    247.100
  14      X       77.775    181.100     78.325    247.100
  15      X       83.475    181.100     84.025    247.100
  16      X       88.075    181.100     88.625    247.100

--------------------------------------------------------------------------------
Cell Name : BU2P_HV layout IOLIB_HV_4M

                   Cell Errors    Real Errors   Cell Placements     Environments
                            16             16                 3                1
--------------------------------------------------------------------------------
Env.  Env. Placements            X1           Y1          X2           Y2

  1        3               1349.875      949.650    1427.125     1015.650

Shape               Environments Status & Error Marker 

          1           X1         Y1         X2         Y2

   1      X       11.375    181.100     11.925    247.100
   2      X       15.975    181.100     16.525    247.100
   3      X       21.675    181.100     22.225    247.100
   4      X       26.275    181.100     26.825    247.100
   5      X       31.975    181.100     32.525    247.100
   6      X       36.575    181.100     37.125    247.100
   7      X       42.275    181.100     42.825    247.100
   8      X       46.875    181.100     47.425    247.100
   9      X       52.575    181.100     53.125    247.100
  10      X       57.175    181.100     57.725    247.100
  11      X       62.875    181.100     63.425    247.100
  12      X       67.475    181.100     68.025    247.100
  13      X       73.175    181.100     73.725    247.100
  14      X       77.775    181.100     78.325    247.100
  15      X       83.475    181.100     84.025    247.100
  16      X       88.075    181.100     88.625    247.100

--------------------------------------------------------------------------------
Cell Name : top layout MINIMAL_TOP

                   Cell Errors    Real Errors   Cell Placements     Environments
                            30             30                 1                1
--------------------------------------------------------------------------------
Env.  Env. Placements            X1           Y1          X2           Y2

  1        1                899.875      605.150    1731.025     1015.650

Shape               Environments Status & Error Marker 

          1           X1         Y1         X2         Y2

   1      X      906.425    856.750    906.775    863.450
   2      X      909.875    856.950    910.225    863.450
   3      X      911.575    856.950    911.925    863.450
   4      X      913.275    856.950    913.625    863.450
   5      X      914.975    856.950    915.325    863.450
   6      X     1056.425    856.750   1056.775    863.450
   7      X     1059.875    856.950   1060.225    863.450
   8      X     1061.575    856.950   1061.925    863.450
   9      X     1063.275    856.950   1063.625    863.450
  10      X     1064.975    856.950   1065.325    863.450
  11      X     1206.425    856.750   1206.775    863.450
  12      X     1209.875    856.950   1210.225    863.450
  13      X     1211.575    856.950   1211.925    863.450
  14      X     1213.275    856.950   1213.625    863.450
  15      X     1214.975    856.950   1215.325    863.450
  16      X     1423.475    906.500   1423.825    918.500
  17      X     1425.175    906.500   1425.525    918.500
  18      X     1427.075    906.500   1427.425    912.500
  19      X     1428.775    906.500   1429.125    912.500
  20      X     1430.675    906.500   1431.025    912.500
  21      X     1573.475    906.500   1573.825    918.500
  22      X     1575.175    906.500   1575.525    918.500
  23      X     1577.075    906.500   1577.425    912.500
  24      X     1578.775    906.500   1579.125    912.500
  25      X     1580.675    906.500   1581.025    912.500
  26      X     1723.475    906.500   1723.825    918.500
  27      X     1725.175    906.500   1725.525    918.500
  28      X     1727.075    906.500   1727.425    912.500
  29      X     1728.775    906.500   1729.125    912.500
  30      X     1730.675    906.500   1731.025    912.500

================================================================================
Rule No. 2085 : NMOSI  R1 Element Rule : isoVoltage  text string missing

Real Error Count : 168; Flat Error Count : 513
================================================================================

--------------------------------------------------------------------------------
Cell Name : NOR2X4_DCV_HV layout CORELIBD_DCV_HV

                   Cell Errors    Real Errors   Cell Placements     Environments
                             2              2                 8                1
--------------------------------------------------------------------------------
Env.  Env. Placements            X1           Y1          X2           Y2

  1        8               1064.950      611.100    1066.750      612.700

Shape               Environments Status & Error Marker 

          1           X1         Y1         X2         Y2

   1      X        1.200      1.700      1.550      3.300
   2      X        2.650      1.700      3.000      3.300

--------------------------------------------------------------------------------
Cell Name : INVX16_DCV_HV layout CORELIBD_DCV_HV

                   Cell Errors    Real Errors   Cell Placements     Environments
                             3              3                 8                1
--------------------------------------------------------------------------------
Env.  Env. Placements            X1           Y1          X2           Y2

  1        8               1071.950      610.550    1075.000      612.675

Shape               Environments Status & Error Marker 

          1           X1         Y1         X2         Y2

   1      X        1.200      1.725      1.550      3.850
   2      X        2.550      1.725      2.900      3.850
   3      X        3.900      1.725      4.250      3.850

--------------------------------------------------------------------------------
Cell Name : HAX3_DCV_HV layout CORELIBD_DCV_HV

                   Cell Errors    Real Errors   Cell Placements     Environments
                             7              7                 6                1
--------------------------------------------------------------------------------
Env.  Env. Placements            X1           Y1          X2           Y2

  1        6               1049.550      637.050    1059.750      639.050

Shape               Environments Status & Error Marker 

          1           X1         Y1         X2         Y2

   1      X        1.200      1.875      1.550      2.550
   2      X        2.000      1.875      2.350      2.550
   3      X        3.450      1.850      3.800      2.550
   4      X        4.600      2.300      4.950      3.000
   5      X        6.850      2.300      7.200      3.000
   6      X        9.600      2.650      9.950      3.850
   7      X       11.050      2.650     11.400      3.850

--------------------------------------------------------------------------------
Cell Name : FILLCAPX8_DCV_HV layout CORELIBD_DCV_HV

                   Cell Errors    Real Errors   Cell Placements     Environments
                             1              1                 4                1
--------------------------------------------------------------------------------
Env.  Env. Placements            X1           Y1          X2           Y2

  1        4               1154.125      616.300    1163.925      617.550

Shape               Environments Status & Error Marker 

          1           X1         Y1         X2         Y2

   1      X        0.775      1.900     10.575      3.150

--------------------------------------------------------------------------------
Cell Name : FILLCAPX4_DCV_HV layout CORELIBD_DCV_HV

                   Cell Errors    Real Errors   Cell Placements     Environments
                             1              1                 4                1
--------------------------------------------------------------------------------
Env.  Env. Placements            X1           Y1          X2           Y2

  1        4               1106.525      611.250    1110.725      612.500

Shape               Environments Status & Error Marker 

          1           X1         Y1         X2         Y2

   1      X        0.775      1.900      4.975      3.150

--------------------------------------------------------------------------------
Cell Name : DLY1X1_DCV_HV layout CORELIBD_DCV_HV

                   Cell Errors    Real Errors   Cell Placements     Environments
                             4              4                 7                1
--------------------------------------------------------------------------------
Env.  Env. Placements            X1           Y1          X2           Y2

  1        7               1048.650      610.400    1057.950      612.350

Shape               Environments Status & Error Marker 

          1           X1         Y1         X2         Y2

   1      X        1.700      2.050      2.050      2.750
   2      X        3.150      2.050      5.150      2.750
   3      X        7.550      2.525      9.550      3.225
   4      X       10.650      2.850     11.000      4.000

--------------------------------------------------------------------------------
Cell Name : DFX1_DCV_HV layout CORELIBD_DCV_HV

                   Cell Errors    Real Errors   Cell Placements     Environments
                            13             13                 8                1
--------------------------------------------------------------------------------
Env.  Env. Placements            X1           Y1          X2           Y2

  1        8               1063.550      616.550    1084.950      618.150

Shape               Environments Status & Error Marker 

          1           X1         Y1         X2         Y2

   1      X        1.200      2.150      1.550      2.650
   2      X        2.650      2.550      3.000      3.050
   3      X        5.000      2.150      5.350      2.650
   4      X        5.800      2.150      6.150      2.650
   5      X        8.050      3.250      8.400      3.750
   6      X        8.850      3.250      9.200      3.750
   7      X        9.900      3.250     10.250      3.750
   8      X       12.400      2.750     12.750      3.250
   9      X       14.250      2.750     14.600      3.250
  10      X       15.700      2.550     16.050      3.050
  11      X       16.750      2.550     17.100      3.050
  12      X       21.100      2.350     21.450      2.750
  13      X       22.250      2.350     22.600      2.750

--------------------------------------------------------------------------------
Cell Name : CLKBUFX8_DCV_HV layout CORELIBD_DCV_HV

                   Cell Errors    Real Errors   Cell Placements     Environments
                             3              3                 3                1
--------------------------------------------------------------------------------
Env.  Env. Placements            X1           Y1          X2           Y2

  1        3               1148.950      616.750    1152.150      618.350

Shape               Environments Status & Error Marker 

          1           X1         Y1         X2         Y2

   1      X        1.200      2.400      1.550      3.300
   2      X        2.600      2.350      2.950      3.950
   3      X        4.050      2.350      4.400      3.950

--------------------------------------------------------------------------------
Cell Name : CLKBUFX2_DCV_HV layout CORELIBD_DCV_HV

                   Cell Errors    Real Errors   Cell Placements     Environments
                             2              2                11                1
--------------------------------------------------------------------------------
Env.  Env. Placements            X1           Y1          X2           Y2

  1       11               1119.550      611.100    1121.350      611.900

Shape               Environments Status & Error Marker 

          1           X1         Y1         X2         Y2

   1      X        1.200      2.900      1.550      3.300
   2      X        2.650      2.500      3.000      3.300

--------------------------------------------------------------------------------
Cell Name : CLKBUFX24_DCV_HV layout CORELIBD_DCV_HV

                   Cell Errors    Real Errors   Cell Placements     Environments
                             7              7                 3                1
--------------------------------------------------------------------------------
Env.  Env. Placements            X1           Y1          X2           Y2

  1        3               1037.000      610.450    1045.750      613.225

Shape               Environments Status & Error Marker 

          1           X1         Y1         X2         Y2

   1      X        2.650      1.175      3.000      3.850
   2      X        4.100      2.350      4.450      3.950
   3      X        5.450      2.350      5.800      3.950
   4      X        6.900      2.350      7.250      3.950
   5      X        8.250      2.350      8.600      3.950
   6      X        9.700      2.350     10.050      3.950
   7      X       11.050      2.350     11.400      3.950

--------------------------------------------------------------------------------
Cell Name : CLKBUFX12_DCV_HV layout CORELIBD_DCV_HV

                   Cell Errors    Real Errors   Cell Placements     Environments
                             4              4                 5                1
--------------------------------------------------------------------------------
Env.  Env. Placements            X1           Y1          X2           Y2

  1        5               1042.550      637.175    1047.150      639.150

Shape               Environments Status & Error Marker 

          1           X1         Y1         X2         Y2

   1      X        1.200      1.975      1.550      3.300
   2      X        2.550      2.350      2.900      3.950
   3      X        4.000      2.350      4.350      3.950
   4      X        5.450      2.350      5.800      3.950

--------------------------------------------------------------------------------
Cell Name : BUFX6_DCV_HV layout CORELIBD_DCV_HV

                   Cell Errors    Real Errors   Cell Placements     Environments
                             2              2                 2                1
--------------------------------------------------------------------------------
Env.  Env. Placements            X1           Y1          X2           Y2

  1        2               1100.300      616.000    1102.250      618.400

Shape               Environments Status & Error Marker 

          1           X1         Y1         X2         Y2

   1      X        1.550      3.325      1.900      4.000
   2      X        3.150      1.600      3.500      4.000

--------------------------------------------------------------------------------
Cell Name : BUFX4_DCV_HV layout CORELIBD_DCV_HV

                   Cell Errors    Real Errors   Cell Placements     Environments
                             2              2                 2                1
--------------------------------------------------------------------------------
Env.  Env. Placements            X1           Y1          X2           Y2

  1        2               1070.550      657.700    1072.350      659.300

Shape               Environments Status & Error Marker 

          1           X1         Y1         X2         Y2

   1      X        1.200      2.500      1.550      2.950
   2      X        2.650      1.700      3.000      3.300

--------------------------------------------------------------------------------
Cell Name : BUFX2_DCV_HV layout CORELIBD_DCV_HV

                   Cell Errors    Real Errors   Cell Placements     Environments
                             2              2                 2                1
--------------------------------------------------------------------------------
Env.  Env. Placements            X1           Y1          X2           Y2

  1        2               1125.300      673.350    1126.700      674.200

Shape               Environments Status & Error Marker 

          1           X1         Y1         X2         Y2

   1      X        1.450      2.600      1.800      3.000
   2      X        2.500      2.650      2.850      3.450

--------------------------------------------------------------------------------
Cell Name : BUFX16_DCV_HV layout CORELIBD_DCV_HV

                   Cell Errors    Real Errors   Cell Placements     Environments
                             4              4                 2                1
--------------------------------------------------------------------------------
Env.  Env. Placements            X1           Y1          X2           Y2

  1        2               1069.250      678.675    1073.650      680.800

Shape               Environments Status & Error Marker 

          1           X1         Y1         X2         Y2

   1      X        2.700      1.875      3.050      3.650
   2      X        4.050      1.875      4.400      4.000
   3      X        5.400      1.875      5.750      4.000
   4      X        6.750      1.875      7.100      4.000

--------------------------------------------------------------------------------
Cell Name : BUFX12_DCV_HV layout CORELIBD_DCV_HV

                   Cell Errors    Real Errors   Cell Placements     Environments
                             3              3                 7                1
--------------------------------------------------------------------------------
Env.  Env. Placements            X1           Y1          X2           Y2

  1        7               1041.150      616.000    1044.375      618.400

Shape               Environments Status & Error Marker 

          1           X1         Y1         X2         Y2

   1      X        1.200      1.600      1.550      2.925
   2      X        2.675      1.600      3.025      4.000
   3      X        4.075      1.600      4.425      4.000

--------------------------------------------------------------------------------
Cell Name : AOI22X4_DCV_HV layout CORELIBD_DCV_HV

                   Cell Errors    Real Errors   Cell Placements     Environments
                             4              4                 5                1
--------------------------------------------------------------------------------
Env.  Env. Placements            X1           Y1          X2           Y2

  1        5               1048.600      615.550    1052.700      617.300

Shape               Environments Status & Error Marker 

          1           X1         Y1         X2         Y2

   1      X        1.250      1.150      1.600      2.900
   2      X        2.050      1.150      2.400      2.900
   3      X        4.200      1.150      4.550      2.900
   4      X        5.000      1.150      5.350      2.900

--------------------------------------------------------------------------------
Cell Name : AOI22X3_DCV_HV layout CORELIBD_DCV_HV

                   Cell Errors    Real Errors   Cell Placements     Environments
                             4              4                 2                1
--------------------------------------------------------------------------------
Env.  Env. Placements            X1           Y1          X2           Y2

  1        2               1130.800      657.625    1134.900      658.950

Shape               Environments Status & Error Marker 

          1           X1         Y1         X2         Y2

   1      X        1.250      1.625      1.600      2.950
   2      X        2.050      1.625      2.400      2.950
   3      X        4.200      1.625      4.550      2.950
   4      X        5.000      1.625      5.350      2.950

--------------------------------------------------------------------------------
Cell Name : core layout MINIMAL_CORE

                   Cell Errors    Real Errors   Cell Placements     Environments
                            25             25                 1                1
--------------------------------------------------------------------------------
Env.  Env. Placements            X1           Y1          X2           Y2

  1        1               1035.125      610.400    1163.925      680.800

Shape               Environments Status & Error Marker 

          1           X1         Y1         X2         Y2

   1      X       53.850    110.150     54.200    110.550
   2      X       55.300    110.150     55.650    110.550
   3      X       56.900    110.150     57.250    110.950
   4      X       58.350    110.075     58.700    110.950
   5      X       59.250    110.075     59.600    110.950
   6      X       67.750    157.275     68.100    157.950
   7      X       69.150    157.000     69.500    158.200
   8      X       70.600    151.250     70.950    152.850
   9      X       70.600    157.000     70.950    158.200
  10      X       88.750    136.750     89.100    137.150
  11      X       90.200    136.200     90.550    137.400
  12      X      129.350    114.900    129.700    115.800
  13      X      130.800    114.900    131.150    116.500
  14      X      132.150    114.900    132.500    116.500
  15      X      143.350    135.375    143.700    137.150
  16      X      144.700    136.200    145.050    137.800
  17      X      146.150    136.200    146.500    137.800
  18      X      146.200     94.200    146.550     95.475
  19      X      147.600    136.200    147.950    137.800
  20      X      147.775     94.200    148.125     95.475
  21      X      148.525     89.100    169.525     90.350
  22      X      149.000    136.225    149.350    137.800
  23      X      149.500     94.200    149.850     95.475
  24      X      150.950     94.525    151.300     95.475
  25      X      151.800     94.525    152.150     95.475

--------------------------------------------------------------------------------
Cell Name : VSUBALLP_HV layout IOLIB_HV_4M

                   Cell Errors    Real Errors   Cell Placements     Environments
                            10             10                 1                1
--------------------------------------------------------------------------------
Env.  Env. Placements            X1           Y1          X2           Y2

  1        1                749.325     1038.150     827.775     1088.150

Shape               Environments Status & Error Marker 

          1           X1         Y1         X2         Y2

   1      X       10.725    108.600     11.275    158.600
   2      X       21.825    108.600     22.375    158.600
   3      X       27.425    108.600     27.975    158.600
   4      X       38.525    108.600     39.075    158.600
   5      X       44.125    108.600     44.675    158.600
   6      X       55.225    108.600     55.775    158.600
   7      X       60.825    108.600     61.375    158.600
   8      X       71.925    108.600     72.475    158.600
   9      X       77.525    108.600     78.075    158.600
  10      X       88.625    108.600     89.175    158.600

--------------------------------------------------------------------------------
Cell Name : VDD3ALLP_HV layout IOLIB_HV_4M

                   Cell Errors    Real Errors   Cell Placements     Environments
                            10             10                 1                1
--------------------------------------------------------------------------------
Env.  Env. Placements            X1           Y1          X2           Y2

  1        1                599.325     1038.150     677.775     1088.150

Shape               Environments Status & Error Marker 

          1           X1         Y1         X2         Y2

   1      X       10.725    108.600     11.275    158.600
   2      X       21.825    108.600     22.375    158.600
   3      X       27.425    108.600     27.975    158.600
   4      X       38.525    108.600     39.075    158.600
   5      X       44.125    108.600     44.675    158.600
   6      X       55.225    108.600     55.775    158.600
   7      X       60.825    108.600     61.375    158.600
   8      X       71.925    108.600     72.475    158.600
   9      X       77.525    108.600     78.075    158.600
  10      X       88.625    108.600     89.175    158.600

--------------------------------------------------------------------------------
Cell Name : ICP_HV layout IOLIB_HV_4M

                   Cell Errors    Real Errors   Cell Placements     Environments
                            12             12                 3                1
--------------------------------------------------------------------------------
Env.  Env. Placements            X1           Y1          X2           Y2

  1        3                899.325      879.650     977.775     1088.150

Shape               Environments Status & Error Marker 

          1           X1         Y1         X2         Y2

   1      X       10.725    108.600     11.275    158.600
   2      X       21.825    108.600     22.375    158.600
   3      X       27.425    108.600     27.975    158.600
   4      X       38.525    108.600     39.075    158.600
   5      X       44.125    108.600     44.675    158.600
   6      X       55.225    108.600     55.775    158.600
   7      X       60.825    108.600     61.375    158.600
   8      X       71.925    108.600     72.475    158.600
   9      X       77.525    108.600     78.075    158.600
  10      X       79.125    309.100     79.475    317.100
  11      X       80.925    311.450     81.275    313.450
  12      X       88.625    108.600     89.175    158.600

--------------------------------------------------------------------------------
Cell Name : GND3ALLP_HV layout IOLIB_HV_4M

                   Cell Errors    Real Errors   Cell Placements     Environments
                            10             10                 1                1
--------------------------------------------------------------------------------
Env.  Env. Placements            X1           Y1          X2           Y2

  1        1                449.325     1038.150     527.775     1088.150

Shape               Environments Status & Error Marker 

          1           X1         Y1         X2         Y2

   1      X       10.725    108.600     11.275    158.600
   2      X       21.825    108.600     22.375    158.600
   3      X       27.425    108.600     27.975    158.600
   4      X       38.525    108.600     39.075    158.600
   5      X       44.125    108.600     44.675    158.600
   6      X       55.225    108.600     55.775    158.600
   7      X       60.825    108.600     61.375    158.600
   8      X       71.925    108.600     72.475    158.600
   9      X       77.525    108.600     78.075    158.600
  10      X       88.625    108.600     89.175    158.600

--------------------------------------------------------------------------------
Cell Name : BU2P_HV layout IOLIB_HV_4M

                   Cell Errors    Real Errors   Cell Placements     Environments
                            13             13                 3                1
--------------------------------------------------------------------------------
Env.  Env. Placements            X1           Y1          X2           Y2

  1        3               1349.325      875.400    1431.025     1088.150

Shape               Environments Status & Error Marker 

          1           X1         Y1         X2         Y2

   1      X        7.475    319.350      7.825    321.350
   2      X        9.375    315.350      9.725    321.350
   3      X       10.725    108.600     11.275    158.600
   4      X       13.175    309.350     13.525    321.350
   5      X       21.825    108.600     22.375    158.600
   6      X       27.425    108.600     27.975    158.600
   7      X       38.525    108.600     39.075    158.600
   8      X       44.125    108.600     44.675    158.600
   9      X       55.225    108.600     55.775    158.600
  10      X       60.825    108.600     61.375    158.600
  11      X       71.925    108.600     72.475    158.600
  12      X       77.525    108.600     78.075    158.600
  13      X       88.625    108.600     89.175    158.600

--------------------------------------------------------------------------------
Cell Name : AVDD3ALLP_HV layout IOLIB_ANA_HV_4M

                   Cell Errors    Real Errors   Cell Placements     Environments
                            10             10                 1                1
--------------------------------------------------------------------------------
Env.  Env. Placements            X1           Y1          X2           Y2

  1        1                692.225      182.150     770.675      232.150

Shape               Environments Status & Error Marker 

          1           X1         Y1         X2         Y2

   1      X       10.725    108.600     11.275    158.600
   2      X       21.825    108.600     22.375    158.600
   3      X       27.425    108.600     27.975    158.600
   4      X       38.525    108.600     39.075    158.600
   5      X       44.125    108.600     44.675    158.600
   6      X       55.225    108.600     55.775    158.600
   7      X       60.825    108.600     61.375    158.600
   8      X       71.925    108.600     72.475    158.600
   9      X       77.525    108.600     78.075    158.600
  10      X       88.625    108.600     89.175    158.600

--------------------------------------------------------------------------------
Cell Name : AGND3ALLP_HV layout IOLIB_ANA_HV_4M

                   Cell Errors    Real Errors   Cell Placements     Environments
                            10             10                 1                1
--------------------------------------------------------------------------------
Env.  Env. Placements            X1           Y1          X2           Y2

  1        1                542.225      182.150     620.675      232.150

Shape               Environments Status & Error Marker 

          1           X1         Y1         X2         Y2

   1      X       10.725    108.600     11.275    158.600
   2      X       21.825    108.600     22.375    158.600
   3      X       27.425    108.600     27.975    158.600
   4      X       38.525    108.600     39.075    158.600
   5      X       44.125    108.600     44.675    158.600
   6      X       55.225    108.600     55.775    158.600
   7      X       60.825    108.600     61.375    158.600
   8      X       71.925    108.600     72.475    158.600
   9      X       77.525    108.600     78.075    158.600
  10      X       88.625    108.600     89.175    158.600

================================================================================
Rule No. 2338 : PO_R_1 Minimum density of POLY1 area [%] Density = total poly layer area / chip area Recommended dummy structures are 5um * 2um rectangles with 2um spacing. They should not be placed on active devices. = 14

Real Error Count : 1; Flat Error Count : 2
================================================================================

--------------------------------------------------------------------------------
Cell Name : top layout MINIMAL_TOP

                   Cell Errors    Real Errors   Cell Placements     Environments
                             2              1                 1                1
--------------------------------------------------------------------------------
Env.  Env. Placements            X1           Y1          X2           Y2

  1        1                 42.800       39.450    2220.200     1230.850

Shape               Environments Status & Error Marker 

          1           X1         Y1         X2         Y2

   1      X       42.800     39.450   2220.200   1230.850

================================================================================
Rule No. 2400 : M2_R_1 Minimum density of MET2 area [%] = 30

Real Error Count : 1; Flat Error Count : 2
================================================================================

--------------------------------------------------------------------------------
Cell Name : top layout MINIMAL_TOP

                   Cell Errors    Real Errors   Cell Placements     Environments
                             2              1                 1                1
--------------------------------------------------------------------------------
Env.  Env. Placements            X1           Y1          X2           Y2

  1        1                 42.800       39.450    2220.200     1230.850

Shape               Environments Status & Error Marker 

          1           X1         Y1         X2         Y2

   1      X       42.800     39.450   2220.200   1230.850

================================================================================
Rule No. 2588 : AMW0 Maximum METx width = 35 metal2

Real Error Count : 1; Flat Error Count : 1
================================================================================

--------------------------------------------------------------------------------
Cell Name : top layout MINIMAL_TOP

                   Cell Errors    Real Errors   Cell Placements     Environments
                             1              1                 1                1
--------------------------------------------------------------------------------
Env.  Env. Placements            X1           Y1          X2           Y2

  1        1                716.900      418.150     758.200      555.450

Shape               Environments Status & Error Marker 

          1           X1         Y1         X2         Y2

   1      X      716.900    418.150    758.200    555.450

================================================================================
Rule No. 2589 : AMW0 Maximum METx width = 35 metal3

Real Error Count : 11; Flat Error Count : 15
================================================================================

--------------------------------------------------------------------------------
Cell Name : PWRCUT_DIG_P_DXS_HV layout IOLIB_HV_4M

                   Cell Errors    Real Errors   Cell Placements     Environments
                             4              4                 2                1
--------------------------------------------------------------------------------
Env.  Env. Placements            X1           Y1          X2           Y2

  1        2                438.500      173.500     531.500      404.550

Shape               Environments Status & Error Marker 

          1           X1         Y1         X2         Y2

   1      X        0.000     99.950     46.050    174.650
   2      X        0.950    289.600     46.100    331.000
   3      X       46.900    289.600     92.050    331.000
   4      X       46.950     99.950     93.000    174.650

--------------------------------------------------------------------------------
Cell Name : top layout MINIMAL_TOP

                   Cell Errors    Real Errors   Cell Placements     Environments
                             7              7                 1                1
--------------------------------------------------------------------------------
Env.  Env. Placements            X1           Y1          X2           Y2

  1        1                426.500      156.350    1836.500     1113.950

Shape               Environments Status & Error Marker 

          1           X1         Y1         X2         Y2

   1      X      426.500    173.500    484.550    248.200
   2      X      444.000   1072.900    533.000   1113.950
   3      X      485.450    156.350    626.000    248.200
   4      X     1216.500    173.500   1277.550    248.200
   5      X     1278.450    173.500   1339.500    248.200
   6      X     1778.500    944.500   1836.500   1019.200
   7      X     1778.500   1022.100   1836.500   1096.800

================================================================================
Rule No. 2590 : AMW0 Maximum METx width = 35 metal4

Real Error Count : 10; Flat Error Count : 14
================================================================================

--------------------------------------------------------------------------------
Cell Name : PWRCUT_DIG_P_DXS_HV layout IOLIB_HV_4M

                   Cell Errors    Real Errors   Cell Placements     Environments
                             4              4                 2                1
--------------------------------------------------------------------------------
Env.  Env. Placements            X1           Y1          X2           Y2

  1        2                438.500      174.400     531.500      404.050

Shape               Environments Status & Error Marker 

          1           X1         Y1         X2         Y2

   1      X        0.000    100.850     45.450    173.750
   2      X        1.450    290.100     45.450    330.500
   3      X       47.550    100.850     93.000    173.750
   4      X       47.550    290.100     91.550    330.500

--------------------------------------------------------------------------------
Cell Name : top layout MINIMAL_TOP

                   Cell Errors    Real Errors   Cell Placements     Environments
                             6              6                 1                1
--------------------------------------------------------------------------------
Env.  Env. Placements            X1           Y1          X2           Y2

  1        1                426.500      174.400    1836.750     1095.900

Shape               Environments Status & Error Marker 

          1           X1         Y1         X2         Y2

   1      X      426.500    174.400    483.950    247.300
   2      X      486.050    174.400    541.500    247.300
   3      X     1221.500    174.400   1276.950    247.300
   4      X     1279.050    174.400   1334.500    247.300
   5      X     1778.500    945.400   1836.750   1018.300
   6      X     1778.500   1023.000   1836.500   1095.900

================================================================================
Rule No. 2629 : AMTS1 Maximum MTOP spacing when the width of one or both MTOP shapes is less than 10um. = 10

Real Error Count : 1; Flat Error Count : 1
================================================================================

--------------------------------------------------------------------------------
Cell Name : core layout MINIMAL_CORE

                   Cell Errors    Real Errors   Cell Placements     Environments
                             1              1                 1                1
--------------------------------------------------------------------------------
Env.  Env. Placements            X1           Y1          X2           Y2

  1        1               1000.400      484.350    1226.500      784.750

Shape               Environments Status & Error Marker 

          1           X1         Y1         X2         Y2

   1      X        6.000    -37.800    232.100    262.600

================================================================================
Rule No. 2675 : ERC Warning: floating gate not connected to s/d, pad, pin or resistor

Real Error Count : 50; Flat Error Count : 50
================================================================================

--------------------------------------------------------------------------------
Cell Name : top layout MINIMAL_TOP

                   Cell Errors    Real Errors   Cell Placements     Environments
                            50             50                 1                1
--------------------------------------------------------------------------------
Env.  Env. Placements            X1           Y1          X2           Y2

  1        1                449.325      182.150     827.775     1088.150

Shape               Environments Status & Error Marker 

          1           X1         Y1         X2         Y2

   1      X      449.325   1038.150    449.875   1088.150
   2      X      460.425   1038.150    460.975   1088.150
   3      X      466.025   1038.150    466.575   1088.150
   4      X      477.125   1038.150    477.675   1088.150
   5      X      482.725   1038.150    483.275   1088.150
   6      X      493.825   1038.150    494.375   1088.150
   7      X      499.425   1038.150    499.975   1088.150
   8      X      510.525   1038.150    511.075   1088.150
   9      X      516.125   1038.150    516.675   1088.150
  10      X      527.225   1038.150    527.775   1088.150
  11      X      542.225    182.150    542.775    232.150
  12      X      553.325    182.150    553.875    232.150
  13      X      558.925    182.150    559.475    232.150
  14      X      570.025    182.150    570.575    232.150
  15      X      575.625    182.150    576.175    232.150
  16      X      586.725    182.150    587.275    232.150
  17      X      592.325    182.150    592.875    232.150
  18      X      599.325   1038.150    599.875   1088.150
  19      X      603.425    182.150    603.975    232.150
  20      X      609.025    182.150    609.575    232.150
  21      X      610.425   1038.150    610.975   1088.150
  22      X      616.025   1038.150    616.575   1088.150
  23      X      620.125    182.150    620.675    232.150
  24      X      627.125   1038.150    627.675   1088.150
  25      X      632.725   1038.150    633.275   1088.150
  26      X      643.825   1038.150    644.375   1088.150
  27      X      649.425   1038.150    649.975   1088.150
  28      X      660.525   1038.150    661.075   1088.150
  29      X      666.125   1038.150    666.675   1088.150
  30      X      677.225   1038.150    677.775   1088.150
  31      X      692.225    182.150    692.775    232.150
  32      X      703.325    182.150    703.875    232.150
  33      X      708.925    182.150    709.475    232.150
  34      X      720.025    182.150    720.575    232.150
  35      X      725.625    182.150    726.175    232.150
  36      X      736.725    182.150    737.275    232.150
  37      X      742.325    182.150    742.875    232.150
  38      X      749.325   1038.150    749.875   1088.150
  39      X      753.425    182.150    753.975    232.150
  40      X      759.025    182.150    759.575    232.150
  41      X      760.425   1038.150    760.975   1088.150
  42      X      766.025   1038.150    766.575   1088.150
  43      X      770.125    182.150    770.675    232.150
  44      X      777.125   1038.150    777.675   1088.150
  45      X      782.725   1038.150    783.275   1088.150
  46      X      793.825   1038.150    794.375   1088.150
  47      X      799.425   1038.150    799.975   1088.150
  48      X      810.525   1038.150    811.075   1088.150
  49      X      816.125   1038.150    816.675   1088.150
  50      X      827.225   1038.150    827.775   1088.150

================================================================================
Rule No. 2692 : BAD_PDIFF_MULTCONN_ERC

Real Error Count : 892; Flat Error Count : 892
================================================================================

--------------------------------------------------------------------------------
Cell Name : top layout MINIMAL_TOP

                   Cell Errors    Real Errors   Cell Placements     Environments
                           892            892                 1                1
--------------------------------------------------------------------------------
Env.  Env. Placements            X1           Y1          X2           Y2

  1        1                372.500      369.150    1890.500      952.200

Shape               Environments Status & Error Marker 

          1           X1         Y1         X2         Y2

   1      X      372.500    378.500    372.900    378.900
   2      X      372.500    379.300    372.900    379.700
   3      X      372.500    380.100    372.900    380.500
   4      X      372.500    380.900    372.900    381.300
   5      X      372.500    381.700    372.900    382.100
   6      X      372.500    382.500    372.900    382.900
   7      X      372.500    383.300    372.900    383.700
   8      X      372.500    384.100    372.900    384.500
   9      X      372.500    384.900    372.900    385.300
  10      X      372.500    385.700    372.900    386.100
  11      X      372.500    386.500    372.900    386.900
  12      X      372.500    387.300    372.900    387.700
  13      X      372.500    388.100    372.900    388.500
  14      X      372.500    388.900    372.900    389.300
  15      X      372.500    389.700    372.900    390.100
  16      X      372.500    390.500    372.900    390.900
  17      X      372.500    391.300    372.900    391.700
  18      X      372.500    392.100    372.900    392.500
  19      X      372.500    392.900    372.900    393.300
  20      X      372.500    393.700    372.900    394.100
  21      X      372.500    394.500    372.900    394.900
  22      X      372.500    395.300    372.900    395.700
  23      X      372.500    396.100    372.900    396.500
  24      X      372.500    396.900    372.900    397.300
  25      X      372.500    397.700    372.900    398.100
  26      X      372.500    398.500    372.900    398.900
  27      X      372.500    399.300    372.900    399.700
  28      X      372.500    400.100    372.900    400.500
  29      X      372.500    400.900    372.900    401.300
  30      X      372.500    401.700    372.900    402.100
  31      X      372.500    402.500    372.900    402.900
  32      X      372.500    403.300    372.900    403.700
  33      X      372.500    404.100    372.900    404.500
  34      X      372.500    404.900    372.900    405.300
  35      X      372.500    405.700    372.900    406.100
  36      X      372.500    406.500    372.900    406.900
  37      X      372.500    407.300    372.900    407.700
  38      X      372.500    408.100    372.900    408.500
  39      X      372.500    408.900    372.900    409.300
  40      X      372.500    409.700    372.900    410.100
  41      X      372.500    410.500    372.900    410.900
  42      X      372.500    411.300    372.900    411.700
  43      X      372.500    412.100    372.900    412.500
  44      X      372.500    412.900    372.900    413.300
  45      X      372.500    413.700    372.900    414.100
  46      X      372.500    414.500    372.900    414.900
  47      X      372.500    415.300    372.900    415.700
  48      X      372.500    416.100    372.900    416.500
  49      X      372.500    416.900    372.900    417.300
  50      X      372.500    417.700    372.900    418.100
  51      X      372.500    418.500    372.900    418.900
  52      X      372.500    419.300    372.900    419.700
  53      X      372.500    420.100    372.900    420.500
  54      X      372.500    420.900    372.900    421.300
  55      X      372.500    421.700    372.900    422.100
  56      X      372.500    422.500    372.900    422.900
  57      X      372.500    423.300    372.900    423.700
  58      X      372.500    424.100    372.900    424.500
  59      X      372.500    424.900    372.900    425.300
  60      X      372.500    425.700    372.900    426.100
  61      X      372.500    426.500    372.900    426.900
  62      X      372.500    427.300    372.900    427.700
  63      X      372.500    428.100    372.900    428.500
  64      X      372.500    428.900    372.900    429.300
  65      X      372.500    429.700    372.900    430.100
  66      X      372.500    430.500    372.900    430.900
  67      X      372.500    431.300    372.900    431.700
  68      X      372.500    432.125    372.900    432.525
  69      X      372.500    432.950    372.900    433.350
  70      X      372.500    836.950    372.900    837.350
  71      X      372.500    837.750    372.900    838.150
  72      X      372.500    838.550    372.900    838.950
  73      X      372.500    839.350    372.900    839.750
  74      X      372.500    840.150    372.900    840.550
  75      X      372.500    840.950    372.900    841.350
  76      X      372.500    841.750    372.900    842.150
  77      X      372.500    842.550    372.900    842.950
  78      X      372.500    843.350    372.900    843.750
  79      X      372.500    844.150    372.900    844.550
  80      X      372.500    844.950    372.900    845.350
  81      X      372.500    845.750    372.900    846.150
  82      X      372.500    846.550    372.900    846.950
  83      X      372.500    847.350    372.900    847.750
  84      X      372.500    848.150    372.900    848.550
  85      X      372.500    848.950    372.900    849.350
  86      X      372.500    849.750    372.900    850.150
  87      X      372.500    850.550    372.900    850.950
  88      X      372.500    851.350    372.900    851.750
  89      X      372.500    852.150    372.900    852.550
  90      X      372.500    852.950    372.900    853.350
  91      X      372.500    853.750    372.900    854.150
  92      X      372.500    854.550    372.900    854.950
  93      X      372.500    855.350    372.900    855.750
  94      X      372.500    856.150    372.900    856.550
  95      X      372.500    856.950    372.900    857.350
  96      X      372.500    857.750    372.900    858.150
  97      X      372.500    858.550    372.900    858.950
  98      X      372.500    859.350    372.900    859.750
  99      X      372.500    860.150    372.900    860.550
 100      X      372.500    860.950    372.900    861.350
 101      X      372.500    861.750    372.900    862.150
 102      X      372.500    862.550    372.900    862.950
 103      X      372.500    863.350    372.900    863.750
 104      X      372.500    864.150    372.900    864.550
 105      X      372.500    864.950    372.900    865.350
 106      X      372.500    865.750    372.900    866.150
 107      X      372.500    866.550    372.900    866.950
 108      X      372.500    867.350    372.900    867.750
 109      X      372.500    868.150    372.900    868.550
 110      X      372.500    868.950    372.900    869.350
 111      X      372.500    869.750    372.900    870.150
 112      X      372.500    870.550    372.900    870.950
 113      X      372.500    871.350    372.900    871.750
 114      X      372.500    872.150    372.900    872.550
 115      X      372.500    872.950    372.900    873.350
 116      X      372.500    873.750    372.900    874.150
 117      X      372.500    874.550    372.900    874.950
 118      X      372.500    875.350    372.900    875.750
 119      X      372.500    876.150    372.900    876.550
 120      X      372.500    876.950    372.900    877.350
 121      X      372.500    877.750    372.900    878.150
 122      X      372.500    878.550    372.900    878.950
 123      X      372.500    879.350    372.900    879.750
 124      X      372.500    880.150    372.900    880.550
 125      X      372.500    880.950    372.900    881.350
 126      X      372.500    881.750    372.900    882.150
 127      X      372.500    882.550    372.900    882.950
 128      X      372.500    883.350    372.900    883.750
 129      X      372.500    884.150    372.900    884.550
 130      X      372.500    884.950    372.900    885.350
 131      X      372.500    885.750    372.900    886.150
 132      X      372.500    886.550    372.900    886.950
 133      X      372.500    887.350    372.900    887.750
 134      X      372.500    888.150    372.900    888.550
 135      X      372.500    888.950    372.900    889.350
 136      X      372.500    889.750    372.900    890.150
 137      X      372.500    890.550    372.900    890.950
 138      X      372.500    891.375    372.900    891.775
 139      X      372.500    892.200    372.900    892.600
 140      X      372.850    377.350    373.250    377.750
 141      X      373.350    893.050    373.750    893.450
 142      X      373.900    376.300    374.300    376.700
 143      X      374.250    893.950    374.650    894.350
 144      X      374.800    375.400    375.200    375.800
 145      X      375.150    894.850    375.550    895.250
 146      X      375.700    374.500    376.100    374.900
 147      X      376.050    895.750    376.450    896.150
 148      X      376.600    373.600    377.000    374.000
 149      X      376.950    896.650    377.350    897.050
 150      X      377.500    372.700    377.900    373.100
 151      X      377.850    897.550    378.250    897.950
 152      X      378.400    371.800    378.800    372.200
 153      X      378.750    898.450    379.150    898.850
 154      X      379.300    370.900    379.700    371.300
 155      X      379.650    899.350    380.050    899.750
 156      X      380.200    370.000    380.600    370.400
 157      X      380.700    900.400    381.100    900.800
 158      X      381.050    369.150    381.450    369.550
 159      X      381.850    900.750    382.250    901.150
 160      X      381.875    369.150    382.275    369.550
 161      X      382.650    900.750    383.050    901.150
 162      X      382.700    369.150    383.100    369.550
 163      X      383.450    900.750    383.850    901.150
 164      X      383.500    369.150    383.900    369.550
 165      X      384.250    900.750    384.650    901.150
 166      X      384.300    369.150    384.700    369.550
 167      X      385.050    900.750    385.450    901.150
 168      X      385.100    369.150    385.500    369.550
 169      X      385.850    900.750    386.250    901.150
 170      X      385.900    369.150    386.300    369.550
 171      X      386.650    900.750    387.050    901.150
 172      X      386.700    369.150    387.100    369.550
 173      X      387.450    900.750    387.850    901.150
 174      X      387.500    369.150    387.900    369.550
 175      X      388.250    900.750    388.650    901.150
 176      X      388.300    369.150    388.700    369.550
 177      X      389.050    900.750    389.450    901.150
 178      X      389.100    369.150    389.500    369.550
 179      X      389.850    900.750    390.250    901.150
 180      X      389.900    369.150    390.300    369.550
 181      X      390.650    900.750    391.050    901.150
 182      X      390.700    369.150    391.100    369.550
 183      X      391.450    900.750    391.850    901.150
 184      X      391.500    369.150    391.900    369.550
 185      X      392.250    900.750    392.650    901.150
 186      X      392.300    369.150    392.700    369.550
 187      X      393.050    900.750    393.450    901.150
 188      X      393.100    369.150    393.500    369.550
 189      X      393.850    900.750    394.250    901.150
 190      X      393.900    369.150    394.300    369.550
 191      X      394.650    900.750    395.050    901.150
 192      X      394.700    369.150    395.100    369.550
 193      X      395.450    900.750    395.850    901.150
 194      X      395.500    369.150    395.900    369.550
 195      X      396.250    900.750    396.650    901.150
 196      X      396.300    369.150    396.700    369.550
 197      X      397.050    900.750    397.450    901.150
 198      X      397.100    369.150    397.500    369.550
 199      X      397.850    900.750    398.250    901.150
 200      X      397.900    369.150    398.300    369.550
 201      X      398.650    900.750    399.050    901.150
 202      X      398.700    369.150    399.100    369.550
 203      X      399.450    900.750    399.850    901.150
 204      X      399.500    369.150    399.900    369.550
 205      X      400.250    900.750    400.650    901.150
 206      X      400.300    369.150    400.700    369.550
 207      X      401.050    900.750    401.450    901.150
 208      X      401.100    369.150    401.500    369.550
 209      X      401.500    408.300    401.900    408.700
 210      X      401.500    409.100    401.900    409.500
 211      X      401.500    409.900    401.900    410.300
 212      X      401.500    410.700    401.900    411.100
 213      X      401.500    411.500    401.900    411.900
 214      X      401.500    412.325    401.900    412.725
 215      X      401.500    413.150    401.900    413.550
 216      X      401.500    413.975    401.900    414.375
 217      X      401.500    414.800    401.900    415.200
 218      X      401.500    415.625    401.900    416.025
 219      X      401.500    416.450    401.900    416.850
 220      X      401.500    417.275    401.900    417.675
 221      X      401.500    418.100    401.900    418.500
 222      X      401.500    418.925    401.900    419.325
 223      X      401.500    419.750    401.900    420.150
 224      X      401.500    420.575    401.900    420.975
 225      X      401.500    421.400    401.900    421.800
 226      X      401.500    422.225    401.900    422.625
 227      X      401.500    423.050    401.900    423.450
 228      X      401.500    423.875    401.900    424.275
 229      X      401.500    424.700    401.900    425.100
 230      X      401.500    425.525    401.900    425.925
 231      X      401.500    426.350    401.900    426.750
 232      X      401.500    427.175    401.900    427.575
 233      X      401.500    428.000    401.900    428.400
 234      X      401.500    428.825    401.900    429.225
 235      X      401.500    429.650    401.900    430.050
 236      X      401.500    430.475    401.900    430.875
 237      X      401.500    431.300    401.900    431.700
 238      X      401.500    432.125    401.900    432.525
 239      X      401.500    432.950    401.900    433.350
 240      X      401.500    837.000    401.900    837.400
 241      X      401.500    837.800    401.900    838.200
 242      X      401.500    838.600    401.900    839.000
 243      X      401.500    839.400    401.900    839.800
 244      X      401.500    840.200    401.900    840.600
 245      X      401.500    841.000    401.900    841.400
 246      X      401.500    841.800    401.900    842.200
 247      X      401.500    842.600    401.900    843.000
 248      X      401.500    843.425    401.900    843.825
 249      X      401.500    844.250    401.900    844.650
 250      X      401.500    845.075    401.900    845.475
 251      X      401.500    845.900    401.900    846.300
 252      X      401.500    846.725    401.900    847.125
 253      X      401.500    847.550    401.900    847.950
 254      X      401.500    848.375    401.900    848.775
 255      X      401.500    849.200    401.900    849.600
 256      X      401.500    850.025    401.900    850.425
 257      X      401.500    850.850    401.900    851.250
 258      X      401.500    851.675    401.900    852.075
 259      X      401.500    852.500    401.900    852.900
 260      X      401.500    853.325    401.900    853.725
 261      X      401.500    854.150    401.900    854.550
 262      X      401.500    854.975    401.900    855.375
 263      X      401.500    855.800    401.900    856.200
 264      X      401.500    856.625    401.900    857.025
 265      X      401.500    857.450    401.900    857.850
 266      X      401.500    858.275    401.900    858.675
 267      X      401.500    859.100    401.900    859.500
 268      X      401.500    859.925    401.900    860.325
 269      X      401.500    860.750    401.900    861.150
 270      X      401.500    861.575    401.900    861.975
 271      X      401.500    862.400    401.900    862.800
 272      X      401.850    900.750    402.250    901.150
 273      X      401.900    369.150    402.300    369.550
 274      X      402.000    407.000    402.400    407.400
 275      X      402.600    863.500    403.000    863.900
 276      X      402.650    900.750    403.050    901.150
 277      X      402.700    369.150    403.100    369.550
 278      X      403.050    405.950    403.450    406.350
 279      X      403.450    900.750    403.850    901.150
 280      X      403.500    369.150    403.900    369.550
 281      X      403.700    864.600    404.100    865.000
 282      X      403.950    405.050    404.350    405.450
 283      X      404.250    900.750    404.650    901.150
 284      X      404.300    369.150    404.700    369.550
 285      X      404.800    865.700    405.200    866.100
 286      X      404.850    404.150    405.250    404.550
 287      X      405.050    900.750    405.450    901.150
 288      X      405.100    369.150    405.500    369.550
 289      X      405.700    866.600    406.100    867.000
 290      X      405.750    403.250    406.150    403.650
 291      X      405.850    900.750    406.250    901.150
 292      X      405.900    369.150    406.300    369.550
 293      X      406.600    867.500    407.000    867.900
 294      X      406.650    402.350    407.050    402.750
 295      X      406.650    900.750    407.050    901.150
 296      X      406.700    369.150    407.100    369.550
 297      X      407.450    900.750    407.850    901.150
 298      X      407.500    369.150    407.900    369.550
 299      X      407.500    868.400    407.900    868.800
 300      X      407.550    401.450    407.950    401.850
 301      X      408.250    900.750    408.650    901.150
 302      X      408.300    369.150    408.700    369.550
 303      X      408.400    869.300    408.800    869.700
 304      X      408.650    400.350    409.050    400.750
 305      X      409.050    900.750    409.450    901.150
 306      X      409.100    369.150    409.500    369.550
 307      X      409.300    870.200    409.700    870.600
 308      X      409.750    399.250    410.150    399.650
 309      X      409.850    900.750    410.250    901.150
 310      X      409.900    369.150    410.300    369.550
 311      X      410.350    871.250    410.750    871.650
 312      X      410.650    900.750    411.050    901.150
 313      X      410.700    369.150    411.100    369.550
 314      X      410.850    398.150    411.250    398.550
 315      X      411.450    900.750    411.850    901.150
 316      X      411.500    369.150    411.900    369.550
 317      X      411.650    871.750    412.050    872.150
 318      X      411.675    398.150    412.075    398.550
 319      X      412.250    900.750    412.650    901.150
 320      X      412.300    369.150    412.700    369.550
 321      X      412.450    871.750    412.850    872.150
 322      X      412.500    398.150    412.900    398.550
 323      X      413.050    900.750    413.450    901.150
 324      X      413.100    369.150    413.500    369.550
 325      X      413.250    871.750    413.650    872.150
 326      X      413.325    398.150    413.725    398.550
 327      X      413.850    900.750    414.250    901.150
 328      X      413.900    369.150    414.300    369.550
 329      X      414.050    871.750    414.450    872.150
 330      X      414.150    398.150    414.550    398.550
 331      X      414.650    900.750    415.050    901.150
 332      X      414.700    369.150    415.100    369.550
 333      X      414.850    871.750    415.250    872.150
 334      X      414.975    398.150    415.375    398.550
 335      X      415.450    900.750    415.850    901.150
 336      X      415.500    369.150    415.900    369.550
 337      X      415.675    871.750    416.075    872.150
 338      X      415.800    398.150    416.200    398.550
 339      X      416.250    900.750    416.650    901.150
 340      X      416.300    369.150    416.700    369.550
 341      X      416.500    871.750    416.900    872.150
 342      X      416.625    398.150    417.025    398.550
 343      X      417.050    900.750    417.450    901.150
 344      X      417.100    369.150    417.500    369.550
 345      X      417.325    871.750    417.725    872.150
 346      X      417.450    398.150    417.850    398.550
 347      X      417.850    900.750    418.250    901.150
 348      X      417.900    369.150    418.300    369.550
 349      X      418.150    871.750    418.550    872.150
 350      X      418.275    398.150    418.675    398.550
 351      X      418.650    900.750    419.050    901.150
 352      X      418.700    369.150    419.100    369.550
 353      X      418.975    871.750    419.375    872.150
 354      X      419.100    398.150    419.500    398.550
 355      X      419.450    900.750    419.850    901.150
 356      X      419.500    369.150    419.900    369.550
 357      X      419.800    871.750    420.200    872.150
 358      X      419.925    398.150    420.325    398.550
 359      X      420.250    900.750    420.650    901.150
 360      X      420.300    369.150    420.700    369.550
 361      X      420.625    871.750    421.025    872.150
 362      X      420.750    398.150    421.150    398.550
 363      X      421.050    900.750    421.450    901.150
 364      X      421.100    369.150    421.500    369.550
 365      X      421.450    871.750    421.850    872.150
 366      X      421.575    398.150    421.975    398.550
 367      X      421.850    900.750    422.250    901.150
 368      X      421.900    369.150    422.300    369.550
 369      X      422.275    871.750    422.675    872.150
 370      X      422.400    398.150    422.800    398.550
 371      X      422.650    900.750    423.050    901.150
 372      X      422.700    369.150    423.100    369.550
 373      X      423.100    871.750    423.500    872.150
 374      X      423.225    398.150    423.625    398.550
 375      X      423.450    900.750    423.850    901.150
 376      X      423.500    369.150    423.900    369.550
 377      X      423.925    871.750    424.325    872.150
 378      X      424.050    398.150    424.450    398.550
 379      X      424.250    900.750    424.650    901.150
 380      X      424.300    369.150    424.700    369.550
 381      X      424.750    871.750    425.150    872.150
 382      X      424.875    398.150    425.275    398.550
 383      X      425.050    900.750    425.450    901.150
 384      X      425.100    369.150    425.500    369.550
 385      X      425.575    871.750    425.975    872.150
 386      X      425.700    398.150    426.100    398.550
 387      X      425.850    900.750    426.250    901.150
 388      X      425.900    369.150    426.300    369.550
 389      X      426.400    871.750    426.800    872.150
 390      X      426.525    398.150    426.925    398.550
 391      X      426.650    900.750    427.050    901.150
 392      X      426.700    369.150    427.100    369.550
 393      X      427.225    871.750    427.625    872.150
 394      X      427.350    398.150    427.750    398.550
 395      X      427.450    900.750    427.850    901.150
 396      X      427.500    369.150    427.900    369.550
 397      X      428.050    871.750    428.450    872.150
 398      X      428.175    398.150    428.575    398.550
 399      X      428.250    900.750    428.650    901.150
 400      X      428.300    369.150    428.700    369.550
 401      X      428.875    871.750    429.275    872.150
 402      X      429.000    398.150    429.400    398.550
 403      X      429.050    900.750    429.450    901.150
 404      X      429.100    369.150    429.500    369.550
 405      X      429.700    871.750    430.100    872.150
 406      X      429.825    398.150    430.225    398.550
 407      X      429.850    900.750    430.250    901.150
 408      X      429.900    369.150    430.300    369.550
 409      X      430.525    871.750    430.925    872.150
 410      X      430.650    398.150    431.050    398.550
 411      X      430.650    900.750    431.050    901.150
 412      X      430.700    369.150    431.100    369.550
 413      X      431.350    871.750    431.750    872.150
 414      X      431.450    398.150    431.850    398.550
 415      X      431.450    900.750    431.850    901.150
 416      X      431.500    369.150    431.900    369.550
 417      X      432.175    871.750    432.575    872.150
 418      X      432.250    398.150    432.650    398.550
 419      X      432.250    900.750    432.650    901.150
 420      X      432.300    369.150    432.700    369.550
 421      X      433.000    871.750    433.400    872.150
 422      X      433.050    398.150    433.450    398.550
 423      X      433.050    900.750    433.450    901.150
 424      X      433.100    369.150    433.500    369.550
 425      X      433.825    871.750    434.225    872.150
 426      X      433.850    398.150    434.250    398.550
 427      X      433.850    900.750    434.250    901.150
 428      X      433.900    369.150    434.300    369.550
 429      X      434.650    398.150    435.050    398.550
 430      X      434.650    871.750    435.050    872.150
 431      X      434.650    900.750    435.050    901.150
 432      X      434.700    369.150    435.100    369.550
 433      X      435.450    398.150    435.850    398.550
 434      X      435.475    871.750    435.875    872.150
 435      X      435.475    900.750    435.875    901.150
 436      X      435.500    369.150    435.900    369.550
 437      X      436.250    398.150    436.650    398.550
 438      X      436.300    369.150    436.700    369.550
 439      X      436.300    871.750    436.700    872.150
 440      X      436.300    900.750    436.700    901.150
 441      X      902.250    950.900    902.650    951.300
 442      X      902.250    951.800    902.650    952.200
 443      X     1052.250    950.900   1052.650    951.300
 444      X     1052.250    951.800   1052.650    952.200
 445      X     1202.250    950.900   1202.650    951.300
 446      X     1202.250    951.800   1202.650    952.200
 447      X     1352.250    950.900   1352.650    951.300
 448      X     1352.250    951.800   1352.650    952.200
 449      X     1502.250    950.900   1502.650    951.300
 450      X     1502.250    951.800   1502.650    952.200
 451      X     1652.250    950.900   1652.650    951.300
 452      X     1652.250    951.800   1652.650    952.200
 453      X     1826.300    369.150   1826.700    369.550
 454      X     1826.300    398.150   1826.700    398.550
 455      X     1826.300    900.750   1826.700    901.150
 456      X     1826.350    871.750   1826.750    872.150
 457      X     1827.100    900.750   1827.500    901.150
 458      X     1827.125    369.150   1827.525    369.550
 459      X     1827.125    398.150   1827.525    398.550
 460      X     1827.150    871.750   1827.550    872.150
 461      X     1827.900    900.750   1828.300    901.150
 462      X     1827.950    369.150   1828.350    369.550
 463      X     1827.950    398.150   1828.350    398.550
 464      X     1827.950    871.750   1828.350    872.150
 465      X     1828.700    900.750   1829.100    901.150
 466      X     1828.750    369.150   1829.150    369.550
 467      X     1828.750    871.750   1829.150    872.150
 468      X     1828.775    398.150   1829.175    398.550
 469      X     1829.500    900.750   1829.900    901.150
 470      X     1829.550    369.150   1829.950    369.550
 471      X     1829.550    871.750   1829.950    872.150
 472      X     1829.600    398.150   1830.000    398.550
 473      X     1830.300    900.750   1830.700    901.150
 474      X     1830.350    369.150   1830.750    369.550
 475      X     1830.350    871.750   1830.750    872.150
 476      X     1830.425    398.150   1830.825    398.550
 477      X     1831.100    900.750   1831.500    901.150
 478      X     1831.150    369.150   1831.550    369.550
 479      X     1831.150    871.750   1831.550    872.150
 480      X     1831.250    398.150   1831.650    398.550
 481      X     1831.900    900.750   1832.300    901.150
 482      X     1831.950    369.150   1832.350    369.550
 483      X     1831.950    871.750   1832.350    872.150
 484      X     1832.075    398.150   1832.475    398.550
 485      X     1832.700    900.750   1833.100    901.150
 486      X     1832.750    369.150   1833.150    369.550
 487      X     1832.775    871.750   1833.175    872.150
 488      X     1832.900    398.150   1833.300    398.550
 489      X     1833.500    900.750   1833.900    901.150
 490      X     1833.550    369.150   1833.950    369.550
 491      X     1833.600    871.750   1834.000    872.150
 492      X     1833.725    398.150   1834.125    398.550
 493      X     1834.300    900.750   1834.700    901.150
 494      X     1834.350    369.150   1834.750    369.550
 495      X     1834.425    871.750   1834.825    872.150
 496      X     1834.550    398.150   1834.950    398.550
 497      X     1835.100    900.750   1835.500    901.150
 498      X     1835.150    369.150   1835.550    369.550
 499      X     1835.250    871.750   1835.650    872.150
 500      X     1835.375    398.150   1835.775    398.550
 501      X     1835.900    900.750   1836.300    901.150
 502      X     1835.950    369.150   1836.350    369.550
 503      X     1836.075    871.750   1836.475    872.150
 504      X     1836.200    398.150   1836.600    398.550
 505      X     1836.700    900.750   1837.100    901.150
 506      X     1836.750    369.150   1837.150    369.550
 507      X     1836.900    871.750   1837.300    872.150
 508      X     1837.025    398.150   1837.425    398.550
 509      X     1837.500    900.750   1837.900    901.150
 510      X     1837.550    369.150   1837.950    369.550
 511      X     1837.725    871.750   1838.125    872.150
 512      X     1837.850    398.150   1838.250    398.550
 513      X     1838.300    900.750   1838.700    901.150
 514      X     1838.350    369.150   1838.750    369.550
 515      X     1838.550    871.750   1838.950    872.150
 516      X     1838.675    398.150   1839.075    398.550
 517      X     1839.100    900.750   1839.500    901.150
 518      X     1839.150    369.150   1839.550    369.550
 519      X     1839.375    871.750   1839.775    872.150
 520      X     1839.500    398.150   1839.900    398.550
 521      X     1839.900    900.750   1840.300    901.150
 522      X     1839.950    369.150   1840.350    369.550
 523      X     1840.200    871.750   1840.600    872.150
 524      X     1840.325    398.150   1840.725    398.550
 525      X     1840.700    900.750   1841.100    901.150
 526      X     1840.750    369.150   1841.150    369.550
 527      X     1841.025    871.750   1841.425    872.150
 528      X     1841.150    398.150   1841.550    398.550
 529      X     1841.500    900.750   1841.900    901.150
 530      X     1841.550    369.150   1841.950    369.550
 531      X     1841.850    871.750   1842.250    872.150
 532      X     1841.975    398.150   1842.375    398.550
 533      X     1842.300    900.750   1842.700    901.150
 534      X     1842.350    369.150   1842.750    369.550
 535      X     1842.675    871.750   1843.075    872.150
 536      X     1842.800    398.150   1843.200    398.550
 537      X     1843.100    900.750   1843.500    901.150
 538      X     1843.150    369.150   1843.550    369.550
 539      X     1843.500    871.750   1843.900    872.150
 540      X     1843.625    398.150   1844.025    398.550
 541      X     1843.900    900.750   1844.300    901.150
 542      X     1843.950    369.150   1844.350    369.550
 543      X     1844.325    871.750   1844.725    872.150
 544      X     1844.450    398.150   1844.850    398.550
 545      X     1844.700    900.750   1845.100    901.150
 546      X     1844.750    369.150   1845.150    369.550
 547      X     1845.150    871.750   1845.550    872.150
 548      X     1845.275    398.150   1845.675    398.550
 549      X     1845.500    900.750   1845.900    901.150
 550      X     1845.550    369.150   1845.950    369.550
 551      X     1845.975    871.750   1846.375    872.150
 552      X     1846.100    398.150   1846.500    398.550
 553      X     1846.300    900.750   1846.700    901.150
 554      X     1846.350    369.150   1846.750    369.550
 555      X     1846.800    871.750   1847.200    872.150
 556      X     1846.925    398.150   1847.325    398.550
 557      X     1847.100    900.750   1847.500    901.150
 558      X     1847.150    369.150   1847.550    369.550
 559      X     1847.625    871.750   1848.025    872.150
 560      X     1847.750    398.150   1848.150    398.550
 561      X     1847.900    900.750   1848.300    901.150
 562      X     1847.950    369.150   1848.350    369.550
 563      X     1848.450    871.750   1848.850    872.150
 564      X     1848.550    398.150   1848.950    398.550
 565      X     1848.700    900.750   1849.100    901.150
 566      X     1848.750    369.150   1849.150    369.550
 567      X     1849.275    871.750   1849.675    872.150
 568      X     1849.350    398.150   1849.750    398.550
 569      X     1849.500    900.750   1849.900    901.150
 570      X     1849.550    369.150   1849.950    369.550
 571      X     1850.100    871.750   1850.500    872.150
 572      X     1850.150    398.150   1850.550    398.550
 573      X     1850.300    900.750   1850.700    901.150
 574      X     1850.350    369.150   1850.750    369.550
 575      X     1850.925    871.750   1851.325    872.150
 576      X     1850.950    398.150   1851.350    398.550
 577      X     1851.100    900.750   1851.500    901.150
 578      X     1851.150    369.150   1851.550    369.550
 579      X     1851.750    871.750   1852.150    872.150
 580      X     1851.900    900.750   1852.300    901.150
 581      X     1851.950    369.150   1852.350    369.550
 582      X     1852.250    398.650   1852.650    399.050
 583      X     1852.700    900.750   1853.100    901.150
 584      X     1852.750    369.150   1853.150    369.550
 585      X     1852.850    870.650   1853.250    871.050
 586      X     1853.300    399.700   1853.700    400.100
 587      X     1853.500    900.750   1853.900    901.150
 588      X     1853.550    369.150   1853.950    369.550
 589      X     1853.950    869.550   1854.350    869.950
 590      X     1854.200    400.600   1854.600    401.000
 591      X     1854.300    900.750   1854.700    901.150
 592      X     1854.350    369.150   1854.750    369.550
 593      X     1855.050    868.450   1855.450    868.850
 594      X     1855.100    401.500   1855.500    401.900
 595      X     1855.100    900.750   1855.500    901.150
 596      X     1855.150    369.150   1855.550    369.550
 597      X     1855.900    900.750   1856.300    901.150
 598      X     1855.950    369.150   1856.350    369.550
 599      X     1855.950    867.550   1856.350    867.950
 600      X     1856.000    402.400   1856.400    402.800
 601      X     1856.700    900.750   1857.100    901.150
 602      X     1856.750    369.150   1857.150    369.550
 603      X     1856.850    866.650   1857.250    867.050
 604      X     1856.900    403.300   1857.300    403.700
 605      X     1857.500    900.750   1857.900    901.150
 606      X     1857.550    369.150   1857.950    369.550
 607      X     1857.750    865.750   1858.150    866.150
 608      X     1857.800    404.200   1858.200    404.600
 609      X     1858.300    900.750   1858.700    901.150
 610      X     1858.350    369.150   1858.750    369.550
 611      X     1858.650    864.850   1859.050    865.250
 612      X     1858.900    405.300   1859.300    405.700
 613      X     1859.100    900.750   1859.500    901.150
 614      X     1859.150    369.150   1859.550    369.550
 615      X     1859.550    863.950   1859.950    864.350
 616      X     1859.900    900.750   1860.300    901.150
 617      X     1859.950    369.150   1860.350    369.550
 618      X     1860.000    406.400   1860.400    406.800
 619      X     1860.600    862.900   1861.000    863.300
 620      X     1860.700    900.750   1861.100    901.150
 621      X     1860.750    369.150   1861.150    369.550
 622      X     1861.100    407.500   1861.500    407.900
 623      X     1861.100    408.325   1861.500    408.725
 624      X     1861.100    409.150   1861.500    409.550
 625      X     1861.100    409.975   1861.500    410.375
 626      X     1861.100    410.800   1861.500    411.200
 627      X     1861.100    411.625   1861.500    412.025
 628      X     1861.100    412.450   1861.500    412.850
 629      X     1861.100    413.275   1861.500    413.675
 630      X     1861.100    414.100   1861.500    414.500
 631      X     1861.100    414.925   1861.500    415.325
 632      X     1861.100    415.750   1861.500    416.150
 633      X     1861.100    416.575   1861.500    416.975
 634      X     1861.100    417.400   1861.500    417.800
 635      X     1861.100    418.225   1861.500    418.625
 636      X     1861.100    419.050   1861.500    419.450
 637      X     1861.100    419.875   1861.500    420.275
 638      X     1861.100    420.700   1861.500    421.100
 639      X     1861.100    421.525   1861.500    421.925
 640      X     1861.100    422.350   1861.500    422.750
 641      X     1861.100    423.175   1861.500    423.575
 642      X     1861.100    424.000   1861.500    424.400
 643      X     1861.100    424.825   1861.500    425.225
 644      X     1861.100    425.650   1861.500    426.050
 645      X     1861.100    426.475   1861.500    426.875
 646      X     1861.100    427.300   1861.500    427.700
 647      X     1861.100    428.100   1861.500    428.500
 648      X     1861.100    428.900   1861.500    429.300
 649      X     1861.100    429.700   1861.500    430.100
 650      X     1861.100    430.500   1861.500    430.900
 651      X     1861.100    431.300   1861.500    431.700
 652      X     1861.100    432.100   1861.500    432.500
 653      X     1861.100    432.900   1861.500    433.300
 654      X     1861.100    836.950   1861.500    837.350
 655      X     1861.100    837.775   1861.500    838.175
 656      X     1861.100    838.600   1861.500    839.000
 657      X     1861.100    839.425   1861.500    839.825
 658      X     1861.100    840.250   1861.500    840.650
 659      X     1861.100    841.075   1861.500    841.475
 660      X     1861.100    841.900   1861.500    842.300
 661      X     1861.100    842.725   1861.500    843.125
 662      X     1861.100    843.550   1861.500    843.950
 663      X     1861.100    844.375   1861.500    844.775
 664      X     1861.100    845.200   1861.500    845.600
 665      X     1861.100    846.025   1861.500    846.425
 666      X     1861.100    846.850   1861.500    847.250
 667      X     1861.100    847.675   1861.500    848.075
 668      X     1861.100    848.500   1861.500    848.900
 669      X     1861.100    849.325   1861.500    849.725
 670      X     1861.100    850.150   1861.500    850.550
 671      X     1861.100    850.975   1861.500    851.375
 672      X     1861.100    851.800   1861.500    852.200
 673      X     1861.100    852.625   1861.500    853.025
 674      X     1861.100    853.450   1861.500    853.850
 675      X     1861.100    854.275   1861.500    854.675
 676      X     1861.100    855.100   1861.500    855.500
 677      X     1861.100    855.925   1861.500    856.325
 678      X     1861.100    856.750   1861.500    857.150
 679      X     1861.100    857.575   1861.500    857.975
 680      X     1861.100    858.400   1861.500    858.800
 681      X     1861.100    859.200   1861.500    859.600
 682      X     1861.100    860.000   1861.500    860.400
 683      X     1861.100    860.800   1861.500    861.200
 684      X     1861.100    861.600   1861.500    862.000
 685      X     1861.500    900.750   1861.900    901.150
 686      X     1861.550    369.150   1861.950    369.550
 687      X     1862.300    900.750   1862.700    901.150
 688      X     1862.350    369.150   1862.750    369.550
 689      X     1863.100    900.750   1863.500    901.150
 690      X     1863.150    369.150   1863.550    369.550
 691      X     1863.900    900.750   1864.300    901.150
 692      X     1863.950    369.150   1864.350    369.550
 693      X     1864.700    900.750   1865.100    901.150
 694      X     1864.750    369.150   1865.150    369.550
 695      X     1865.500    900.750   1865.900    901.150
 696      X     1865.550    369.150   1865.950    369.550
 697      X     1866.300    900.750   1866.700    901.150
 698      X     1866.350    369.150   1866.750    369.550
 699      X     1867.100    900.750   1867.500    901.150
 700      X     1867.150    369.150   1867.550    369.550
 701      X     1867.900    900.750   1868.300    901.150
 702      X     1867.950    369.150   1868.350    369.550
 703      X     1868.700    900.750   1869.100    901.150
 704      X     1868.750    369.150   1869.150    369.550
 705      X     1869.500    900.750   1869.900    901.150
 706      X     1869.550    369.150   1869.950    369.550
 707      X     1870.300    900.750   1870.700    901.150
 708      X     1870.350    369.150   1870.750    369.550
 709      X     1871.100    900.750   1871.500    901.150
 710      X     1871.150    369.150   1871.550    369.550
 711      X     1871.900    900.750   1872.300    901.150
 712      X     1871.950    369.150   1872.350    369.550
 713      X     1872.700    900.750   1873.100    901.150
 714      X     1872.750    369.150   1873.150    369.550
 715      X     1873.500    900.750   1873.900    901.150
 716      X     1873.550    369.150   1873.950    369.550
 717      X     1874.300    900.750   1874.700    901.150
 718      X     1874.350    369.150   1874.750    369.550
 719      X     1875.100    900.750   1875.500    901.150
 720      X     1875.150    369.150   1875.550    369.550
 721      X     1875.900    900.750   1876.300    901.150
 722      X     1875.950    369.150   1876.350    369.550
 723      X     1876.700    900.750   1877.100    901.150
 724      X     1876.750    369.150   1877.150    369.550
 725      X     1877.500    900.750   1877.900    901.150
 726      X     1877.550    369.150   1877.950    369.550
 727      X     1878.300    900.750   1878.700    901.150
 728      X     1878.350    369.150   1878.750    369.550
 729      X     1879.100    900.750   1879.500    901.150
 730      X     1879.150    369.150   1879.550    369.550
 731      X     1879.900    900.750   1880.300    901.150
 732      X     1879.950    369.150   1880.350    369.550
 733      X     1880.725    900.750   1881.125    901.150
 734      X     1880.750    369.150   1881.150    369.550
 735      X     1881.550    900.750   1881.950    901.150
 736      X     1881.900    369.500   1882.300    369.900
 737      X     1882.400    899.900   1882.800    900.300
 738      X     1882.950    370.550   1883.350    370.950
 739      X     1883.300    899.000   1883.700    899.400
 740      X     1883.850    371.450   1884.250    371.850
 741      X     1884.200    898.100   1884.600    898.500
 742      X     1884.750    372.350   1885.150    372.750
 743      X     1885.100    897.200   1885.500    897.600
 744      X     1885.650    373.250   1886.050    373.650
 745      X     1886.000    896.300   1886.400    896.700
 746      X     1886.550    374.150   1886.950    374.550
 747      X     1886.900    895.400   1887.300    895.800
 748      X     1887.450    375.050   1887.850    375.450
 749      X     1887.800    894.500   1888.200    894.900
 750      X     1888.350    375.950   1888.750    376.350
 751      X     1888.700    893.600   1889.100    894.000
 752      X     1889.250    376.850   1889.650    377.250
 753      X     1889.750    892.550   1890.150    892.950
 754      X     1890.100    377.700   1890.500    378.100
 755      X     1890.100    378.525   1890.500    378.925
 756      X     1890.100    379.350   1890.500    379.750
 757      X     1890.100    380.150   1890.500    380.550
 758      X     1890.100    380.950   1890.500    381.350
 759      X     1890.100    381.750   1890.500    382.150
 760      X     1890.100    382.550   1890.500    382.950
 761      X     1890.100    383.350   1890.500    383.750
 762      X     1890.100    384.150   1890.500    384.550
 763      X     1890.100    384.950   1890.500    385.350
 764      X     1890.100    385.750   1890.500    386.150
 765      X     1890.100    386.550   1890.500    386.950
 766      X     1890.100    387.350   1890.500    387.750
 767      X     1890.100    388.150   1890.500    388.550
 768      X     1890.100    388.950   1890.500    389.350
 769      X     1890.100    389.750   1890.500    390.150
 770      X     1890.100    390.550   1890.500    390.950
 771      X     1890.100    391.350   1890.500    391.750
 772      X     1890.100    392.150   1890.500    392.550
 773      X     1890.100    392.950   1890.500    393.350
 774      X     1890.100    393.750   1890.500    394.150
 775      X     1890.100    394.550   1890.500    394.950
 776      X     1890.100    395.350   1890.500    395.750
 777      X     1890.100    396.150   1890.500    396.550
 778      X     1890.100    396.950   1890.500    397.350
 779      X     1890.100    397.750   1890.500    398.150
 780      X     1890.100    398.550   1890.500    398.950
 781      X     1890.100    399.350   1890.500    399.750
 782      X     1890.100    400.150   1890.500    400.550
 783      X     1890.100    400.950   1890.500    401.350
 784      X     1890.100    401.750   1890.500    402.150
 785      X     1890.100    402.550   1890.500    402.950
 786      X     1890.100    403.350   1890.500    403.750
 787      X     1890.100    404.150   1890.500    404.550
 788      X     1890.100    404.950   1890.500    405.350
 789      X     1890.100    405.750   1890.500    406.150
 790      X     1890.100    406.550   1890.500    406.950
 791      X     1890.100    407.350   1890.500    407.750
 792      X     1890.100    408.150   1890.500    408.550
 793      X     1890.100    408.950   1890.500    409.350
 794      X     1890.100    409.750   1890.500    410.150
 795      X     1890.100    410.550   1890.500    410.950
 796      X     1890.100    411.350   1890.500    411.750
 797      X     1890.100    412.150   1890.500    412.550
 798      X     1890.100    412.950   1890.500    413.350
 799      X     1890.100    413.750   1890.500    414.150
 800      X     1890.100    414.550   1890.500    414.950
 801      X     1890.100    415.350   1890.500    415.750
 802      X     1890.100    416.150   1890.500    416.550
 803      X     1890.100    416.950   1890.500    417.350
 804      X     1890.100    417.750   1890.500    418.150
 805      X     1890.100    418.550   1890.500    418.950
 806      X     1890.100    419.350   1890.500    419.750
 807      X     1890.100    420.150   1890.500    420.550
 808      X     1890.100    420.950   1890.500    421.350
 809      X     1890.100    421.750   1890.500    422.150
 810      X     1890.100    422.550   1890.500    422.950
 811      X     1890.100    423.350   1890.500    423.750
 812      X     1890.100    424.150   1890.500    424.550
 813      X     1890.100    424.950   1890.500    425.350
 814      X     1890.100    425.750   1890.500    426.150
 815      X     1890.100    426.550   1890.500    426.950
 816      X     1890.100    427.350   1890.500    427.750
 817      X     1890.100    428.150   1890.500    428.550
 818      X     1890.100    428.950   1890.500    429.350
 819      X     1890.100    429.750   1890.500    430.150
 820      X     1890.100    430.550   1890.500    430.950
 821      X     1890.100    431.350   1890.500    431.750
 822      X     1890.100    432.150   1890.500    432.550
 823      X     1890.100    432.950   1890.500    433.350
 824      X     1890.100    836.950   1890.500    837.350
 825      X     1890.100    837.775   1890.500    838.175
 826      X     1890.100    838.600   1890.500    839.000
 827      X     1890.100    839.400   1890.500    839.800
 828      X     1890.100    840.200   1890.500    840.600
 829      X     1890.100    841.000   1890.500    841.400
 830      X     1890.100    841.800   1890.500    842.200
 831      X     1890.100    842.600   1890.500    843.000
 832      X     1890.100    843.400   1890.500    843.800
 833      X     1890.100    844.200   1890.500    844.600
 834      X     1890.100    845.000   1890.500    845.400
 835      X     1890.100    845.800   1890.500    846.200
 836      X     1890.100    846.600   1890.500    847.000
 837      X     1890.100    847.400   1890.500    847.800
 838      X     1890.100    848.200   1890.500    848.600
 839      X     1890.100    849.000   1890.500    849.400
 840      X     1890.100    849.800   1890.500    850.200
 841      X     1890.100    850.600   1890.500    851.000
 842      X     1890.100    851.400   1890.500    851.800
 843      X     1890.100    852.200   1890.500    852.600
 844      X     1890.100    853.000   1890.500    853.400
 845      X     1890.100    853.800   1890.500    854.200
 846      X     1890.100    854.600   1890.500    855.000
 847      X     1890.100    855.400   1890.500    855.800
 848      X     1890.100    856.200   1890.500    856.600
 849      X     1890.100    857.000   1890.500    857.400
 850      X     1890.100    857.800   1890.500    858.200
 851      X     1890.100    858.600   1890.500    859.000
 852      X     1890.100    859.400   1890.500    859.800
 853      X     1890.100    860.200   1890.500    860.600
 854      X     1890.100    861.000   1890.500    861.400
 855      X     1890.100    861.800   1890.500    862.200
 856      X     1890.100    862.600   1890.500    863.000
 857      X     1890.100    863.400   1890.500    863.800
 858      X     1890.100    864.200   1890.500    864.600
 859      X     1890.100    865.000   1890.500    865.400
 860      X     1890.100    865.800   1890.500    866.200
 861      X     1890.100    866.600   1890.500    867.000
 862      X     1890.100    867.400   1890.500    867.800
 863      X     1890.100    868.200   1890.500    868.600
 864      X     1890.100    869.000   1890.500    869.400
 865      X     1890.100    869.800   1890.500    870.200
 866      X     1890.100    870.600   1890.500    871.000
 867      X     1890.100    871.400   1890.500    871.800
 868      X     1890.100    872.200   1890.500    872.600
 869      X     1890.100    873.000   1890.500    873.400
 870      X     1890.100    873.800   1890.500    874.200
 871      X     1890.100    874.600   1890.500    875.000
 872      X     1890.100    875.400   1890.500    875.800
 873      X     1890.100    876.200   1890.500    876.600
 874      X     1890.100    877.000   1890.500    877.400
 875      X     1890.100    877.800   1890.500    878.200
 876      X     1890.100    878.600   1890.500    879.000
 877      X     1890.100    879.400   1890.500    879.800
 878      X     1890.100    880.200   1890.500    880.600
 879      X     1890.100    881.000   1890.500    881.400
 880      X     1890.100    881.800   1890.500    882.200
 881      X     1890.100    882.600   1890.500    883.000
 882      X     1890.100    883.400   1890.500    883.800
 883      X     1890.100    884.200   1890.500    884.600
 884      X     1890.100    885.000   1890.500    885.400
 885      X     1890.100    885.800   1890.500    886.200
 886      X     1890.100    886.600   1890.500    887.000
 887      X     1890.100    887.400   1890.500    887.800
 888      X     1890.100    888.200   1890.500    888.600
 889      X     1890.100    889.000   1890.500    889.400
 890      X     1890.100    889.800   1890.500    890.200
 891      X     1890.100    890.600   1890.500    891.000
 892      X     1890.100    891.400   1890.500    891.800

================================================================================
Rule No. 2693 : BAD_NDIFF_MULTCONN_ERC

Real Error Count : 3155; Flat Error Count : 3155
================================================================================

--------------------------------------------------------------------------------
Cell Name : top layout MINIMAL_TOP

                   Cell Errors    Real Errors   Cell Placements     Environments
                          3155           3155                 1                1
--------------------------------------------------------------------------------
Env.  Env. Placements            X1           Y1          X2           Y2

  1        1                178.300      174.950    2084.700     1096.100

Shape               Environments Status & Error Marker 

          1           X1         Y1         X2         Y2

   1      X      178.300    280.700    178.700    281.100
   2      X      178.300    281.500    178.700    281.900
   3      X      178.300    282.300    178.700    282.700
   4      X      178.300    283.100    178.700    283.500
   5      X      178.300    283.900    178.700    284.300
   6      X      178.300    284.700    178.700    285.100
   7      X      178.300    285.500    178.700    285.900
   8      X      178.300    286.300    178.700    286.700
   9      X      178.300    287.100    178.700    287.500
  10      X      178.300    287.900    178.700    288.300
  11      X      178.300    288.700    178.700    289.100
  12      X      178.300    289.500    178.700    289.900
  13      X      178.300    290.300    178.700    290.700
  14      X      178.300    291.100    178.700    291.500
  15      X      178.300    291.900    178.700    292.300
  16      X      178.300    292.700    178.700    293.100
  17      X      178.300    293.500    178.700    293.900
  18      X      178.300    294.300    178.700    294.700
  19      X      178.300    295.100    178.700    295.500
  20      X      178.300    295.900    178.700    296.300
  21      X      178.300    296.700    178.700    297.100
  22      X      178.300    297.500    178.700    297.900
  23      X      178.300    298.300    178.700    298.700
  24      X      178.300    299.100    178.700    299.500
  25      X      178.300    299.900    178.700    300.300
  26      X      178.300    300.700    178.700    301.100
  27      X      178.300    301.500    178.700    301.900
  28      X      178.300    302.300    178.700    302.700
  29      X      178.300    303.100    178.700    303.500
  30      X      178.300    303.900    178.700    304.300
  31      X      178.300    304.700    178.700    305.100
  32      X      178.300    305.500    178.700    305.900
  33      X      178.300    306.300    178.700    306.700
  34      X      178.300    307.100    178.700    307.500
  35      X      178.300    307.900    178.700    308.300
  36      X      178.300    308.700    178.700    309.100
  37      X      178.300    309.500    178.700    309.900
  38      X      178.300    310.300    178.700    310.700
  39      X      178.300    311.100    178.700    311.500
  40      X      178.300    311.900    178.700    312.300
  41      X      178.300    312.700    178.700    313.100
  42      X      178.300    313.500    178.700    313.900
  43      X      178.300    314.300    178.700    314.700
  44      X      178.300    315.100    178.700    315.500
  45      X      178.300    315.900    178.700    316.300
  46      X      178.300    316.700    178.700    317.100
  47      X      178.300    317.500    178.700    317.900
  48      X      178.300    318.300    178.700    318.700
  49      X      178.300    319.100    178.700    319.500
  50      X      178.300    319.900    178.700    320.300
  51      X      178.300    320.700    178.700    321.100
  52      X      178.300    321.500    178.700    321.900
  53      X      178.300    322.300    178.700    322.700
  54      X      178.300    323.100    178.700    323.500
  55      X      178.300    323.900    178.700    324.300
  56      X      178.300    324.700    178.700    325.100
  57      X      178.300    325.500    178.700    325.900
  58      X      178.300    326.300    178.700    326.700
  59      X      178.300    327.100    178.700    327.500
  60      X      178.300    327.900    178.700    328.300
  61      X      178.300    328.700    178.700    329.100
  62      X      178.300    329.500    178.700    329.900
  63      X      178.300    330.300    178.700    330.700
  64      X      178.300    331.100    178.700    331.500
  65      X      178.300    331.900    178.700    332.300
  66      X      178.300    332.700    178.700    333.100
  67      X      178.300    333.500    178.700    333.900
  68      X      178.300    334.300    178.700    334.700
  69      X      178.300    335.100    178.700    335.500
  70      X      178.300    335.900    178.700    336.300
  71      X      178.300    336.700    178.700    337.100
  72      X      178.300    337.500    178.700    337.900
  73      X      178.300    338.300    178.700    338.700
  74      X      178.300    339.100    178.700    339.500
  75      X      178.300    339.900    178.700    340.300
  76      X      178.300    340.700    178.700    341.100
  77      X      178.300    341.500    178.700    341.900
  78      X      178.300    342.300    178.700    342.700
  79      X      178.300    343.100    178.700    343.500
  80      X      178.300    343.900    178.700    344.300
  81      X      178.300    344.700    178.700    345.100
  82      X      178.300    345.500    178.700    345.900
  83      X      178.300    346.300    178.700    346.700
  84      X      178.300    347.100    178.700    347.500
  85      X      178.300    347.900    178.700    348.300
  86      X      178.300    348.700    178.700    349.100
  87      X      178.300    349.500    178.700    349.900
  88      X      178.300    350.300    178.700    350.700
  89      X      178.300    351.100    178.700    351.500
  90      X      178.300    351.900    178.700    352.300
  91      X      178.300    352.700    178.700    353.100
  92      X      178.300    353.500    178.700    353.900
  93      X      178.300    354.300    178.700    354.700
  94      X      178.300    355.100    178.700    355.500
  95      X      178.300    355.900    178.700    356.300
  96      X      178.300    356.700    178.700    357.100
  97      X      178.300    357.500    178.700    357.900
  98      X      178.300    358.300    178.700    358.700
  99      X      178.300    359.100    178.700    359.500
 100      X      178.300    359.900    178.700    360.300
 101      X      178.300    360.700    178.700    361.100
 102      X      178.300    361.500    178.700    361.900
 103      X      178.300    362.300    178.700    362.700
 104      X      178.300    363.100    178.700    363.500
 105      X      178.300    363.900    178.700    364.300
 106      X      178.300    364.700    178.700    365.100
 107      X      178.300    365.500    178.700    365.900
 108      X      178.300    366.300    178.700    366.700
 109      X      178.300    367.100    178.700    367.500
 110      X      178.300    367.900    178.700    368.300
 111      X      178.300    368.700    178.700    369.100
 112      X      178.300    369.500    178.700    369.900
 113      X      178.300    370.300    178.700    370.700
 114      X      178.300    371.100    178.700    371.500
 115      X      178.300    371.900    178.700    372.300
 116      X      178.300    372.700    178.700    373.100
 117      X      178.300    373.500    178.700    373.900
 118      X      178.300    374.300    178.700    374.700
 119      X      178.300    375.100    178.700    375.500
 120      X      178.300    375.900    178.700    376.300
 121      X      178.300    376.700    178.700    377.100
 122      X      178.300    377.500    178.700    377.900
 123      X      178.300    378.300    178.700    378.700
 124      X      178.300    379.100    178.700    379.500
 125      X      178.300    379.900    178.700    380.300
 126      X      178.300    380.700    178.700    381.100
 127      X      178.300    381.500    178.700    381.900
 128      X      178.300    382.300    178.700    382.700
 129      X      178.300    383.100    178.700    383.500
 130      X      178.300    383.900    178.700    384.300
 131      X      178.300    384.700    178.700    385.100
 132      X      178.300    385.500    178.700    385.900
 133      X      178.300    386.300    178.700    386.700
 134      X      178.300    387.100    178.700    387.500
 135      X      178.300    387.900    178.700    388.300
 136      X      178.300    388.700    178.700    389.100
 137      X      178.300    389.500    178.700    389.900
 138      X      178.300    390.300    178.700    390.700
 139      X      178.300    391.100    178.700    391.500
 140      X      178.300    391.900    178.700    392.300
 141      X      178.300    392.700    178.700    393.100
 142      X      178.300    393.500    178.700    393.900
 143      X      178.300    394.300    178.700    394.700
 144      X      178.300    395.100    178.700    395.500
 145      X      178.300    395.900    178.700    396.300
 146      X      178.300    396.700    178.700    397.100
 147      X      178.300    397.500    178.700    397.900
 148      X      178.300    398.300    178.700    398.700
 149      X      178.300    399.100    178.700    399.500
 150      X      178.300    399.900    178.700    400.300
 151      X      178.300    400.700    178.700    401.100
 152      X      178.300    401.500    178.700    401.900
 153      X      178.300    402.300    178.700    402.700
 154      X      178.300    403.100    178.700    403.500
 155      X      178.300    403.900    178.700    404.300
 156      X      178.300    404.700    178.700    405.100
 157      X      178.300    405.500    178.700    405.900
 158      X      178.300    406.300    178.700    406.700
 159      X      178.300    407.100    178.700    407.500
 160      X      178.300    407.900    178.700    408.300
 161      X      178.300    408.700    178.700    409.100
 162      X      178.300    409.500    178.700    409.900
 163      X      178.300    410.300    178.700    410.700
 164      X      178.300    411.100    178.700    411.500
 165      X      178.300    411.900    178.700    412.300
 166      X      178.300    412.700    178.700    413.100
 167      X      178.300    413.500    178.700    413.900
 168      X      178.300    414.300    178.700    414.700
 169      X      178.300    415.100    178.700    415.500
 170      X      178.300    415.900    178.700    416.300
 171      X      178.300    416.700    178.700    417.100
 172      X      178.300    417.500    178.700    417.900
 173      X      178.300    418.300    178.700    418.700
 174      X      178.300    419.100    178.700    419.500
 175      X      178.300    419.900    178.700    420.300
 176      X      178.300    420.700    178.700    421.100
 177      X      178.300    421.500    178.700    421.900
 178      X      178.300    422.300    178.700    422.700
 179      X      178.300    423.100    178.700    423.500
 180      X      178.300    423.900    178.700    424.300
 181      X      178.300    424.700    178.700    425.100
 182      X      178.300    425.525    178.700    425.925
 183      X      178.300    426.350    178.700    426.750
 184      X      178.300    427.175    178.700    427.575
 185      X      178.300    428.000    178.700    428.400
 186      X      178.300    428.825    178.700    429.225
 187      X      178.300    429.650    178.700    430.050
 188      X      178.300    430.475    178.700    430.875
 189      X      178.300    431.300    178.700    431.700
 190      X      178.300    432.125    178.700    432.525
 191      X      178.300    432.950    178.700    433.350
 192      X      178.300    836.950    178.700    837.350
 193      X      178.300    837.750    178.700    838.150
 194      X      178.300    838.550    178.700    838.950
 195      X      178.300    839.350    178.700    839.750
 196      X      178.300    840.150    178.700    840.550
 197      X      178.300    840.950    178.700    841.350
 198      X      178.300    841.750    178.700    842.150
 199      X      178.300    842.550    178.700    842.950
 200      X      178.300    843.350    178.700    843.750
 201      X      178.300    844.150    178.700    844.550
 202      X      178.300    844.950    178.700    845.350
 203      X      178.300    845.750    178.700    846.150
 204      X      178.300    846.550    178.700    846.950
 205      X      178.300    847.350    178.700    847.750
 206      X      178.300    848.150    178.700    848.550
 207      X      178.300    848.950    178.700    849.350
 208      X      178.300    849.750    178.700    850.150
 209      X      178.300    850.550    178.700    850.950
 210      X      178.300    851.350    178.700    851.750
 211      X      178.300    852.150    178.700    852.550
 212      X      178.300    852.950    178.700    853.350
 213      X      178.300    853.750    178.700    854.150
 214      X      178.300    854.550    178.700    854.950
 215      X      178.300    855.350    178.700    855.750
 216      X      178.300    856.150    178.700    856.550
 217      X      178.300    856.950    178.700    857.350
 218      X      178.300    857.750    178.700    858.150
 219      X      178.300    858.550    178.700    858.950
 220      X      178.300    859.350    178.700    859.750
 221      X      178.300    860.150    178.700    860.550
 222      X      178.300    860.950    178.700    861.350
 223      X      178.300    861.750    178.700    862.150
 224      X      178.300    862.550    178.700    862.950
 225      X      178.300    863.350    178.700    863.750
 226      X      178.300    864.150    178.700    864.550
 227      X      178.300    864.950    178.700    865.350
 228      X      178.300    865.750    178.700    866.150
 229      X      178.300    866.550    178.700    866.950
 230      X      178.300    867.350    178.700    867.750
 231      X      178.300    868.150    178.700    868.550
 232      X      178.300    868.950    178.700    869.350
 233      X      178.300    869.750    178.700    870.150
 234      X      178.300    870.550    178.700    870.950
 235      X      178.300    871.350    178.700    871.750
 236      X      178.300    872.150    178.700    872.550
 237      X      178.300    872.950    178.700    873.350
 238      X      178.300    873.750    178.700    874.150
 239      X      178.300    874.550    178.700    874.950
 240      X      178.300    875.350    178.700    875.750
 241      X      178.300    876.150    178.700    876.550
 242      X      178.300    876.950    178.700    877.350
 243      X      178.300    877.750    178.700    878.150
 244      X      178.300    878.550    178.700    878.950
 245      X      178.300    879.350    178.700    879.750
 246      X      178.300    880.150    178.700    880.550
 247      X      178.300    880.950    178.700    881.350
 248      X      178.300    881.750    178.700    882.150
 249      X      178.300    882.550    178.700    882.950
 250      X      178.300    883.350    178.700    883.750
 251      X      178.300    884.150    178.700    884.550
 252      X      178.300    884.950    178.700    885.350
 253      X      178.300    885.750    178.700    886.150
 254      X      178.300    886.550    178.700    886.950
 255      X      178.300    887.350    178.700    887.750
 256      X      178.300    888.150    178.700    888.550
 257      X      178.300    888.950    178.700    889.350
 258      X      178.300    889.750    178.700    890.150
 259      X      178.300    890.550    178.700    890.950
 260      X      178.300    891.350    178.700    891.750
 261      X      178.300    892.150    178.700    892.550
 262      X      178.300    892.950    178.700    893.350
 263      X      178.300    893.750    178.700    894.150
 264      X      178.300    894.550    178.700    894.950
 265      X      178.300    895.350    178.700    895.750
 266      X      178.300    896.150    178.700    896.550
 267      X      178.300    896.950    178.700    897.350
 268      X      178.300    897.750    178.700    898.150
 269      X      178.300    898.550    178.700    898.950
 270      X      178.300    899.350    178.700    899.750
 271      X      178.300    900.150    178.700    900.550
 272      X      178.300    900.950    178.700    901.350
 273      X      178.300    901.750    178.700    902.150
 274      X      178.300    902.550    178.700    902.950
 275      X      178.300    903.350    178.700    903.750
 276      X      178.300    904.150    178.700    904.550
 277      X      178.300    904.950    178.700    905.350
 278      X      178.300    905.750    178.700    906.150
 279      X      178.300    906.550    178.700    906.950
 280      X      178.300    907.350    178.700    907.750
 281      X      178.300    908.150    178.700    908.550
 282      X      178.300    908.950    178.700    909.350
 283      X      178.300    909.750    178.700    910.150
 284      X      178.300    910.550    178.700    910.950
 285      X      178.300    911.350    178.700    911.750
 286      X      178.300    912.150    178.700    912.550
 287      X      178.300    912.950    178.700    913.350
 288      X      178.300    913.750    178.700    914.150
 289      X      178.300    914.550    178.700    914.950
 290      X      178.300    915.350    178.700    915.750
 291      X      178.300    916.150    178.700    916.550
 292      X      178.300    916.950    178.700    917.350
 293      X      178.300    917.750    178.700    918.150
 294      X      178.300    918.550    178.700    918.950
 295      X      178.300    919.350    178.700    919.750
 296      X      178.300    920.150    178.700    920.550
 297      X      178.300    920.950    178.700    921.350
 298      X      178.300    921.750    178.700    922.150
 299      X      178.300    922.550    178.700    922.950
 300      X      178.300    923.350    178.700    923.750
 301      X      178.300    924.150    178.700    924.550
 302      X      178.300    924.950    178.700    925.350
 303      X      178.300    925.750    178.700    926.150
 304      X      178.300    926.550    178.700    926.950
 305      X      178.300    927.350    178.700    927.750
 306      X      178.300    928.150    178.700    928.550
 307      X      178.300    928.950    178.700    929.350
 308      X      178.300    929.750    178.700    930.150
 309      X      178.300    930.550    178.700    930.950
 310      X      178.300    931.350    178.700    931.750
 311      X      178.300    932.150    178.700    932.550
 312      X      178.300    932.950    178.700    933.350
 313      X      178.300    933.750    178.700    934.150
 314      X      178.300    934.550    178.700    934.950
 315      X      178.300    935.350    178.700    935.750
 316      X      178.300    936.150    178.700    936.550
 317      X      178.300    936.950    178.700    937.350
 318      X      178.300    937.750    178.700    938.150
 319      X      178.300    938.550    178.700    938.950
 320      X      178.300    939.350    178.700    939.750
 321      X      178.300    940.150    178.700    940.550
 322      X      178.300    940.950    178.700    941.350
 323      X      178.300    941.750    178.700    942.150
 324      X      178.300    942.550    178.700    942.950
 325      X      178.300    943.350    178.700    943.750
 326      X      178.300    944.150    178.700    944.550
 327      X      178.300    944.950    178.700    945.350
 328      X      178.300    945.750    178.700    946.150
 329      X      178.300    946.550    178.700    946.950
 330      X      178.300    947.350    178.700    947.750
 331      X      178.300    948.150    178.700    948.550
 332      X      178.300    948.950    178.700    949.350
 333      X      178.300    949.750    178.700    950.150
 334      X      178.300    950.550    178.700    950.950
 335      X      178.300    951.350    178.700    951.750
 336      X      178.300    952.150    178.700    952.550
 337      X      178.300    952.950    178.700    953.350
 338      X      178.300    953.750    178.700    954.150
 339      X      178.300    954.550    178.700    954.950
 340      X      178.300    955.350    178.700    955.750
 341      X      178.300    956.150    178.700    956.550
 342      X      178.300    956.950    178.700    957.350
 343      X      178.300    957.750    178.700    958.150
 344      X      178.300    958.550    178.700    958.950
 345      X      178.300    959.350    178.700    959.750
 346      X      178.300    960.150    178.700    960.550
 347      X      178.300    960.950    178.700    961.350
 348      X      178.300    961.750    178.700    962.150
 349      X      178.300    962.550    178.700    962.950
 350      X      178.300    963.350    178.700    963.750
 351      X      178.300    964.150    178.700    964.550
 352      X      178.300    964.950    178.700    965.350
 353      X      178.300    965.750    178.700    966.150
 354      X      178.300    966.550    178.700    966.950
 355      X      178.300    967.350    178.700    967.750
 356      X      178.300    968.150    178.700    968.550
 357      X      178.300    968.950    178.700    969.350
 358      X      178.300    969.750    178.700    970.150
 359      X      178.300    970.550    178.700    970.950
 360      X      178.300    971.350    178.700    971.750
 361      X      178.300    972.150    178.700    972.550
 362      X      178.300    972.950    178.700    973.350
 363      X      178.300    973.750    178.700    974.150
 364      X      178.300    974.550    178.700    974.950
 365      X      178.300    975.350    178.700    975.750
 366      X      178.300    976.150    178.700    976.550
 367      X      178.300    976.950    178.700    977.350
 368      X      178.300    977.750    178.700    978.150
 369      X      178.300    978.550    178.700    978.950
 370      X      178.300    979.350    178.700    979.750
 371      X      178.300    980.150    178.700    980.550
 372      X      178.300    980.950    178.700    981.350
 373      X      178.300    981.750    178.700    982.150
 374      X      178.300    982.575    178.700    982.975
 375      X      178.300    983.400    178.700    983.800
 376      X      178.300    984.225    178.700    984.625
 377      X      178.300    985.050    178.700    985.450
 378      X      178.300    985.875    178.700    986.275
 379      X      178.300    986.700    178.700    987.100
 380      X      178.300    987.525    178.700    987.925
 381      X      178.300    988.350    178.700    988.750
 382      X      178.300    989.175    178.700    989.575
 383      X      178.300    990.000    178.700    990.400
 384      X      178.575    279.375    178.975    279.775
 385      X      179.275    991.225    179.675    991.625
 386      X      179.625    278.325    180.025    278.725
 387      X      180.250    992.200    180.650    992.600
 388      X      180.525    277.425    180.925    277.825
 389      X      181.200    993.150    181.600    993.550
 390      X      181.425    276.525    181.825    276.925
 391      X      182.050    994.000    182.450    994.400
 392      X      182.325    275.625    182.725    276.025
 393      X      182.950    994.900    183.350    995.300
 394      X      183.225    274.725    183.625    275.125
 395      X      183.650    995.600    184.050    996.000
 396      X      184.125    273.825    184.525    274.225
 397      X      184.350    996.300    184.750    996.700
 398      X      185.025    272.925    185.425    273.325
 399      X      185.200    997.150    185.600    997.550
 400      X      185.925    272.025    186.325    272.425
 401      X      186.100    998.050    186.500    998.450
 402      X      186.775    271.175    187.175    271.575
 403      X      187.000    998.950    187.400    999.350
 404      X      187.475    270.475    187.875    270.875
 405      X      187.900    999.850    188.300   1000.250
 406      X      188.175    269.775    188.575    270.175
 407      X      188.800   1000.750    189.200   1001.150
 408      X      189.075    268.875    189.475    269.275
 409      X      189.700   1001.650    190.100   1002.050
 410      X      189.925    268.025    190.325    268.425
 411      X      190.600   1002.550    191.000   1002.950
 412      X      190.875    267.075    191.275    267.475
 413      X      191.500   1003.450    191.900   1003.850
 414      X      191.850    266.100    192.250    266.500
 415      X      192.550   1004.500    192.950   1004.900
 416      X      192.700    265.250    193.100    265.650
 417      X      193.450   1005.425    193.850   1005.825
 418      X      193.525    264.400    193.925    264.800
 419      X      194.300   1006.275    194.700   1006.675
 420      X      194.575    263.350    194.975    263.750
 421      X      195.275   1007.250    195.675   1007.650
 422      X      195.475    262.450    195.875    262.850
 423      X      196.225   1008.200    196.625   1008.600
 424      X      196.375    261.550    196.775    261.950
 425      X      197.075   1009.050    197.475   1009.450
 426      X      197.275    260.650    197.675    261.050
 427      X      197.975   1009.950    198.375   1010.350
 428      X      198.175    259.750    198.575    260.150
 429      X      198.675   1010.650    199.075   1011.050
 430      X      199.075    258.850    199.475    259.250
 431      X      199.375   1011.350    199.775   1011.750
 432      X      199.975    257.950    200.375    258.350
 433      X      200.225   1012.200    200.625   1012.600
 434      X      200.875    257.050    201.275    257.450
 435      X      201.125   1013.100    201.525   1013.500
 436      X      201.725    256.200    202.125    256.600
 437      X      202.025   1014.000    202.425   1014.400
 438      X      202.425    255.500    202.825    255.900
 439      X      202.925   1014.900    203.325   1015.300
 440      X      203.125    254.800    203.525    255.200
 441      X      203.825   1015.800    204.225   1016.200
 442      X      204.025    253.900    204.425    254.300
 443      X      204.725   1016.700    205.125   1017.100
 444      X      204.875    253.050    205.275    253.450
 445      X      205.625   1017.600    206.025   1018.000
 446      X      205.825    252.100    206.225    252.500
 447      X      206.525   1018.500    206.925   1018.900
 448      X      206.800    251.150    207.200    251.550
 449      X      207.575   1019.550    207.975   1019.950
 450      X      207.650    250.300    208.050    250.700
 451      X      208.500   1020.450    208.900   1020.850
 452      X      208.575    249.375    208.975    249.775
 453      X      209.350   1021.300    209.750   1021.700
 454      X      209.625    248.325    210.025    248.725
 455      X      210.300   1022.275    210.700   1022.675
 456      X      210.525    247.425    210.925    247.825
 457      X      211.250   1023.225    211.650   1023.625
 458      X      211.425    246.525    211.825    246.925
 459      X      212.100   1024.075    212.500   1024.475
 460      X      212.325    245.625    212.725    246.025
 461      X      213.000   1024.975    213.400   1025.375
 462      X      213.225    244.725    213.625    245.125
 463      X      213.700   1025.675    214.100   1026.075
 464      X      214.125    243.825    214.525    244.225
 465      X      214.400   1026.375    214.800   1026.775
 466      X      215.025    242.925    215.425    243.325
 467      X      215.250   1027.225    215.650   1027.625
 468      X      215.925    242.025    216.325    242.425
 469      X      216.150   1028.125    216.550   1028.525
 470      X      216.775    241.175    217.175    241.575
 471      X      217.050   1029.025    217.450   1029.425
 472      X      217.475    240.475    217.875    240.875
 473      X      217.950   1029.925    218.350   1030.325
 474      X      218.175    239.775    218.575    240.175
 475      X      218.850   1030.825    219.250   1031.225
 476      X      219.075    238.875    219.475    239.275
 477      X      219.750   1031.725    220.150   1032.125
 478      X      219.925    238.025    220.325    238.425
 479      X      220.650   1032.625    221.050   1033.025
 480      X      220.875    237.075    221.275    237.475
 481      X      221.550   1033.525    221.950   1033.925
 482      X      221.850    236.100    222.250    236.500
 483      X      222.600   1034.575    223.000   1034.975
 484      X      222.700    235.250    223.100    235.650
 485      X      223.575   1035.525    223.975   1035.925
 486      X      223.600    234.350    224.000    234.750
 487      X      224.425   1036.375    224.825   1036.775
 488      X      224.650    233.300    225.050    233.700
 489      X      225.400   1037.350    225.800   1037.750
 490      X      225.550    232.400    225.950    232.800
 491      X      226.350   1038.300    226.750   1038.700
 492      X      226.450    231.500    226.850    231.900
 493      X      227.200   1039.150    227.600   1039.550
 494      X      227.350    230.600    227.750    231.000
 495      X      228.100   1040.050    228.500   1040.450
 496      X      228.250    229.700    228.650    230.100
 497      X      228.800   1040.750    229.200   1041.150
 498      X      229.150    228.800    229.550    229.200
 499      X      229.500   1041.450    229.900   1041.850
 500      X      230.050    227.900    230.450    228.300
 501      X      230.350   1042.300    230.750   1042.700
 502      X      230.950    227.000    231.350    227.400
 503      X      231.250   1043.200    231.650   1043.600
 504      X      231.800    226.150    232.200    226.550
 505      X      232.150   1044.100    232.550   1044.500
 506      X      232.500    225.450    232.900    225.850
 507      X      233.050   1045.000    233.450   1045.400
 508      X      233.200    224.750    233.600    225.150
 509      X      233.950   1045.900    234.350   1046.300
 510      X      234.100    223.850    234.500    224.250
 511      X      234.850   1046.800    235.250   1047.200
 512      X      234.950    223.000    235.350    223.400
 513      X      235.750   1047.700    236.150   1048.100
 514      X      235.900    222.050    236.300    222.450
 515      X      236.650   1048.600    237.050   1049.000
 516      X      236.875    221.075    237.275    221.475
 517      X      237.700   1049.650    238.100   1050.050
 518      X      237.725    220.225    238.125    220.625
 519      X      238.600   1050.550    239.000   1050.950
 520      X      238.675    219.250    239.075    219.650
 521      X      239.450   1051.400    239.850   1051.800
 522      X      239.725    218.200    240.125    218.600
 523      X      240.425   1052.375    240.825   1052.775
 524      X      240.625    217.300    241.025    217.700
 525      X      241.375   1053.325    241.775   1053.725
 526      X      241.525    216.400    241.925    216.800
 527      X      242.225   1054.175    242.625   1054.575
 528      X      242.425    215.500    242.825    215.900
 529      X      243.125   1055.075    243.525   1055.475
 530      X      243.325    214.600    243.725    215.000
 531      X      243.825   1055.775    244.225   1056.175
 532      X      244.225    213.700    244.625    214.100
 533      X      244.525   1056.475    244.925   1056.875
 534      X      245.125    212.800    245.525    213.200
 535      X      245.375   1057.325    245.775   1057.725
 536      X      246.025    211.900    246.425    212.300
 537      X      246.275   1058.225    246.675   1058.625
 538      X      246.875    211.050    247.275    211.450
 539      X      247.175   1059.125    247.575   1059.525
 540      X      247.575    210.350    247.975    210.750
 541      X      248.075   1060.025    248.475   1060.425
 542      X      248.275    209.650    248.675    210.050
 543      X      248.975   1060.925    249.375   1061.325
 544      X      249.175    208.750    249.575    209.150
 545      X      249.875   1061.825    250.275   1062.225
 546      X      250.025    207.900    250.425    208.300
 547      X      250.775   1062.725    251.175   1063.125
 548      X      250.975    206.950    251.375    207.350
 549      X      251.675   1063.625    252.075   1064.025
 550      X      251.950    206.000    252.350    206.400
 551      X      252.725   1064.675    253.125   1065.075
 552      X      252.800    205.150    253.200    205.550
 553      X      253.650   1065.600    254.050   1066.000
 554      X      253.700    204.225    254.100    204.625
 555      X      254.500   1066.450    254.900   1066.850
 556      X      254.750    203.175    255.150    203.575
 557      X      255.450   1067.425    255.850   1067.825
 558      X      255.650    202.275    256.050    202.675
 559      X      256.400   1068.375    256.800   1068.775
 560      X      256.550    201.375    256.950    201.775
 561      X      257.250   1069.225    257.650   1069.625
 562      X      257.450    200.475    257.850    200.875
 563      X      258.150   1070.125    258.550   1070.525
 564      X      258.350    199.575    258.750    199.975
 565      X      258.850   1070.825    259.250   1071.225
 566      X      259.250    198.675    259.650    199.075
 567      X      259.550   1071.525    259.950   1071.925
 568      X      260.150    197.775    260.550    198.175
 569      X      260.400   1072.375    260.800   1072.775
 570      X      261.050    196.875    261.450    197.275
 571      X      261.300   1073.275    261.700   1073.675
 572      X      261.900    196.025    262.300    196.425
 573      X      262.200   1074.175    262.600   1074.575
 574      X      262.600    195.325    263.000    195.725
 575      X      263.100   1075.075    263.500   1075.475
 576      X      263.300    194.625    263.700    195.025
 577      X      264.000   1075.975    264.400   1076.375
 578      X      264.200    193.725    264.600    194.125
 579      X      264.900   1076.875    265.300   1077.275
 580      X      265.050    192.875    265.450    193.275
 581      X      265.800   1077.775    266.200   1078.175
 582      X      266.000    191.925    266.400    192.325
 583      X      266.700   1078.675    267.100   1079.075
 584      X      266.975    190.950    267.375    191.350
 585      X      267.750   1079.725    268.150   1080.125
 586      X      267.825    190.100    268.225    190.500
 587      X      268.600   1080.550    269.000   1080.950
 588      X      268.750    189.200    269.150    189.600
 589      X      269.450   1081.400    269.850   1081.800
 590      X      269.800    188.150    270.200    188.550
 591      X      270.425   1082.375    270.825   1082.775
 592      X      270.700    187.250    271.100    187.650
 593      X      271.375   1083.325    271.775   1083.725
 594      X      271.600    186.350    272.000    186.750
 595      X      272.225   1084.175    272.625   1084.575
 596      X      272.500    185.450    272.900    185.850
 597      X      273.125   1085.075    273.525   1085.475
 598      X      273.400    184.550    273.800    184.950
 599      X      273.825   1085.775    274.225   1086.175
 600      X      274.300    183.650    274.700    184.050
 601      X      274.525   1086.475    274.925   1086.875
 602      X      275.200    182.750    275.600    183.150
 603      X      275.375   1087.325    275.775   1087.725
 604      X      276.100    181.850    276.500    182.250
 605      X      276.275   1088.225    276.675   1088.625
 606      X      276.950    181.000    277.350    181.400
 607      X      277.175   1089.125    277.575   1089.525
 608      X      277.650    180.300    278.050    180.700
 609      X      278.075   1090.025    278.475   1090.425
 610      X      278.350    179.600    278.750    180.000
 611      X      278.975   1090.925    279.375   1091.325
 612      X      279.250    178.700    279.650    179.100
 613      X      279.875   1091.825    280.275   1092.225
 614      X      280.100    177.850    280.500    178.250
 615      X      280.775   1092.725    281.175   1093.125
 616      X      281.050    176.900    281.450    177.300
 617      X      281.675   1093.625    282.075   1094.025
 618      X      282.025    175.925    282.425    176.325
 619      X      282.725   1094.675    283.125   1095.075
 620      X      283.250    174.950    283.650    175.350
 621      X      284.050   1094.950    284.450   1095.350
 622      X      284.075    174.950    284.475    175.350
 623      X      284.850   1094.950    285.250   1095.350
 624      X      284.900    174.950    285.300    175.350
 625      X      285.650   1094.950    286.050   1095.350
 626      X      285.725    174.950    286.125    175.350
 627      X      286.450   1094.950    286.850   1095.350
 628      X      286.550    174.950    286.950    175.350
 629      X      287.250   1094.950    287.650   1095.350
 630      X      287.375    174.950    287.775    175.350
 631      X      288.050   1094.950    288.450   1095.350
 632      X      288.200    174.950    288.600    175.350
 633      X      288.850   1094.950    289.250   1095.350
 634      X      289.025    174.950    289.425    175.350
 635      X      289.650   1094.950    290.050   1095.350
 636      X      289.850    174.950    290.250    175.350
 637      X      290.450   1094.950    290.850   1095.350
 638      X      290.675    174.950    291.075    175.350
 639      X      291.250   1094.950    291.650   1095.350
 640      X      291.500    174.950    291.900    175.350
 641      X      292.050   1094.950    292.450   1095.350
 642      X      292.300    174.950    292.700    175.350
 643      X      292.850   1094.950    293.250   1095.350
 644      X      293.100    174.950    293.500    175.350
 645      X      293.650   1094.950    294.050   1095.350
 646      X      293.900    174.950    294.300    175.350
 647      X      294.450   1094.950    294.850   1095.350
 648      X      294.700    174.950    295.100    175.350
 649      X      295.250   1094.950    295.650   1095.350
 650      X      295.500    174.950    295.900    175.350
 651      X      296.050   1094.950    296.450   1095.350
 652      X      296.300    174.950    296.700    175.350
 653      X      296.850   1094.950    297.250   1095.350
 654      X      297.100    174.950    297.500    175.350
 655      X      297.650   1094.950    298.050   1095.350
 656      X      297.900    174.950    298.300    175.350
 657      X      298.450   1094.950    298.850   1095.350
 658      X      298.700    174.950    299.100    175.350
 659      X      299.250   1094.950    299.650   1095.350
 660      X      299.500    174.950    299.900    175.350
 661      X      300.050   1094.950    300.450   1095.350
 662      X      300.300    174.950    300.700    175.350
 663      X      300.850   1094.950    301.250   1095.350
 664      X      301.100    174.950    301.500    175.350
 665      X      301.650   1094.950    302.050   1095.350
 666      X      301.900    174.950    302.300    175.350
 667      X      302.450   1094.950    302.850   1095.350
 668      X      302.700    174.950    303.100    175.350
 669      X      303.250   1094.950    303.650   1095.350
 670      X      303.500    174.950    303.900    175.350
 671      X      304.050   1094.950    304.450   1095.350
 672      X      304.300    174.950    304.700    175.350
 673      X      304.850   1094.950    305.250   1095.350
 674      X      305.100    174.950    305.500    175.350
 675      X      305.650   1094.950    306.050   1095.350
 676      X      305.900    174.950    306.300    175.350
 677      X      306.450   1094.950    306.850   1095.350
 678      X      306.700    174.950    307.100    175.350
 679      X      307.250   1094.950    307.650   1095.350
 680      X      307.500    174.950    307.900    175.350
 681      X      308.050   1094.950    308.450   1095.350
 682      X      308.300    174.950    308.700    175.350
 683      X      308.850   1094.950    309.250   1095.350
 684      X      309.100    174.950    309.500    175.350
 685      X      309.650   1094.950    310.050   1095.350
 686      X      309.900    174.950    310.300    175.350
 687      X      310.450   1094.950    310.850   1095.350
 688      X      310.700    174.950    311.100    175.350
 689      X      311.250   1094.950    311.650   1095.350
 690      X      311.500    174.950    311.900    175.350
 691      X      312.050   1094.950    312.450   1095.350
 692      X      312.300    174.950    312.700    175.350
 693      X      312.850   1094.950    313.250   1095.350
 694      X      313.100    174.950    313.500    175.350
 695      X      313.650   1094.950    314.050   1095.350
 696      X      313.900    174.950    314.300    175.350
 697      X      314.450   1094.950    314.850   1095.350
 698      X      314.700    174.950    315.100    175.350
 699      X      315.250   1094.950    315.650   1095.350
 700      X      315.500    174.950    315.900    175.350
 701      X      316.050   1094.950    316.450   1095.350
 702      X      316.300    174.950    316.700    175.350
 703      X      316.850   1094.950    317.250   1095.350
 704      X      317.100    174.950    317.500    175.350
 705      X      317.650   1094.950    318.050   1095.350
 706      X      317.900    174.950    318.300    175.350
 707      X      318.450   1094.950    318.850   1095.350
 708      X      318.700    174.950    319.100    175.350
 709      X      319.250   1094.950    319.650   1095.350
 710      X      319.500    174.950    319.900    175.350
 711      X      320.050   1094.950    320.450   1095.350
 712      X      320.300    174.950    320.700    175.350
 713      X      320.850   1094.950    321.250   1095.350
 714      X      321.100    174.950    321.500    175.350
 715      X      321.650   1094.950    322.050   1095.350
 716      X      321.900    174.950    322.300    175.350
 717      X      322.450   1094.950    322.850   1095.350
 718      X      322.700    174.950    323.100    175.350
 719      X      323.250   1094.950    323.650   1095.350
 720      X      323.500    174.950    323.900    175.350
 721      X      324.050   1094.950    324.450   1095.350
 722      X      324.300    174.950    324.700    175.350
 723      X      324.850   1094.950    325.250   1095.350
 724      X      325.100    174.950    325.500    175.350
 725      X      325.650   1094.950    326.050   1095.350
 726      X      325.900    174.950    326.300    175.350
 727      X      326.450   1094.950    326.850   1095.350
 728      X      326.700    174.950    327.100    175.350
 729      X      327.250   1094.950    327.650   1095.350
 730      X      327.500    174.950    327.900    175.350
 731      X      328.050   1094.950    328.450   1095.350
 732      X      328.300    174.950    328.700    175.350
 733      X      328.850   1094.950    329.250   1095.350
 734      X      329.100    174.950    329.500    175.350
 735      X      329.650   1094.950    330.050   1095.350
 736      X      329.900    174.950    330.300    175.350
 737      X      329.950    342.950    330.350    343.350
 738      X      329.950    343.750    330.350    344.150
 739      X      329.950    344.550    330.350    344.950
 740      X      329.950    345.350    330.350    345.750
 741      X      329.950    346.150    330.350    346.550
 742      X      329.950    346.950    330.350    347.350
 743      X      329.950    347.750    330.350    348.150
 744      X      329.950    348.550    330.350    348.950
 745      X      329.950    349.350    330.350    349.750
 746      X      329.950    350.150    330.350    350.550
 747      X      329.950    350.950    330.350    351.350
 748      X      329.950    351.750    330.350    352.150
 749      X      329.950    352.550    330.350    352.950
 750      X      329.950    353.350    330.350    353.750
 751      X      329.950    354.150    330.350    354.550
 752      X      329.950    354.950    330.350    355.350
 753      X      329.950    355.750    330.350    356.150
 754      X      329.950    356.550    330.350    356.950
 755      X      329.950    357.350    330.350    357.750
 756      X      329.950    358.150    330.350    358.550
 757      X      329.950    358.950    330.350    359.350
 758      X      329.950    359.750    330.350    360.150
 759      X      329.950    360.550    330.350    360.950
 760      X      329.950    361.350    330.350    361.750
 761      X      329.950    362.150    330.350    362.550
 762      X      329.950    362.950    330.350    363.350
 763      X      329.950    363.750    330.350    364.150
 764      X      329.950    364.550    330.350    364.950
 765      X      329.950    365.350    330.350    365.750
 766      X      329.950    366.150    330.350    366.550
 767      X      329.950    366.950    330.350    367.350
 768      X      329.950    367.750    330.350    368.150
 769      X      329.950    368.550    330.350    368.950
 770      X      329.950    369.350    330.350    369.750
 771      X      329.950    370.150    330.350    370.550
 772      X      329.950    370.950    330.350    371.350
 773      X      329.950    371.750    330.350    372.150
 774      X      329.950    372.550    330.350    372.950
 775      X      329.950    373.350    330.350    373.750
 776      X      329.950    374.150    330.350    374.550
 777      X      329.950    374.950    330.350    375.350
 778      X      329.950    375.750    330.350    376.150
 779      X      329.950    376.550    330.350    376.950
 780      X      329.950    377.350    330.350    377.750
 781      X      329.950    378.150    330.350    378.550
 782      X      329.950    378.950    330.350    379.350
 783      X      329.950    379.750    330.350    380.150
 784      X      329.950    380.550    330.350    380.950
 785      X      329.950    381.350    330.350    381.750
 786      X      329.950    382.150    330.350    382.550
 787      X      329.950    382.950    330.350    383.350
 788      X      329.950    383.750    330.350    384.150
 789      X      329.950    384.550    330.350    384.950
 790      X      329.950    385.350    330.350    385.750
 791      X      329.950    386.150    330.350    386.550
 792      X      329.950    386.950    330.350    387.350
 793      X      329.950    387.750    330.350    388.150
 794      X      329.950    388.550    330.350    388.950
 795      X      329.950    389.350    330.350    389.750
 796      X      329.950    390.150    330.350    390.550
 797      X      329.950    390.950    330.350    391.350
 798      X      329.950    391.750    330.350    392.150
 799      X      329.950    392.550    330.350    392.950
 800      X      329.950    393.350    330.350    393.750
 801      X      329.950    394.150    330.350    394.550
 802      X      329.950    394.950    330.350    395.350
 803      X      329.950    395.750    330.350    396.150
 804      X      329.950    396.550    330.350    396.950
 805      X      329.950    397.350    330.350    397.750
 806      X      329.950    398.150    330.350    398.550
 807      X      329.950    398.950    330.350    399.350
 808      X      329.950    399.750    330.350    400.150
 809      X      329.950    400.550    330.350    400.950
 810      X      329.950    401.350    330.350    401.750
 811      X      329.950    402.150    330.350    402.550
 812      X      329.950    402.950    330.350    403.350
 813      X      329.950    403.750    330.350    404.150
 814      X      329.950    404.550    330.350    404.950
 815      X      329.950    405.350    330.350    405.750
 816      X      329.950    406.150    330.350    406.550
 817      X      329.950    406.950    330.350    407.350
 818      X      329.950    407.750    330.350    408.150
 819      X      329.950    408.550    330.350    408.950
 820      X      329.950    409.350    330.350    409.750
 821      X      329.950    410.150    330.350    410.550
 822      X      329.950    410.950    330.350    411.350
 823      X      329.950    411.750    330.350    412.150
 824      X      329.950    412.550    330.350    412.950
 825      X      329.950    413.350    330.350    413.750
 826      X      329.950    414.150    330.350    414.550
 827      X      329.950    414.950    330.350    415.350
 828      X      329.950    415.750    330.350    416.150
 829      X      329.950    416.550    330.350    416.950
 830      X      329.950    417.350    330.350    417.750
 831      X      329.950    418.150    330.350    418.550
 832      X      329.950    418.950    330.350    419.350
 833      X      329.950    419.750    330.350    420.150
 834      X      329.950    420.575    330.350    420.975
 835      X      329.950    421.400    330.350    421.800
 836      X      329.950    422.225    330.350    422.625
 837      X      329.950    423.050    330.350    423.450
 838      X      329.950    423.875    330.350    424.275
 839      X      329.950    424.700    330.350    425.100
 840      X      329.950    425.525    330.350    425.925
 841      X      329.950    426.350    330.350    426.750
 842      X      329.950    427.175    330.350    427.575
 843      X      329.950    428.000    330.350    428.400
 844      X      329.950    428.825    330.350    429.225
 845      X      329.950    429.650    330.350    430.050
 846      X      329.950    430.475    330.350    430.875
 847      X      329.950    431.300    330.350    431.700
 848      X      329.950    432.125    330.350    432.525
 849      X      329.950    432.950    330.350    433.350
 850      X      329.950    838.600    330.350    839.000
 851      X      329.950    839.400    330.350    839.800
 852      X      329.950    840.200    330.350    840.600
 853      X      329.950    841.000    330.350    841.400
 854      X      329.950    841.800    330.350    842.200
 855      X      329.950    842.600    330.350    843.000
 856      X      329.950    843.400    330.350    843.800
 857      X      329.950    844.200    330.350    844.600
 858      X      329.950    845.000    330.350    845.400
 859      X      329.950    845.800    330.350    846.200
 860      X      329.950    846.600    330.350    847.000
 861      X      329.950    847.400    330.350    847.800
 862      X      329.950    848.200    330.350    848.600
 863      X      329.950    849.000    330.350    849.400
 864      X      329.950    849.800    330.350    850.200
 865      X      329.950    850.600    330.350    851.000
 866      X      329.950    851.400    330.350    851.800
 867      X      329.950    852.200    330.350    852.600
 868      X      329.950    853.000    330.350    853.400
 869      X      329.950    853.800    330.350    854.200
 870      X      329.950    854.600    330.350    855.000
 871      X      329.950    855.400    330.350    855.800
 872      X      329.950    856.200    330.350    856.600
 873      X      329.950    857.000    330.350    857.400
 874      X      329.950    857.800    330.350    858.200
 875      X      329.950    858.600    330.350    859.000
 876      X      329.950    859.400    330.350    859.800
 877      X      329.950    860.200    330.350    860.600
 878      X      329.950    861.000    330.350    861.400
 879      X      329.950    861.800    330.350    862.200
 880      X      329.950    862.600    330.350    863.000
 881      X      329.950    863.400    330.350    863.800
 882      X      329.950    864.200    330.350    864.600
 883      X      329.950    865.000    330.350    865.400
 884      X      329.950    865.800    330.350    866.200
 885      X      329.950    866.600    330.350    867.000
 886      X      329.950    867.400    330.350    867.800
 887      X      329.950    868.200    330.350    868.600
 888      X      329.950    869.000    330.350    869.400
 889      X      329.950    869.800    330.350    870.200
 890      X      329.950    870.600    330.350    871.000
 891      X      329.950    871.400    330.350    871.800
 892      X      329.950    872.200    330.350    872.600
 893      X      329.950    873.000    330.350    873.400
 894      X      329.950    873.800    330.350    874.200
 895      X      329.950    874.600    330.350    875.000
 896      X      329.950    875.400    330.350    875.800
 897      X      329.950    876.200    330.350    876.600
 898      X      329.950    877.000    330.350    877.400
 899      X      329.950    877.800    330.350    878.200
 900      X      329.950    878.600    330.350    879.000
 901      X      329.950    879.400    330.350    879.800
 902      X      329.950    880.200    330.350    880.600
 903      X      329.950    881.000    330.350    881.400
 904      X      329.950    881.800    330.350    882.200
 905      X      329.950    882.600    330.350    883.000
 906      X      329.950    883.400    330.350    883.800
 907      X      329.950    884.200    330.350    884.600
 908      X      329.950    885.000    330.350    885.400
 909      X      329.950    885.800    330.350    886.200
 910      X      329.950    886.600    330.350    887.000
 911      X      329.950    887.400    330.350    887.800
 912      X      329.950    888.200    330.350    888.600
 913      X      329.950    889.000    330.350    889.400
 914      X      329.950    889.800    330.350    890.200
 915      X      329.950    890.600    330.350    891.000
 916      X      329.950    891.400    330.350    891.800
 917      X      329.950    892.200    330.350    892.600
 918      X      329.950    893.000    330.350    893.400
 919      X      329.950    893.800    330.350    894.200
 920      X      329.950    894.600    330.350    895.000
 921      X      329.950    895.400    330.350    895.800
 922      X      329.950    896.200    330.350    896.600
 923      X      329.950    897.000    330.350    897.400
 924      X      329.950    897.800    330.350    898.200
 925      X      329.950    898.600    330.350    899.000
 926      X      329.950    899.400    330.350    899.800
 927      X      329.950    900.200    330.350    900.600
 928      X      329.950    901.000    330.350    901.400
 929      X      329.950    901.800    330.350    902.200
 930      X      329.950    902.600    330.350    903.000
 931      X      329.950    903.400    330.350    903.800
 932      X      329.950    904.200    330.350    904.600
 933      X      329.950    905.000    330.350    905.400
 934      X      329.950    905.800    330.350    906.200
 935      X      329.950    906.600    330.350    907.000
 936      X      329.950    907.400    330.350    907.800
 937      X      329.950    908.200    330.350    908.600
 938      X      329.950    909.000    330.350    909.400
 939      X      329.950    909.800    330.350    910.200
 940      X      329.950    910.600    330.350    911.000
 941      X      329.950    911.400    330.350    911.800
 942      X      329.950    912.200    330.350    912.600
 943      X      329.950    913.000    330.350    913.400
 944      X      329.950    913.800    330.350    914.200
 945      X      329.950    914.600    330.350    915.000
 946      X      329.950    915.400    330.350    915.800
 947      X      329.950    916.200    330.350    916.600
 948      X      329.950    917.000    330.350    917.400
 949      X      329.950    917.800    330.350    918.200
 950      X      329.950    918.600    330.350    919.000
 951      X      329.950    919.400    330.350    919.800
 952      X      329.950    920.200    330.350    920.600
 953      X      329.950    921.000    330.350    921.400
 954      X      329.950    921.800    330.350    922.200
 955      X      329.950    922.600    330.350    923.000
 956      X      329.950    923.400    330.350    923.800
 957      X      329.950    924.200    330.350    924.600
 958      X      329.950    925.000    330.350    925.400
 959      X      329.950    925.800    330.350    926.200
 960      X      329.950    926.600    330.350    927.000
 961      X      329.950    927.400    330.350    927.800
 962      X      330.450   1094.950    330.850   1095.350
 963      X      330.650    341.975    331.050    342.375
 964      X      330.700    174.950    331.100    175.350
 965      X      331.200    928.475    331.600    928.875
 966      X      331.250   1094.950    331.650   1095.350
 967      X      331.500    174.950    331.900    175.350
 968      X      331.700    340.925    332.100    341.325
 969      X      332.050    929.325    332.450    929.725
 970      X      332.050   1094.950    332.450   1095.350
 971      X      332.300    174.950    332.700    175.350
 972      X      332.600    340.025    333.000    340.425
 973      X      332.850   1094.950    333.250   1095.350
 974      X      333.025    930.300    333.425    930.700
 975      X      333.100    174.950    333.500    175.350
 976      X      333.500    339.125    333.900    339.525
 977      X      333.650   1094.950    334.050   1095.350
 978      X      333.900    174.950    334.300    175.350
 979      X      333.975    931.250    334.375    931.650
 980      X      334.400    338.225    334.800    338.625
 981      X      334.450   1094.950    334.850   1095.350
 982      X      334.700    174.950    335.100    175.350
 983      X      334.825    932.100    335.225    932.500
 984      X      335.250   1094.950    335.650   1095.350
 985      X      335.300    337.325    335.700    337.725
 986      X      335.500    174.950    335.900    175.350
 987      X      335.725    933.000    336.125    933.400
 988      X      336.050   1094.950    336.450   1095.350
 989      X      336.200    336.425    336.600    336.825
 990      X      336.300    174.950    336.700    175.350
 991      X      336.425    933.700    336.825    934.100
 992      X      336.850   1094.950    337.250   1095.350
 993      X      337.100    174.950    337.500    175.350
 994      X      337.100    335.525    337.500    335.925
 995      X      337.125    934.400    337.525    934.800
 996      X      337.650   1094.950    338.050   1095.350
 997      X      337.900    174.950    338.300    175.350
 998      X      337.975    935.250    338.375    935.650
 999      X      338.000    334.625    338.400    335.025
1000      X      338.450   1094.950    338.850   1095.350

================================================================================
Rule No. 2707 : rpoly2_g1_pres_wexp: RPOLY2_G1: Minimum number of RPOLY2 squares = 5

Real Error Count : 36; Flat Error Count : 54
================================================================================

--------------------------------------------------------------------------------
Cell Name : APRIOP_HV layout IOLIB_ANA_HV_4M

                   Cell Errors    Real Errors   Cell Placements     Environments
                            18             18                 2                1
--------------------------------------------------------------------------------
Env.  Env. Placements            X1           Y1          X2           Y2

  1        2                996.500      346.300    1066.500      363.800

Shape               Environments Status & Error Marker 

          1           X1         Y1         X2         Y2

   1      X       15.000    278.750     15.100    284.250
   2      X       15.000    284.750     15.100    290.250
   3      X       25.500    272.750     25.600    278.250
   4      X       36.100    272.750     36.200    278.250
   5      X       36.100    278.750     36.200    284.250
   6      X       36.100    284.750     36.200    290.250
   7      X       39.400    272.750     39.500    278.250
   8      X       39.400    278.750     39.500    284.250
   9      X       39.400    284.750     39.500    290.250
  10      X       60.500    272.750     60.600    278.250
  11      X       60.500    278.750     60.600    284.250
  12      X       60.500    284.750     60.600    290.250
  13      X       63.800    272.750     63.900    278.250
  14      X       63.800    278.750     63.900    284.250
  15      X       63.800    284.750     63.900    290.250
  16      X       84.900    272.750     85.000    278.250
  17      X       84.900    278.750     85.000    284.250
  18      X       84.900    284.750     85.000    290.250

--------------------------------------------------------------------------------
Cell Name : APRIO200P_HV layout IOLIB_ANA_HV_4M

                   Cell Errors    Real Errors   Cell Placements     Environments
                            18             18                 1                1
--------------------------------------------------------------------------------
Env.  Env. Placements            X1           Y1          X2           Y2

  1        1                846.500      346.300     916.500      363.800

Shape               Environments Status & Error Marker 

          1           X1         Y1         X2         Y2

   1      X       15.000    278.750     15.100    284.250
   2      X       15.000    284.750     15.100    290.250
   3      X       25.500    272.750     25.600    278.250
   4      X       36.100    272.750     36.200    278.250
   5      X       36.100    278.750     36.200    284.250
   6      X       36.100    284.750     36.200    290.250
   7      X       39.400    272.750     39.500    278.250
   8      X       39.400    278.750     39.500    284.250
   9      X       39.400    284.750     39.500    290.250
  10      X       60.500    272.750     60.600    278.250
  11      X       60.500    278.750     60.600    284.250
  12      X       60.500    284.750     60.600    290.250
  13      X       63.800    272.750     63.900    278.250
  14      X       63.800    278.750     63.900    284.250
  15      X       63.800    284.750     63.900    290.250
  16      X       84.900    272.750     85.000    278.250
  17      X       84.900    278.750     85.000    284.250
  18      X       84.900    284.750     85.000    290.250

================================================================================
Rule No. 2722 : # H35B4 (Last updated 20-Nov-2018 10:48) #

Real Error Count : 1; Flat Error Count : 1
================================================================================

--------------------------------------------------------------------------------
Cell Name : top layout MINIMAL_TOP

                   Cell Errors    Real Errors   Cell Placements     Environments
                             1              1                 1                1
--------------------------------------------------------------------------------
Env.  Env. Placements            X1           Y1          X2           Y2

  1        1                 42.800       39.450    2220.200     1230.850

Shape               Environments Status & Error Marker 

          1           X1         Y1         X2         Y2

   1      X       42.800     39.450   2220.200   1230.850

