
            Assura (R) Physical Verification Version av4.1:Production:dfII25.1-64b:IC25.1-64b.38
            Release 4.1_USR7_HF3

Copyright (c) Cadence Design Systems. All rights reserved.
@(#)$CDS: assura_64 version av4.1:Production:dfII25.1-64b:IC25.1-64b.38 08/06/2025 03:32 (sjfdcl919) $
sub-version 4.1_USR7_HF3, integ signature 2025-08-06-0300

run on edatools from /opt/tools/cadence/installs/ASSURA41/tools.lnx86/assura/bin/64bit/assura on Wed Sep 30 06:41:48 2026

Loading all available p-cell functions
AMS_DB set to cds
No mx check
ROD pcell code loaded
function genericcomp redefined
function getVal redefined
function getValCase redefined
function rel_comp redefined
function abs_comp redefined
function lvsCase redefined
function compCheckForErrors redefined

Starting /opt/tools/cadence/installs/ASSURA41//tools.lnx86/assura/bin/aveng /home/saul/projects/AMS35_H35_MINIMAL/ASSURA_LVS/top/top.rsf -exec1 -LVS -cdslib /home/saul/projects/AMS35_H35_MINIMAL/cds.lib
@(#)$CDS: aveng_64 version av4.1:Production:dfII25.1-64b:IC25.1-64b.38 08/06/2025 03:32 (sjfdcl919) $
sub-version 4.1_USR7_HF3, integ signature 2025-08-06-0300

run on edatools from /opt/tools/cadence/installs/ASSURA41/tools.lnx86/assura/bin/64bit/aveng on Wed Sep 30 06:41:48 2026

Loading all available p-cell functions
AMS_DB set to cds
No mx check
ROD pcell code loaded
function genericcomp redefined
function getVal redefined
function getValCase redefined
function rel_comp redefined
function abs_comp redefined
function lvsCase redefined
function compCheckForErrors redefined

Loading tech rule set file : /opt/pdk/ams/5.10.1/X35/assura/h35b4/h35b4d3/techRuleSets

Loading tech rule set file : /opt/pdk/ams/5.10.1/X35/assura/h35b4/h35b4d3/techRuleSets

Loading tech rule set file : /opt/pdk/ams/5.10.1/X35/assura/h35b4/h35b4d3/techRuleSets
 Summary Report: top.sum
 RSF           : /home/saul/projects/AMS35_H35_MINIMAL/ASSURA_LVS/top/top.rsf
 Library Name  : MINIMAL_TOP
 CDSLIB Path   : "/home/saul/projects/AMS35_H35_MINIMAL/cds.lib"
 Cell Name     : top
 View Name     : layout
 Rules File    : /opt/pdk/ams/5.10.1/X35/assura/h35b4/h35b4d3/extract.rul
 Options       : -exec1 -LVS -cdslib /home/saul/projects/AMS35_H35_MINIMAL/cds.lib 
 Work Directory: /home/saul/projects/AMS35_H35_MINIMAL/ASSURA_LVS/top
 Operating Mode: Legacy Mode is Off


Starting dfIIToVdb...
2026/09/30 06:41:48 INFO (/opt/tools/cadence/installs/ASSURA41/tools.lnx86/bin/cdnsEnvCheck): Rocky Linux release 8.10 (Green Obsidian) detected (set environment variable CDS_SKIP_OS_CHECK_ON_STARTUP=1 to suppress).
Virtuoso Framework License (111) was checked out successfully. Total checkout time was 0.01s.
@(#)$CDS: dfIIToVdb_64 version av4.1:Production:dfII25.1-64b:IC25.1-64b.38 08/06/2025 03:34 (sjfdcl919) $
sub-version 4.1_USR7_HF3, integ signature 2025-08-06-0300

run on edatools from /opt/tools/cadence/installs/ASSURA41/tools.lnx86/assura/bin/64bit/dfIIToVdb on Wed Sep 30 06:41:48 2026

Loading all available p-cell functions
AMS_DB set to cds
No mx check
ROD pcell code loaded
function genericcomp redefined
function getVal redefined
function getValCase redefined
function rel_comp redefined
function abs_comp redefined
function lvsCase redefined
function compCheckForErrors redefined

Loading tech rule set file : /opt/pdk/ams/5.10.1/X35/assura/h35b4/h35b4d3/techRuleSets

Loading tech rule set file : /opt/pdk/ams/5.10.1/X35/assura/h35b4/h35b4d3/techRuleSets

Loading tech rule set file : /opt/pdk/ams/5.10.1/X35/assura/h35b4/h35b4d3/techRuleSets
Express Pcell license has been checked out for the Express Pcell feature.
Compiling rules...

WARNING LVS Run detected.
Non-legacy mode has been disabled for this LVS run
2026/09/30 06:41:49 INFO (/opt/tools/cadence/installs/ASSURA41/tools.lnx86/bin/cdnsEnvCheck): Rocky Linux release 8.10 (Green Obsidian) detected (set environment variable CDS_SKIP_OS_CHECK_ON_STARTUP=1 to suppress).
Checking out license for Assura_LVS
*WARNING* Failed to obtain license for Assura_LVS
No Assura license available.
Checking out license for Phys_Ver_Sys_LVS_XL
*WARNING* Failed to obtain license for Phys_Ver_Sys_LVS_XL
Checking out license for Phys_Ver_Sys_DRC_XL
*WARNING* Failed to obtain license for Phys_Ver_Sys_DRC_XL
Checking out license for Pegasus_LVS_SP
*WARNING* Failed to obtain license for Pegasus_LVS_SP
Checking out license for Pegasus_LVS

Reading the design data...



Finished dfIIToVdb.

Building the VDB part 2 in background mode.
2026/09/30 06:41:49 INFO (/opt/tools/cadence/installs/ASSURA41/tools.lnx86/bin/cdnsEnvCheck): Rocky Linux release 8.10 (Green Obsidian) detected (set environment variable CDS_SKIP_OS_CHECK_ON_STARTUP=1 to suppress).

Building tables for LVS Preprocessing in background mode.


Starting /opt/tools/cadence/installs/ASSURA41/tools.lnx86/assura/bin/vdbToCells /home/saul/projects/AMS35_H35_MINIMAL/ASSURA_LVS/top top

Finished /opt/tools/cadence/installs/ASSURA41/tools.lnx86/assura/bin/vdbToCells

Starting Nvn PreExtraction...

Starting /opt/tools/cadence/installs/ASSURA41/tools.lnx86/assura/bin/nvn /home/saul/projects/AMS35_H35_MINIMAL/ASSURA_LVS/top/top.rsf -preExtract -exec1 -cdslib /home/saul/projects/AMS35_H35_MINIMAL/cds.lib
Checking out license for Assura_LVS
Checking out license for Phys_Ver_Sys_LVS_XL
Checking out license for Phys_Ver_Sys_DRC_XL
Checking out license for Pegasus_LVS_SP
Checking out license for Pegasus_LVS
@(#)$CDS: nvn_64 version av4.1:Production:dfII25.1-64b:IC25.1-64b.38 08/06/2025 03:34 (sjfdcl919) $
sub-version 4.1_USR7_HF3, integ signature 2025-08-06-0300
run on edatools at Wed Sep 30 06:41:50 2026
Loading all available p-cell functions
AMS_DB set to cds
No mx check
ROD pcell code loaded
function genericcomp redefined
function getVal redefined
function getValCase redefined
function rel_comp redefined
function abs_comp redefined
function lvsCase redefined
function compCheckForErrors redefined
Reading schematic network
 running dfIIToVldb -cdslib /home/saul/projects/AMS35_H35_MINIMAL/cds.lib /home/saul/projects/AMS35_H35_MINIMAL/ASSURA_LVS/top/top.vlr /home/saul/projects/AMS35_H35_MINIMAL/ASSURA_LVS/top/top.rsf
Virtuoso Framework License (111) was checked out successfully. Total checkout time was 0.01s.
@(#)$CDS: dfIIToVldb_64 version av4.1:Production:dfII25.1-64b:IC25.1-64b.38 08/06/2025 03:34 (sjfdcl919) $
sub-version 4.1_USR7_HF3, integ signature 2025-08-06-0300

run on edatools from /opt/tools/cadence/installs/ASSURA41/tools.lnx86/assura/bin/64bit/dfIIToVldb on Wed Sep 30 06:41:50 2026

Loading all available p-cell functions
AMS_DB set to cds
No mx check
ROD pcell code loaded
function genericcomp redefined
function getVal redefined
function getValCase redefined
function rel_comp redefined
function abs_comp redefined
function lvsCase redefined
function compCheckForErrors redefined

Loading tech rule set file : /opt/pdk/ams/5.10.1/X35/assura/h35b4/h35b4d3/techRuleSets
function modelName redefined
function namePrefix redefined
function termMapping redefined
function termOrder redefined
function instParams redefined
Top Cell Library: "MINIMAL_TOP"
Top Cell Name: "top"
Top Cell View: "schematic"
Output Data Base Name: "/home/saul/projects/AMS35_H35_MINIMAL/ASSURA_LVS/top/top.sdb"
Simulator Name: "auCdl"
Failed to obtain license for "Assura_LVS". 
Checking out license for Phys_Ver_Sys_LVS_XL
ERROR (LMF-02005): License call failed for feature Assura_LVS, version 4.100 and quantity 1. The license server search path is defined as 3000@lic08.ug.kth.se:29000@lic06.ug.kth.se. The FLEXnet error message is as follows,
    FLEXnet ERROR(-5, 0, 0): No such feature exists.

Run 'lic_error LMF-02005' for more information.
Failed to obtain license for Phys_Ver_Sys_LVS_XL
Checking out license for Phys_Ver_Sys_LVS_XL
Failed to obtain license for Phys_Ver_Sys_LVS_XL
Checking out license for Phys_Ver_Sys_DRC_XL
Failed to obtain license for Phys_Ver_Sys_DRC_XL
Checking out license for Pegasus_LVS_SP
Failed to obtain license for Pegasus_LVS_SP
Checking out license for Pegasus_LVS
View List: "auCdl schematic cmos_sch symbol"
Stop List: "auCdl"
Net Listing Mode is Analog
Global net gndrA! found
Global net vddoA! found
Global net gnd3r! found
Global net vddrA! found
Global net gndoA! found
Global net vdd3r! found
Global net gnd3o! found
Global net vdd3o! found
*WARNING* Connection error: The instTerm. REF, on instance RLIB_GC1 in cell GND3ALLP_HV cmos_sch IOLIB_HV_4M does not have a corresponding terminal in the master, RPOLY1.
*WARNING* Connection error: The instTerm. REF, on instance RLIB_GC1 in cell VDD3ALLP_HV cmos_sch IOLIB_HV_4M does not have a corresponding terminal in the master, RPOLY1.
*WARNING* Connection error: The instTerm. REF, on instance RLIB_GC1 in cell VSUBALLP_HV cmos_sch IOLIB_HV_4M does not have a corresponding terminal in the master, RPOLY1.
*WARNING* Connection error: The instTerm. REF, on instance RLIB1 in cell ICP_HV cmos_sch IOLIB_HV_4M does not have a corresponding terminal in the master, RPOLY1.
*WARNING* Connection error: The instTerm. REF, on instance R1 in cell g_proto_HV schematic IOLIB_HV_4M does not have a corresponding terminal in the master, RPOLY1.
*WARNING* Connection error: The instTerm. REF, on instance RLIB_GC1 in cell AGND3ALLP_HV schematic IOLIB_ANA_HV_4M does not have a corresponding terminal in the master, RPOLY1.
*WARNING* Connection error: The instTerm. REF, on instance RLIB_GC1 in cell AVDD3ALLP_HV schematic IOLIB_ANA_HV_4M does not have a corresponding terminal in the master, RPOLY1.
*WARNING* Connection error: The instTerm. REF, on instance R7 in cell APRIO200P_HV schematic IOLIB_ANA_HV_4M does not have a corresponding terminal in the master, RPOLY2.
*WARNING* Connection error: The instTerm. REF, on instance R5 in cell APRIO200P_HV schematic IOLIB_ANA_HV_4M does not have a corresponding terminal in the master, RPOLY2.
*WARNING* Connection error: The instTerm. REF, on instance R2 in cell APRIO200P_HV schematic IOLIB_ANA_HV_4M does not have a corresponding terminal in the master, RPOLY2.
*WARNING* Connection error: The instTerm. REF, on instance R3 in cell APRIO200P_HV schematic IOLIB_ANA_HV_4M does not have a corresponding terminal in the master, RPOLY2.
*WARNING* Connection error: The instTerm. REF, on instance R0 in cell APRIO200P_HV schematic IOLIB_ANA_HV_4M does not have a corresponding terminal in the master, RPOLY2.
*WARNING* Connection error: The instTerm. REF, on instance R4 in cell APRIO200P_HV schematic IOLIB_ANA_HV_4M does not have a corresponding terminal in the master, RPOLY2.
*WARNING* Connection error: The instTerm. REF, on instance R1 in cell APRIO200P_HV schematic IOLIB_ANA_HV_4M does not have a corresponding terminal in the master, RPOLY2.
*WARNING* Connection error: The instTerm. REF, on instance R8 in cell APRIO200P_HV schematic IOLIB_ANA_HV_4M does not have a corresponding terminal in the master, RPOLY2.
*WARNING* Connection error: The instTerm. REF, on instance R6 in cell APRIO200P_HV schematic IOLIB_ANA_HV_4M does not have a corresponding terminal in the master, RPOLY2.
*WARNING* Connection error: The instTerm. REF, on instance R7 in cell APRIOP_HV schematic IOLIB_ANA_HV_4M does not have a corresponding terminal in the master, RPOLY2.
*WARNING* Connection error: The instTerm. REF, on instance R5 in cell APRIOP_HV schematic IOLIB_ANA_HV_4M does not have a corresponding terminal in the master, RPOLY2.
*WARNING* Connection error: The instTerm. REF, on instance R2 in cell APRIOP_HV schematic IOLIB_ANA_HV_4M does not have a corresponding terminal in the master, RPOLY2.
*WARNING* Connection error: The instTerm. REF, on instance R3 in cell APRIOP_HV schematic IOLIB_ANA_HV_4M does not have a corresponding terminal in the master, RPOLY2.
*WARNING* Connection error: The instTerm. REF, on instance R0 in cell APRIOP_HV schematic IOLIB_ANA_HV_4M does not have a corresponding terminal in the master, RPOLY2.
*WARNING* Connection error: The instTerm. REF, on instance R4 in cell APRIOP_HV schematic IOLIB_ANA_HV_4M does not have a corresponding terminal in the master, RPOLY2.
*WARNING* Connection error: The instTerm. REF, on instance R1 in cell APRIOP_HV schematic IOLIB_ANA_HV_4M does not have a corresponding terminal in the master, RPOLY2.
*WARNING* Connection error: The instTerm. REF, on instance R8 in cell APRIOP_HV schematic IOLIB_ANA_HV_4M does not have a corresponding terminal in the master, RPOLY2.
Global net vdd! found
Global net psub! found
writing /home/saul/projects/AMS35_H35_MINIMAL/ASSURA_LVS/top/top.sdb
*WARNING* Connection error: The instTerm. REF, on instance R6 in cell APRIOP_HV schematic IOLIB_ANA_HV_4M does not have a corresponding terminal in the master, RPOLY2.
 inputting /home/saul/projects/AMS35_H35_MINIMAL/ASSURA_LVS/top/top.sdb
Reading layout network
 inputting network ASSURA_LVS/top/top.ldb
Preprocessing schematic network phase 1
*WARNING* genericDevice("RDIFFNR") - cell does not exist. This command will be ignored.
*WARNING* genericDevice("PJFET") - cell does not exist. This command will be ignored.
*WARNING* genericDevice("CVARIT") - cell does not exist. This command will be ignored.
*WARNING* genericDevice("CVARITPIPHD") - cell does not exist. This command will be ignored.
*WARNING* genericDevice("CVARIM") - cell does not exist. This command will be ignored.
*WARNING* genericDevice("CVARIH") - cell does not exist. This command will be ignored.
*WARNING* genericDevice("CPVARITPIPHD") - cell does not exist. This command will be ignored.
 WARNING (AVLVSNN-10050) : lddDevice - cell 'NMOSFI25H' not found.
 WARNING (AVLVSNN-10050) : mosDevice - cell 'NMOSISLN' not found.
 WARNING (AVLVSNN-10050) : mosDevice - cell 'NMOSIML' not found.
 WARNING (AVLVSNN-10050) : mosDevice - cell 'NMOSIMW' not found.
 WARNING (AVLVSNN-10050) : mosDevice - cell 'NMOSIM' not found.
 WARNING (AVLVSNN-10050) : mosDevice - cell 'NMOSIL' not found.
 WARNING (AVLVSNN-10050) : mosDevice - cell 'NMOSIW' not found.
 WARNING (AVLVSNN-10050) : mosDevice - cell 'NMOSI' not found.
 WARNING (AVLVSNN-10050) : mosDevice - cell 'NMOSFI25HS' not found.
*WARNING* genericDevice("PDL2N05S02") - cell does not exist. This command will be ignored.
*WARNING* genericDevice("PDL2N02S02") - cell does not exist. This command will be ignored.
*WARNING* genericDevice("PDL2N02S01") - cell does not exist. This command will be ignored.
*WARNING* genericDevice("PDL2N01S01") - cell does not exist. This command will be ignored.
*WARNING* genericDevice("PNPLAT3") - cell does not exist. This command will be ignored.
*WARNING* genericDevice("LAT2") - cell does not exist. This command will be ignored.
*WARNING* genericDevice("GCNSCR1") - cell does not exist. This command will be ignored.
*WARNING* genericDevice("CVART") - cell does not exist. This command will be ignored.
*WARNING* genericDevice("CVARM") - cell does not exist. This command will be ignored.
*WARNING* genericDevice("CVAR") - cell does not exist. This command will be ignored.
*WARNING* deleteCellPin - Unable to find cell 'PMOSDVST'
*WARNING* deleteCellPin - Unable to find cell 'PMOSD20T'
*WARNING* deleteCellPin - Unable to find cell 'PMOSD20M'
*WARNING* deleteCellPin - Unable to find cell 'PMOSD10MH'
*WARNING* deleteCellPin - Unable to find cell 'NMOSDIVST'
*WARNING* deleteCellPin - Unable to find cell 'NMOSDI50T'
*WARNING* deleteCellPin - Unable to find cell 'NMOSDI50H'
*WARNING* deleteCellPin - Unable to find cell 'NMOSDI20T'
*WARNING* deleteCellPin - Unable to find cell 'NMOSDI20M'
*WARNING* deleteCellPin - Unable to find cell 'NMOSDI20H'
*WARNING* deleteCellPin - Unable to find cell 'NMOSD20M'
*WARNING* deleteCellPin - Unable to find cell 'NMOSD10MH'
*WARNING* deleteCellPin - Unable to find cell 'PMOSD30M'
Preprocessing layout network phase 1
*WARNING* deleteCellPin - Unable to find cell 'RPOLYZ'
*WARNING* deleteCellPin - Unable to find cell 'RPOLYM'
*WARNING* deleteCellPin - Unable to find cell 'RPOLY2P'
*WARNING* deleteCellPin - Unable to find cell 'PNPVERT15'
*WARNING* deleteCellPin - Unable to find cell 'PNPVERT2'
*WARNING* deleteCellPin - Unable to find cell 'PNPVERT5'
*WARNING* deleteCellPin - Unable to find cell 'PNPVERT3'
*WARNING* deleteCellPin - Unable to find cell 'PMOSD30M'
Preprocessing schematic network phase 2
Preprocessing layout network phase 2
cpu=0.00m  wall=0.02m  mem=121.73mb

Finished /opt/tools/cadence/installs/ASSURA41/tools.lnx86/assura/bin/nvn

Executing: substrate_all = cellBoundary(root)

Building the VDB part 3 in background mode.
2026/09/30 06:41:50 INFO (/opt/tools/cadence/installs/ASSURA41/tools.lnx86/bin/cdnsEnvCheck): Rocky Linux release 8.10 (Green Obsidian) detected (set environment variable CDS_SKIP_OS_CHECK_ON_STARTUP=1 to suppress).

Finished building the VDB. VDB build times for main process:
cpu: 0.11  elap: 2  pf: 0  in: 0  out: 224  virt: 2349M  phys: 613M

Running the Task Processor, 50 cells, 12658 steps...

Top Cell is 'top layout MINIMAL_TOP'

Executing: PAD_BARC = geomEmpty()

Executing: OPTDEF = geomEmpty()

Executing: PIN_DNTUB = geomEmpty()

Executing: PIN_SNTUB = geomEmpty()

Executing: PIN_NTUB = geomEmpty()

Executing: PIN_DPTUB = geomEmpty()

Executing: PIN_NDIFF = geomEmpty()

Executing: PIN_PDIFF = geomEmpty()

Executing: POLY1_pinshape = geomOr(POLY1_sympin geomTextShape(POLY1_pintext))

Executing: MET1_pinshape = geomOr(MET1_sympin geomTextShape(MET1_pintext))

Executing: MET2_pinshape = geomOr(MET2_sympin geomTextShape(MET2_pintext))

Executing: MET3_pinshape = geomOr(MET3_sympin geomTextShape(MET3_pintext))

Executing: MET4_pinshape = geomOr(MET4_sympin geomTextShape(MET4_pintext))

Executing: PAD_pinshape = geomTextShape(PAD_pintext)

Executing: DEVDEF_pinshape = geomTextShape(DEVDEF_pin_pintext 0.5)

Executing: OPTDEF_phdpinb750_pinshape = geomEmpty()

Executing: subdef_ring = geomAndNot(SUBDEF geomSize(SUBDEF -0.05))

Executing: PIN_DNTUB_ring = geomAndNot(geomSize(PIN_DNTUB 0.05) PIN_DNTUB)

Executing: ntub_all = geomOr(geomOr(NTUB DNTUB) SNTUB)

Executing: rptub_all = geomAnd(DPTUB SPTUB)

Executing: ntub_subdefcut = geomAndNot(ntub_all subdef_ring)

Executing: net_psub1 = geomOr(geomAndNot(substrate_all subdef_ring) geomAnd(subdef_ring ...

Executing: net_psub = geomAndNot(net_psub1 PIN_DNTUB_ring)

Executing: net_psub_out_nwell = geomAndNot(substrate_all ntub_all)

Executing: diff_cut = geomAndNot(DIFF DIFCUT)

Executing: poly1_cut = geomAndNot(POLY1 PO1CUT)

Executing: poly2_cut = geomAndNot(POLY2 PO2CUT)

Executing: poly1_n_poly2 = geomAndNot(poly1_cut poly2_cut)

Executing: net_poly1con = geomAnd(CONT poly1_n_poly2)

Executing: net_poly2con = geomAnd(CONT poly2_cut)

Executing: ndiff_1 = geomAnd(diff_cut NPLUS)

Executing: pdiff_1 = geomAnd(diff_cut PPLUS)

Executing: RESMAT = geomGetTexted(RESDEF RESDEF_text "RESMAT")

Executing: pfuse = geomAnd(poly1_cut DEVDEF_pfuse)

Executing: PFUSE_device = geomCat(pfuse)

Executing: poly1_poly2 = geomAnd(POLY1 POLY2)

Executing: pres1_1 = geomAndNot(geomAnd(poly1_cut RESDEF) HRES)

Executing: pres1_2 = geomAndNot(pres1_1 poly1_poly2)

Executing: pres1_3 = geomAndNot(pres1_2 RESTRM)

Executing: pres1 = geomAvoiding(pres1_3 pfuse)

Executing: resdef_2p = geomGetTexted(RESDEF RESDEF_text "RPOLY2P")

Executing: presp_1 = geomAndNot(geomAnd(poly2_cut resdef_2p) HRES)

Executing: presp_2 = geomAndNot(presp_1 poly1_poly2)

Executing: presp = geomAndNot(presp_2 RESTRM)

Executing: resdef_2ph = geomGetTexted(RESDEF RESDEF_text "RPOLY2PH")

Executing: presph_1 = geomAndNot(geomAnd(poly2_cut resdef_2ph) HRES)

Executing: presph_2 = geomAndNot(presph_1 poly1_poly2)

Executing: presph = geomAndNot(presph_2 RESTRM)

Executing: resdef = geomAndNot(geomAndNot(RESDEF resdef_2p) resdef_2ph)

Executing: pres_1 = geomAndNot(geomAnd(poly2_cut resdef) HRES)

Executing: pres_2 = geomAndNot(pres_1 poly1_poly2)

Executing: pres = geomAndNot(pres_2 RESTRM)

Executing: presh_1 = geomAnd(poly2_cut HRES)

Executing: presh = geomAnd(geomAndNot(presh_1 PPLUS) RESDEF)

Executing: preshterm = geomAnd(presh_1 PPLUS)

Executing: pdres_1 = geomAnd(pdiff_1 RESDEF)

Executing: pdres_2 = geomAvoiding(pdres_1 pres)

Executing: pdres_all = geomAndNot(pdres_2 RESTRM)

Executing: pdres_s = geomAnd(pdres_all geomAnd(SNTUB DNTUB))

Executing: pdres = geomAndNot(pdres_all pdres_s)

Executing: RDIFFP_device_raw = geomCat(pdres)

Executing: RDIFFPS_device_raw = geomCat(pdres_s)

Executing: RDIFFP_device = geomCat(RDIFFP_device_raw)

Executing: RDIFFPS_device = geomCat(RDIFFPS_device_raw)

Executing: ndres_1 = geomAnd(ndiff_1 RESDEF)

Executing: ndres_2 = geomAvoiding(ndres_1 pres)

Executing: ndres_all = geomAndNot(ndres_2 RESTRM)

Executing: ndres_r = geomAnd(ndres_all geomAnd(DNTUB rptub_all))

Executing: ndres = geomAndNot(ndres_all ndres_r)

Executing: RDIFFN_device_raw = geomCat(ndres)

Executing: RDIFFNR_device_raw = geomCat(ndres_r)

Executing: RDIFFN_device = geomCat(RDIFFN_device_raw)

Executing: RDIFFNR_device = geomCat(RDIFFNR_device_raw)

Executing: nwres_1 = geomAnd(NTUB TUBDEF)

Executing: nwres_3 = geomAvoiding(nwres_1 RDIFFP_device_raw)

Executing: nwres_4 = geomAvoiding(nwres_3 RDIFFN_device_raw)

Executing: RNWELL_device_raw = geomAndNot(nwres_4 RESTRM)

Executing: nwres_s_1 = geomAnd(SNTUB TUBDEF)

Executing: nwres_s_2 = geomAvoiding(nwres_s_1 pdres)

Executing: nwres_s_3 = geomAvoiding(nwres_s_2 ndres)

Executing: nwres_s = geomAndNot(nwres_s_3 RESTRM)

Executing: RNWELLS_device_raw = geomCat(nwres_s)

Executing: pwres_r_1 = geomButtOrOver(geomAnd(geomAnd(DPTUB SPTUB) TUBDEF) RESTRM)

Executing: pwres_r = geomAndNot(pwres_r_1 RESTRM)

Executing: RPWELLR_device_raw = geomCat(pwres_r)

Executing: pwres_r_edge = geomGetEdge(pwres_r coincident TUBDEF)

Executing: pwres_r_edges = geomSize(pwres_r_edge 2.0 unmergedOut edges)

Executing: pwres_r_cutdptub = geomOr(pwres_r pwres_r_edges)

Executing: RNWELL_device = geomCat(RNWELL_device_raw)

Executing: RNWELLS_device = geomCat(RNWELLS_device_raw)

Executing: RPWELLR_device = geomCat(RPWELLR_device_raw)

Executing: nwres_trm = geomButting(RESTRM RNWELL_device_raw)

Executing: nwres_s_trm = geomButting(RESTRM RNWELLS_device_raw)

Executing: pwres_r_trm = geomButting(RESTRM RPWELLR_device_raw)

Executing: pdres_trm = geomButting(RESTRM RDIFFP_device_raw)

Executing: pdres_s_trm = geomButting(RESTRM RDIFFPS_device_raw)

Executing: ndres_trm = geomButting(RESTRM RDIFFN_device_raw)

Executing: ndres_r_trm = geomButting(RESTRM RDIFFNR_device_raw)

Executing: pres_trm = geomButting(RESTRM pres)

Executing: presph_trm = geomButting(RESTRM presph)

Executing: pres1_trm = geomButting(RESTRM pres1)

Executing: presh_trm = geomButting(preshterm presh)

Executing: pjfet_1 = geomGetHoled(geomAnd(SNTUB DNTUB))

Executing: pjfet_2 = geomEnclose(geomAnd(geomHoles(pjfet_1) DNTUB) geomAnd(rptub_all pdi...

Executing: pjfet_3 = geomGetHoled(geomAnd(ndiff_1 pjfet_1))

Executing: pjfet_4 = geomAvoiding(geomHoles(pjfet_3) POLY1)

Executing: pjfet_5 = geomEnclose(geomEnclose(pjfet_4 pjfet_2) DPTUB)

Executing: pjfet_6_1 = geomAndNot(geomAndNot(geomAnd(pjfet_1 DPTUB) SPTUB) DIFF)

Executing: pjfet_6 = drc(pjfet_6_1 (width < 3.0) parallel opposite)

Executing: PJFET_device = geomAnd(geomButtOrOver(pjfet_5 pjfet_6) DPTUB)

Executing: pjfet_cut = geomButtOrOver(pjfet_6 pjfet_5)

Executing: pjfet_sntubmid_ele = geomButtOrOver(pjfet_6 PJFET_device)

Executing: net_poly1 = geomAndNot(geomAndNot(poly1_cut pres1) pfuse)

Executing: poly2_1 = geomAndNot(poly2_cut pres)

Executing: poly2_2 = geomAndNot(poly2_1 presp)

Executing: poly2_3 = geomAndNot(poly2_2 presph)

Executing: net_poly2 = geomAndNot(poly2_3 presh)

Executing: HALL_XY12x12_Zx2_LN_device = geomGetTexted(HALDEF HALDEF_text "HALL_XY12x12_Z...

Executing: HALL_XY12x12_Zx2_STD_device = geomGetTexted(HALDEF HALDEF_text "HALL_XY12x12_...

Executing: HALL_XY8x8_Zx2_LN_device = geomGetTexted(HALDEF HALDEF_text "HALL_XY8x8_Zx2_L...

Executing: HALL_XY8x8_Zx2_STD_device = geomGetTexted(HALDEF HALDEF_text "HALL_XY8x8_Zx2_...

Executing: HALL_C1_H35_device = geomGetTexted(HALDEF HALDEF_text "HALL_C1_H35_REV_*")

Executing: HALL_C1_H35X2_device = geomGetTexted(HALDEF HALDEF_text "HALL_C1_H35X2_REV_*")

Executing: HALL_C1_H35X4_device = geomGetTexted(HALDEF HALDEF_text "HALL_C1_H35X4_REV_*")

Executing: HALL_C2_H35_device = geomGetTexted(HALDEF HALDEF_text "HALL_C2_H35_REV_*")

Executing: HALL_C2_H35X2_device = geomGetTexted(HALDEF HALDEF_text "HALL_C2_H35X2_REV_*")

Executing: HALL_C2_H35X4_device = geomGetTexted(HALDEF HALDEF_text "HALL_C2_H35X4_REV_*")

Executing: halldef_cut = geomButtOrOver(geomSize(HALDEF -11.0) geomCat(HALL_C1_H35_devic...

Executing: net_nwell = geomAndNot(ntub_subdefcut geomCat(RNWELL_device_raw RNWELLS_devic...

Executing: net_pwell = geomAndNot(geomOr(DPTUB SPTUB) geomOr(pwres_r_cutdptub pjfet_cut))

Executing: net_pwell_out_nwell = geomAndNot(net_pwell ntub_all)

Executing: ndiff_2 = geomAndNot(ndiff_1 net_poly1)

Executing: net_ndiff = geomAndNot(ndiff_2 ndres_all)

Executing: pdiff_2 = geomAndNot(pdiff_1 net_poly1)

Executing: net_pdiff = geomAndNot(pdiff_2 geomOr(pdres_all pwres_r))

Executing: trans_n = geomAnd(ndiff_1 net_poly1)

Executing: trans = geomAnd(diff_cut net_poly1)

Executing: ngate = geomAnd(trans geomOr(net_psub_out_nwell net_pwell))

Executing: pgate = geomAnd(trans geomAndNot(net_nwell net_pwell))

Executing: gate = geomOr(ngate pgate)

Executing: ndev = geomAnd(ngate NPLUS)

Executing: pdev = geomAnd(pgate PPLUS)

Executing: pnpvert_0 = geomAnd(net_pdiff geomSize(NTUB 1.1))

Executing: pnpvert_1 = drc(geomHoles(pnpvert_0 innermost) (area < 1000.0))

Executing: pnpvert_2 = geomInside(NTUB pnpvert_1)

Executing: pnpvert_3 = geomAnd(net_ndiff pnpvert_2)

Executing: geomHoles(pnpvert_3)

Executing: pnpvert_5 = geomInside(net_pdiff pnpvert_4)

Executing: pnpvert10_e = geomGetLength(pnpvert_5 ((39.9 < keep) < 40.1) contiguous fig)

Executing: VERT10_device_raw = geomSize(pnpvert10_e 2.0)

Executing: VERT10_device = geomCat(VERT10_device_raw)

Executing: pnplat = drc(geomHoles(pdev) (area < 10.0))

Executing: pnplat2_e = geomGetLength(pnplat ((7.5 < keep) < 8.05) contiguous fig)

Executing: poa_waffle_poly1_1 = geomAvoiding(geomAndNot(geomGetHoled(POLY1) HVDEF) pnpla...

Executing: poa_waffle_holes = geomEnclose(geomAnd(geomHoles(poa_waffle_poly1_1 innermost...

Executing: poa_waffle_poly1 = geomAndNot(poa_waffle_poly1_1 geomGetHoled(geomOr(poa_waff...

Executing: poa_waffle_gate_xx = geomGetEdge(poa_waffle_holes butting poa_waffle_poly1)

Executing: poa_waffle_gate_1 = geomSize(poa_waffle_gate_xx 1.5)

Executing: poa_waffle_gate_all = geomButtOrOver(geomAnd(poa_waffle_gate_1 poa_waffle_pol...

Executing: poa_waffle_gate_all_box = geomSize(geomGetBBox(poa_waffle_gate_all) -0.1)

Executing: poa_waffle_gate_all_box_ext = geomAndNot(poa_waffle_gate_all poa_waffle_gate_...

Executing: poa_mos_waffle_2x = geomButtOrOver(poa_waffle_gate_all poa_waffle_gate_all_bo...

Executing: poa_mos_waffle_3x = geomButtOrOver(poa_waffle_gate_all poa_waffle_gate_all_bo...

Executing: poa_mos_waffle_4x = geomAndNot(poa_waffle_gate_all geomOr(poa_mos_waffle_2x p...

Executing: poa_nmos_waffle_2x = geomAndNot(geomAnd(poa_mos_waffle_2x NPLUS) MIDOX)

Executing: poa_nmos_midox_waffle_2x = geomAnd(geomAnd(poa_mos_waffle_2x NPLUS) MIDOX)

Executing: poa_nmos_waffle_3x = geomAndNot(geomAnd(poa_mos_waffle_3x NPLUS) MIDOX)

Executing: poa_nmos_midox_waffle_3x = geomAnd(geomAnd(poa_mos_waffle_3x NPLUS) MIDOX)

Executing: poa_nmos_waffle_4x = geomAndNot(geomAnd(poa_mos_waffle_4x NPLUS) MIDOX)

Executing: poa_nmos_midox_waffle_4x = geomAnd(geomAnd(poa_mos_waffle_4x NPLUS) MIDOX)

Executing: poa_pmos_waffle_2x = geomAndNot(geomAnd(poa_mos_waffle_2x PPLUS) MIDOX)

Executing: poa_pmos_midox_waffle_2x = geomAnd(geomAnd(poa_mos_waffle_2x PPLUS) MIDOX)

Executing: poa_pmos_waffle_3x = geomAndNot(geomAnd(poa_mos_waffle_3x PPLUS) MIDOX)

Executing: poa_pmos_midox_waffle_3x = geomAnd(geomAnd(poa_mos_waffle_3x PPLUS) MIDOX)

Executing: poa_pmos_waffle_4x = geomAndNot(geomAnd(poa_mos_waffle_4x PPLUS) MIDOX)

Executing: poa_pmos_midox_waffle_4x = geomAnd(geomAnd(poa_mos_waffle_4x PPLUS) MIDOX)

Executing: poa_nmos_waffle_all = geomOr(poa_nmos_waffle_2x poa_nmos_midox_waffle_2x poa_...

Executing: poa_pmos_waffle_all = geomOr(poa_pmos_waffle_2x poa_pmos_midox_waffle_2x poa_...

Executing: LAT2_device = geomOutside(geomButtOnly(pdev pnplat2_e) poa_pmos_waffle_2x)

Executing: pnplat2_c = geomAndNot(geomButtOnly(net_pdiff LAT2_device) pnplat2_e)

Executing: nwell_ill = geomButtOnly(NTUB trans)

Executing: nwell_hv_trans = geomStraddle(NTUB trans)

Executing: nwell_ovlp_good = drc(nwell_hv_trans trans ((1.6 <= ovlp) <= 1.6) opposite pa...

Executing: nwell_ovlp_bad = drc(nwell_hv_trans trans (ovlp < 2.0) opposite parallel)

Executing: ill_hvmos_nwell = geomOr(nwell_ill geomEnclose(NTUB geomAvoiding(nwell_ovlp_b...

Executing: errorLayer(geomAvoiding(geomButtOrOver(ndev ill_hvmos_nwell) nwell_ovlp_good) "DEVICE Error: Illegal nmosh device")

Executing: routp_n_trans = geomAndNot(net_poly1 trans)

Executing: pmos_1 = geomAndNot(pdev LAT2_device)

Executing: pmos_2 = geomAnd(geomButtOnly(pmos_1 routp_n_trans) NTUB)

Executing: pmos_3 = geomButtOnly(pmos_2 net_pdiff (keep == 2))

Executing: pmos_4 = geomAndNot(pmos_3 MIDOX)

Executing: PMOSM_device = geomAnd(pmos_3 MIDOX)

Executing: PMOS_device = geomAndNot(pmos_4 RFDEF)

Executing: pmosi_1 = geomAnd(pdev geomAnd(DNTUB SNTUB))

Executing: geomHoles(pmosi_1)

Executing: pmosi_3 = geomAvoiding(pmosi_1 pmosi_2)

Executing: pmosi_4 = geomButting(pmosi_3 net_pdiff (keep > 1))

Executing: pmosi_5 = geomButting(pmosi_4 routp_n_trans)

Executing: pmosi_all = geomAndNot(pmosi_5 MIDOX)

Executing: pmosi_midox_all = geomAnd(pmosi_5 MIDOX)

Executing: pmosi = geomAndNot(pmosi_all LVTDEF)

Executing: pmosi_midox = geomAndNot(pmosi_midox_all LVTDEF)

Executing: pmosi_lvt = geomAnd(pmosi_all LVTDEF)

Executing: pmosi_mlvt = geomAnd(pmosi_midox_all LVTDEF)

Executing: PMOSI_device = geomCat(pmosi)

Executing: PMOSIM_device = geomCat(pmosi_midox)

Executing: PMOSIL_device = geomCat(pmosi_lvt)

Executing: PMOSIML_device = geomCat(pmosi_mlvt)

Executing: pmoss_1 = geomAnd(geomAndNot(geomAnd(pdev SNTUB) DNTUB) LVTDEF)

Executing: pmoss_4 = geomButtOnly(pmoss_1 net_pdiff (keep > 1))

Executing: pmoss_5 = geomButtOnly(pmoss_4 routp_n_trans)

Executing: pmoss_lvt = geomAndNot(pmoss_5 MIDOX)

Executing: pmoss_mlvt = geomAnd(pmoss_5 MIDOX)

Executing: PMOSSL_device = geomCat(pmoss_lvt)

Executing: PMOSSML_device = geomCat(pmoss_mlvt)

Executing: nmosh_1 = geomOr(geomButtOnly(trans NTUB) geomStraddle(trans NTUB))

Executing: nmosh_2 = geomButtOrOver(nmosh_1 ndev)

Executing: nmosi_1 = geomAnd(trans NPLUS)

Executing: nmoshall = geomAnd(nmosh_1 geomAnd(trans NPLUS))

Executing: nmosh_d = geomAnd(net_ndiff geomButtOrOver(NTUB nmoshall))

Executing: nmosh_d_fill = drc(nmosh_d nmosh_2 (sep < 6.0) opposite parallel)

Executing: nmosh = geomOr(nmosh_2 nmosh_d_fill)

Executing: NMOSH_device = geomAvoiding(nmosh MIDOX)

Executing: NMOSMH_device = geomButtOrOver(nmosh MIDOX)

Executing: nmos_1 = geomAndNot(ndev nmosh)

Executing: nmos_2 = geomAvoiding(nmos_1 ill_hvmos_nwell)

Executing: nmos_3 = geomButtOnly(nmos_2 routp_n_trans)

Executing: nmos_4 = geomButtOnly(nmos_3 net_ndiff (keep == 2))

Executing: nmos_5 = geomAvoiding(nmos_4 DNTUB)

Executing: nmos_6 = geomAndNot(nmos_5 MIDOX)

Executing: NMOSM_device = geomAnd(nmos_5 MIDOX)

Executing: NMOS_device = geomAndNot(nmos_6 RFDEF)

Executing: nmosi_2 = geomAnd(nmosi_1 net_pwell)

Executing: nmosi_3 = geomAnd(nmosi_2 DNTUB)

Executing: geomHoles(nmosi_3)

Executing: nmosi_5 = geomAvoiding(nmosi_3 nmosi_4)

Executing: nmosi_6 = geomButting(nmosi_5 net_ndiff (keep > 1))

Executing: nmosi_7 = geomAvoiding(geomButting(nmosi_6 routp_n_trans) poa_nmos_waffle_all)

Executing: nmosi_all = geomAndNot(nmosi_7 MIDOX)

Executing: nmosi_midox_all = geomAnd(nmosi_7 MIDOX)

Executing: nmosi = geomAndNot(nmosi_all LVTDEF)

Executing: nmosi_midox = geomAndNot(nmosi_midox_all LVTDEF)

Executing: nmosi_lvt = geomAnd(nmosi_all LVTDEF)

Executing: nmosi_mlvt = geomAnd(nmosi_midox_all LVTDEF)

Executing: NMOSI_device = geomCat(nmosi)

Executing: NMOSIM_device = geomCat(nmosi_midox)

Executing: NMOSIL_device = geomCat(nmosi_lvt)

Executing: NMOSIML_device = geomCat(nmosi_mlvt)

Executing: metcap_bottom_plate = geomEnclose(MET2 METCAP)

Executing: cmim_all = geomAnd(METCAP metcap_bottom_plate)

Executing: metcap_cmim5v = geomGetTexted(METCAP METCAP_text "CMIM5V")

Executing: metcap_cmim20v = geomGetTexted(METCAP METCAP_text "CMIM20V")

Executing: cpmim = geomAnd(METCAP geomAnd(MET2 geomAnd(POLY2 POLY1)))
	   errorLayer(cpmim "Not Qualified CPMIM device")

Executing: cmim_no_cpmim = geomAvoiding(geomAnd(cmim_all metcap_cmim5v) cpmim)

Executing: cmim20v_no_cpmim = geomAvoiding(geomAnd(cmim_all metcap_cmim20v) cpmim)

Executing: cpoly = geomAnd(geomAndNot(net_poly1 HRES) poly2_cut)

Executing: cpoly_no_cpmim = geomAvoiding(cpoly cpmim)

Executing: cvar = geomAnd(geomAnd(pgate NPLUS) RFDEF)
	   errorLayer(cvar "DEVICE Error illegal element : CVAR_device RF not supported for this technology")

Executing: cvar_all_h35 = geomAvoiding(geomAnd(pgate NPLUS) geomOr(nmosh geomOr(RFDEF HV...

Executing: CVART_device = geomAndNot(geomAndNot(geomAnd(cvar_all_h35 NTUB) DNTUB) MIDOX)

Executing: CVARM_device = geomAnd(geomAndNot(geomAnd(cvar_all_h35 NTUB) DNTUB) MIDOX)

Executing: CVARIM_device = geomAnd(geomAnd(geomAnd(geomAndNot(cvar_all_h35 NTUB) DNTUB) ...

Executing: ndiode_1 = geomAvoiding(geomAndNot(net_ndiff NTUB) trans)

Executing: ND_device_raw = geomAnd(ndiode_1 DIODE)

Executing: pdiode_1 = geomAvoiding(geomAnd(net_pdiff NTUB) trans)

Executing: PD_device_raw = geomAnd(pdiode_1 DIODE)

Executing: NWD_device_raw = geomAnd(NTUB DIODE)

Executing: ND_device = geomCat(ND_device_raw)

Executing: PD_device = geomCat(PD_device_raw)

Executing: NWD_device = geomCat(NWD_device_raw)

Executing: zdiode_1 = geomGetEdge(net_pdiff butting net_ndiff)

Executing: zdiode_2 = geomSize(zdiode_1 0.1 unmergedOut edges)

Executing: zdiode_3 = geomAnd(net_pdiff net_ndiff)

Executing: zdiode_4 = geomOr(zdiode_2 zdiode_3)

Executing: zdiode_5 = geomButtOrOver(net_pdiff zdiode_4)

Executing: zdiode_6 = geomButtOrOver(net_ndiff zdiode_4)

Executing: zdiode_7 = geomOr(zdiode_5 zdiode_6)

Executing: zdiode_8 = geomAnd(zdiode_7 ZENER)

Executing: zdiode_9 = geomEnclose(zdiode_8 zdiode_7)

Executing: zdiode_all = geomAnd(zdiode_4 zdiode_9)

Executing: zdiode_02_1 = drc(zdiode_all ((0.2 <= width) <= 0.2) parallel opposite)

Executing: zdiode_02 = geomButtOrOver(zdiode_all zdiode_02_1)

Executing: ZD2SM24_device = geomOr(zdiode_02)

Executing: net_ndiffcon = geomAndNot(geomAnd(ndiff_1 CONT) net_poly1con)

Executing: net_pdiffcon = geomAndNot(geomAnd(pdiff_1 CONT) net_poly1con)

Executing: te_pro_pad = drc(PAD (area < 2401))

Executing: net_bondpad = geomAndNot(PAD te_pro_pad)

Executing: met1_withslots = geomAndNot(MET1 M1HOLE)

Executing: met2_withslots = geomAndNot(MET2 M2HOLE)

Executing: met3_withslots = geomAndNot(MET3 M3HOLE)

Executing: met4_withslots = geomAndNot(MET4 M4HOLE)

Executing: implant = geomOr(NPLUS PPLUS)

Executing: net_welltap = geomAnd(net_ndiff net_nwell)

Executing: net_ndiff_c_ntub = geomAndNot(geomAnd(net_ndiff net_nwell) net_pwell)

Executing: routingnwell_sntub = geomAnd(net_nwell geomAnd(SNTUB DPTUB))

Executing: ndiff_c_sntub_dptub = geomAnd(net_ndiff routingnwell_sntub)

Executing: net_ndiff_d_ptub = geomAndNot(geomAnd(net_ndiff net_pwell) SNTUB)

Executing: net_ndiff_d_sub = geomAndNot(geomAndNot(net_ndiff net_nwell) net_pwell)

Executing: pdiff_c_ptub_1 = geomAnd(net_pdiff net_pwell)

Executing: pdiff_c_ptub_2 = geomAnd(geomAndNot(DIFF NPLUS) geomAndNot(SPTUB pwres_r_cutd...

Executing: pdiff_c_ptub_3 = geomAndNot(pdiff_c_ptub_2 net_poly1)

Executing: net_pdiff_c_ptub = geomOr(pdiff_c_ptub_1 pdiff_c_ptub_3)

Executing: net_pdiff_c_sub_0 = geomAndNot(net_pdiff net_nwell)

Executing: net_pdiff_c_sub_1 = geomAndNot(net_pdiff_c_sub_0 net_pwell)

Executing: net_pdiff_c_sub_2 = geomAnd(net_pdiff_c_sub_0 rptub_all)

Executing: net_pdiff_c_sub = geomOr(net_pdiff_c_sub_1 net_pdiff_c_sub_2)

Executing: net_pdiff_d_ntub = geomAndNot(geomAnd(net_pdiff net_nwell) net_pwell)

Executing: allpdiff = geomOr(net_pdiff_c_ptub geomOr(net_pdiff_c_sub net_pdiff_d_ntub))

Executing: allndiff = geomOr(ndiff_c_sntub_dptub geomOr(net_ndiff_c_ntub geomOr(net_ndif...

Executing: alldiffx = geomOr(allpdiff allndiff)

Executing: diffrest_1 = geomAndNot(geomAndNot(geomAndNot(diff_cut geomAndNot(geomAnd(DIF...

Executing: diffrest_2 = geomAndNot(diffrest_1 ZENER)

Executing: diffrest_3 = geomAvoiding(diffrest_2 TUBDEF)

Executing: diffrest = geomAndNot(diffrest_3 geomOr(geomSize(HVDEF 0.05) DEVDEF))
	   errorLayer(diffrest "INFO: unidentified diffusion = diff without implant, outside hv devices")

Executing: vertph_poly_ring = geomGetVertex(geomGetHoled(net_poly1) (keep == 8))

Executing: geomHoles(vertph_poly_ring)

Executing: nmosi50t_ndiff_c_sntub = geomAnd(net_ndiff_c_ntub SNTUB)

Executing: vertph_ntap_1 = geomGetHoled(geomAnd(net_ndiff_c_ntub SNTUB))

Executing: geomHoles(vertph_ntap_1)

Executing: vertph_ptap_1 = geomInside(geomAnd(net_pdiff_c_ptub rptub_all) geomAnd(vertph...

Executing: vertph_device_1 = geomButtOrOver(DNTUB vertph_ptap_1)

Executing: vertph_device_2 = geomButtOrOver(vertph_device_1 vertph_ntap_2)

Executing: vertph_device_3 = geomEnclose(vertph_device_2 vertph_poly_holes)

Executing: VERTPH_device_raw = geomAnd(geomSize(geomOr(vertph_poly_holes vertph_poly_rin...

Executing: VERTPH_device = geomCat(VERTPH_device_raw)

Executing: sandwcap_1 = geomAnd(MET1 geomAnd(MET2 MET3))

Executing: sandwcap_2 = geomAnd(net_poly1 CAPDEF)

Executing: sandwcap_3 = geomAvoiding(geomAnd(sandwcap_1 sandwcap_2) CONT)

Executing: sandwcap_4 = geomAnd(sandwcap_3 DNTUB)

Executing: sandwcap_5 = geomButtOrOver(sandwcap_4 geomButtOnly(geomAnd(sandwcap_4 rptub_...

Executing: CWPM_device = geomCat(sandwcap_5)

Executing: cpm_cap = geomAvoiding(sandwcap_3 CWPM_device)

Executing: CPM_device = geomCat(cpm_cap)

Executing: cmim_metcap = geomGetTexted(METCAP METCAP_text "CMIM5V")

Executing: cmim20_metcap = geomGetTexted(METCAP METCAP_text "CMIM20V")

Executing: cmim = geomAnd(cmim_metcap metcap_bottom_plate)

Executing: CMIM_device = geomCat(cmim)

Executing: cmim20 = geomAnd(cmim20_metcap metcap_bottom_plate)

Executing: CMIM20_device = geomCat(cmim20)

Executing: phdpinb750_lambdaterm_text = geomGetTexted(DEVDEF_pin DEVDEF_pin_text "LAM")

Executing: phdpinb750_pterm_text = geomGetTexted(DEVDEF_pin DEVDEF_pin_text "P")

Executing: DEVDEF_OPTO = geomCat(OPTDEF)

Executing: phd_guard1 = geomGetHoled(geomAndNot(DPTUB SPTUB))

Executing: phd_guard2 = geomHoles(phd_guard1 innermost)

Executing: phd_guard3 = geomEnclose(phd_guard2 geomAndNot(DEVDEF_OPTO DPTUB))

Executing: phd_guard = geomButtOrOver(phd_guard1 phd_guard3)

Executing: phd_guard_holes = geomButtOrOver(phd_guard2 phd_guard)

Executing: phd_guard_holes_net_ndiff = geomAnd(phd_guard_holes net_ndiff)

Executing: phd_guard_holes_net_ndiff_DEVDEF_OPTO = geomAnd(phd_guard_holes_net_ndiff DEV...

Executing: diode_phdpinb750 = geomEnclose(phd_guard_holes_net_ndiff_DEVDEF_OPTO PAD_BARC)

Executing: phdpinb750_lambdaterm = geomButtOrOver(phdpinb750_lambdaterm_text diode_phdpi...

Executing: phdpinb750_pterm = geomButtOrOver(phdpinb750_pterm_text diode_phdpinb750)

Executing: net_phdpinb750_lambdaterm = geomOr(phdpinb750_lambdaterm)

Executing: net_phdpinb750_pterm = geomOr(phdpinb750_pterm)

Executing: dptub_phdpinb750 = geomButtOrOver(geomHoles(DPTUB innermost) diode_phdpinb750)

Executing: dptub_holes_145 = geomSize(dptub_phdpinb750 1.45)

Executing: OPTDEF_lambdaterm_pinshape = geomOverlap(OPTDEF_phdpinb750_pinshape phdpinb75...

Executing: OPTDEF_pterm_pinshape = geomOverlap(OPTDEF_phdpinb750_pinshape phdpinb750_pterm)

Executing: PHDPINB750_device = geomCat(dptub_holes_145)

Executing: PHDPINB750_device_x = geomCat(PHDPINB750_device)
	   errorLayer(PHDPINB750_device_x "Process Modules : PHDPINB750 not available for this process module")

Executing: pdi1n01s002 = geomGetTexted(DEVDEF DEVDEF_text "PDI1N01S002_REV_2.0")

Executing: PDI1N01S002_device = geomAvoiding(geomButtOrOver(geomAnd(geomAnd(pdi1n01s002 ...

Executing: PDI1N01S002_cath = geomAvoiding(geomAnd(net_ndiff PDI1N01S002_device) geomOr(...

Executing: PDI1N01S002_LAM = geomButtOrOver(geomGetTexted(DEVDEF_pin DEVDEF_pin_pintext ...

Executing: PDI1N01S002_P = geomButtOrOver(geomGetTexted(DEVDEF_pin DEVDEF_pin_pintext "P...

Executing: net_PDI1N01S002_LAM = geomOr(PDI1N01S002_LAM)

Executing: net_PDI1N01S002_P = geomOr(PDI1N01S002_P)

Executing: DEVDEF_lambdaterm_pinshape = geomOverlap(DEVDEF_pinshape PDI1N01S002_LAM)

Executing: DEVDEF_pterm_pinshape = geomOverlap(DEVDEF_pinshape PDI1N01S002_P)

Executing: DEVDEF_edge_x = geomSize(DEVDEF_edge 17.5)

Executing: pdi1n13s002 = geomGetTexted(DEVDEF DEVDEF_text "PDI1N13S002_REV_1.0")

Executing: PDI1N13S002_device = geomAvoiding(geomButtOrOver(geomAnd(geomAnd(geomButtOrOv...

Executing: PDI1N13S002_cath = geomAvoiding(geomAnd(net_ndiff PDI1N13S002_device) geomOr(...

Executing: PDI1N13S002_LAM = geomButtOrOver(geomGetTexted(DEVDEF_pin DEVDEF_pin_pintext ...

Executing: PDI1N13S002_P = geomButtOrOver(geomGetTexted(DEVDEF_pin DEVDEF_pin_pintext "P...

Executing: net_PDI1N13S002_LAM = geomOr(PDI1N13S002_LAM)

Executing: net_PDI1N13S002_P = geomOr(PDI1N13S002_P)

Executing: DEVDEF_lambdaterm_n13_pinshape = geomOverlap(DEVDEF_pinshape PDI1N13S002_LAM)

Executing: DEVDEF_pterm_n13_pinshape = geomOverlap(DEVDEF_pinshape PDI1N13S002_P)

Executing: esdnpn_pn3_hvdef_def = geomAndNot(geomGetTexted(HVDEF HVDEF_text "ESDNPN_PN3_...

Executing: esdnpn_pn3_ndiff_d_ptub = geomAnd(net_ndiff_d_ptub esdnpn_pn3_hvdef_def)

Executing: esdnpn_pn3_dptub = geomEnclose(DPTUB esdnpn_pn3_ndiff_d_ptub)

Executing: esdnpn_pn3_ndiff_d_ptub_ring = geomGetHoled(esdnpn_pn3_ndiff_d_ptub)

Executing: esdnpn_pn3_gnd_not_ring = geomAndNot(esdnpn_pn3_ndiff_d_ptub esdnpn_pn3_ndiff...

Executing: esdnpn_pn3_vio = geomStraddle(esdnpn_pn3_gnd_not_ring MET1)

Executing: esdnpn_pn3_gnd = geomAndNot(esdnpn_pn3_ndiff_d_ptub esdnpn_pn3_vio)

Executing: esdnpn_pn3_ndiff_d_ptub_m1 = geomInside(esdnpn_pn3_ndiff_d_ptub MET1)

Executing: esdnpn_pn3_ndiff_d_ptub_m1_bbox = geomGetBBox(geomSize(esdnpn_pn3_ndiff_d_ptu...

Executing: esdnpn_pn3_hvdef_x9 = geomSize(esdnpn_pn3_hvdef_def 9.0)

Executing: esdnpn_pn3_device = geomButtOrOver(esdnpn_pn3_hvdef_x9 esdnpn_pn3_dptub)

Executing: ESDNPN_PN3_device_raw = geomCat(esdnpn_pn3_device)

Executing: ESDNPN_PN3_device = geomCat(ESDNPN_PN3_device_raw)

Executing: esdscr14_sn_hvdef_def = geomAndNot(geomGetTexted(HVDEF HVDEF_text "ESDSCR14_S...

Executing: esdscr14_sn_dptub_holed = geomAnd(geomGetHoled(DPTUB) esdscr14_sn_hvdef_def)

Executing: esdscr14_sn_hvdef_x17 = geomSize(esdscr14_sn_hvdef_def 1.7)

Executing: esdscr14_sn_device = geomButtOrOver(esdscr14_sn_hvdef_x17 esdscr14_sn_dptub_h...

Executing: ESDSCR14_SN_device_raw = geomCat(esdscr14_sn_device)

Executing: ESDSCR14_SN_device = geomCat(ESDSCR14_SN_device_raw)

Executing: esdscr55_sn_hvdef_def = geomAndNot(geomGetTexted(HVDEF HVDEF_text "ESDSCR55_S...

Executing: esdscr55_sn_dptub_holed = geomAnd(geomGetHoled(DPTUB) esdscr55_sn_hvdef_def)

Executing: esdscr55_sn_hvdef_x17 = geomSize(esdscr55_sn_hvdef_def 1.7)

Executing: esdscr55_sn_device = geomButtOrOver(esdscr55_sn_hvdef_x17 esdscr55_sn_dptub_h...

Executing: ESDSCR55_SN_device_raw = geomCat(esdscr55_sn_device)

Executing: ESDSCR55_SN_device = geomCat(ESDSCR55_SN_device_raw)

Executing: nmosi_correct = geomButtOrOver(net_ndiff_d_ptub geomOr(NMOSI_device geomOr(NM...

Executing: pmosi_correct = geomButtOrOver(net_pdiff_d_ntub geomOr(PMOSI_device geomOr(PM...

Executing: nd_sp_diode = geomAndNot(geomAnd(net_ndiff_d_ptub geomAnd(SPTUB DIODE)) geomO...

Executing: ND_SP_device_raw = geomCat(nd_sp_diode)

Executing: pd_sn_diode = geomAndNot(geomAnd(net_pdiff_d_ntub geomAnd(SNTUB DIODE)) pmosi...

Executing: PD_SN_device_raw = geomCat(pd_sn_diode)

Executing: sn_ps_diode = geomAnd(geomAndNot(geomAnd(net_nwell SNTUB) DNTUB) DIODE)

Executing: SN_PS_device_raw = geomCat(sn_ps_diode)

Executing: dn_ps_diode = geomAndNot(geomAnd(geomAnd(net_nwell DNTUB) DIODE) ESDNPN_PN3_d...

Executing: DN_PS_device_raw = geomCat(dn_ps_diode)

Executing: dp_dn_diode = geomAndNot(geomAnd(geomAnd(geomAnd(net_nwell DNTUB) geomAnd(net...

Executing: DP_DN_device_raw = geomCat(dp_dn_diode)

Executing: ND_SP_device = geomCat(ND_SP_device_raw)

Executing: PD_SN_device = geomCat(PD_SN_device_raw)

Executing: SN_PS_device = geomCat(SN_PS_device_raw)

Executing: DN_PS_device = geomCat(DN_PS_device_raw)

Executing: DP_DN_device = geomCat(DP_DN_device_raw)

Executing: npnvert1_0 = geomAndNot(DNTUB DIODE)

Executing: npnvert1_1 = geomAnd(geomHoles(geomAnd(net_ndiff_c_ntub npnvert1_0) (area < 8...

Executing: npnvert1_2 = geomAvoiding(npnvert1_1 net_poly1)

Executing: npnvert1_3 = geomInside(net_pwell npnvert1_2)

Executing: npnvert1_rptub = geomButtOrOver(rptub_all npnvert1_3)

Executing: npnvert1_ndiff_d_ptub = geomInside(net_ndiff_d_ptub geomHoles(npnvert1_rptub ...

Executing: npnvert1_pdiff_c_ptub = geomInside(net_pdiff_c_ptub geomGetHoled(npnvert1_rpt...

Executing: npnvert1_4_1 = geomEnclose(npnvert1_3 geomGetRectangle(npnvert1_ndiff_d_ptub)...

Executing: npnvert1_4_2 = geomEnclose(npnvert1_3 geomGetHoled(npnvert1_pdiff_c_ptub))

Executing: npnvert1_4 = geomAnd(npnvert1_4_1 npnvert1_4_2)

Executing: npnvert1_emi = geomStraddle(geomSize(geomAnd(npnvert1_4 npnvert1_ndiff_d_ptub...

Executing: VERTN1_device_nohvdef = geomEnclose(npnvert1_1 npnvert1_emi)

Executing: VERTN1_device_raw = geomInside(VERTN1_device_nohvdef HVDEF)

Executing: VERTN1_device = geomCat(VERTN1_device_raw)

Executing: geomHoles(poly1_cut)

Executing: nmos50t_1 = geomEnclose(poly1_holes geomEnclose(SNTUB net_ndiff_c_ntub))

Executing: nmos50t_2 = geomButtOrOver(poly1_cut nmos50t_1)

Executing: nmos50t_3 = geomOverlap(geomButtOrOver(trans_n nmos50t_2) SPTUB)

Executing: nmos50t_ndiff_c_sntub = geomInside(net_ndiff_c_ntub nmos50t_1)

Executing: nmos50t_d_fill = drc(nmos50t_ndiff_c_sntub nmos50t_3 (sep < 5.0) opposite par...

Executing: nmos50t_4 = geomOr(geomButtOnly(nmos50t_3 nmos50t_d_fill) nmos50t_d_fill)

Executing: nmos50t_combidiff = geomOr(nmos50t_4 geomButtOnly(net_ndiff_c_ntub nmos50t_4))

Executing: nmos50t_rptub = geomButtOrOver(rptub_all nmos50t_combidiff)

Executing: nmos50t_gate_l = geomAnd(nmos50t_rptub nmos50t_4)

Executing: nmos50t_4g = geomAnd(nmos50t_4 DIFF)

Executing: nmos50th = geomButtOrOver(nmos50t_4 geomInside(nmos50t_4g HVOX))

Executing: nmos50tm = geomButtOrOver(nmos50t_4 geomInside(nmos50t_4g MIDOX))

Executing: nmos50t = geomAndNot(geomAndNot(nmos50t_4 nmos50th) nmos50tm)

Executing: nmos50t_drain = geomButtOnly(nmos50t_ndiff_c_sntub nmos50t_4)

Executing: nmos50th_double = geomOr(nmos50th geomButtOnly(nmos50t_drain nmos50th))

Executing: nmos50tm_double = geomOr(nmos50tm geomButtOnly(nmos50t_drain nmos50tm))

Executing: nmos50t_double = geomOr(nmos50t geomButtOnly(nmos50t_drain nmos50t))

Executing: NMOS50T_device = geomCat(nmos50t_double)

Executing: NMOS50M_device = geomCat(nmos50tm_double)

Executing: NMOS50H_device = geomCat(nmos50th_double)

Executing: nmos20t_hvdef_def = geomGetTexted(HVDEF HVDEF_text "NMOS20T*")

Executing: nmos20m_hvdef_def = geomGetTexted(HVDEF HVDEF_text "NMOS20M*")

Executing: nmos20h_hvdef_def = geomGetTexted(HVDEF HVDEF_text "NMOS20H*")

Executing: nmosd20m_hvdef_def = geomGetTexted(HVDEF HVDEF_text "NMOSD20M*")

Executing: nmos20x_hvdef = geomOr(nmos20t_hvdef_def geomOr(nmos20m_hvdef_def geomOr(nmos...

Executing: nmos20t_1 = geomAnd(geomAnd(poly1_holes geomEnclose(SNTUB net_ndiff_c_ntub)) ...

Executing: nmos20t_2 = geomButtOnly(net_poly1 nmos20t_1)

Executing: trans_n_noimpl = geomAndNot(geomAnd(geomGetHoled(net_poly1) diff_cut) DNTUB)

Executing: nmos20t_3 = geomButtOrOver(geomButtOrOver(trans_n_noimpl nmos20t_2) SPTUB)

Executing: nmos20t_ndiff_c_sntub = geomInside(net_ndiff_c_ntub nmos20t_1)

Executing: nmos20t_d_fill = drc(nmos20t_ndiff_c_sntub nmos20t_3 ((0 < sep) < 1.4) parall...

Executing: nmos20t_4 = geomOr(geomButtOnly(nmos20t_3 nmos20t_d_fill) nmos20t_d_fill)

Executing: nmos20t_4g = geomAnd(nmos20t_4 DIFF)

Executing: nmos20th = geomButtOrOver(nmos20t_4 geomInside(nmos20t_4g HVOX))

Executing: nmos20tm = geomButtOrOver(nmos20t_4 geomInside(nmos20t_4g MIDOX))

Executing: nmos20t = geomAndNot(geomAndNot(nmos20t_4 nmos20th) nmos20tm)

Executing: nmos20t_drain = geomButtOnly(nmos20t_ndiff_c_sntub nmos20t_4)

Executing: nmos20th_double = geomOr(nmos20th geomButtOnly(nmos20t_drain nmos20th))

Executing: nmos20tm_double_1 = geomOr(nmos20tm geomButtOnly(nmos20t_drain nmos20tm))

Executing: nmos20t_double = geomOr(nmos20t geomButtOnly(nmos20t_drain nmos20t))

Executing: nmos20tm_double = geomAndNot(nmos20tm_double_1 nmosd20m_hvdef_def)

Executing: nmosd20tm_double = geomAnd(nmos20tm_double_1 nmosd20m_hvdef_def)

Executing: geomSizeAnd(nmosd20tm_double HVDEF 0.1 0.7)

Executing: geomSizeAnd(nmosd20tm_double HVDEF 0.1 0.7)

Executing: geomSizeAnd(nmosd20tm_double HVDEF 0.1 0.7)

Executing: nmosd20m_double_closed_1 = geomSizeAnd(nmosd20tm_double HVDEF 0.1 0.7)

Executing: nmosd20m_double_closed = geomAnd(geomSize(geomSize(nmosd20tm_double 0.7) -0.7...

Executing: NMOS20T_device = geomCat(nmos20t_double)

Executing: NMOS20M_device = geomCat(nmos20tm_double)

Executing: NMOSD20M_device = geomCat(nmosd20m_double_closed)

Executing: NMOS20H_device = geomCat(nmos20th_double)

Executing: nmos20t_combidiff = geomOr(nmos20t_4 geomButtOnly(net_ndiff_c_ntub nmos20t_4))

Executing: nmos20t_sptub = geomStraddle(SPTUB nmos20t_combidiff)

Executing: nmos20t_gate_l = geomAnd(nmos20t_sptub nmos20t_4)

Executing: nmos20th_sptub = geomButtOrOver(SPTUB nmos20t_combidiff)

Executing: nmos20th_gate_l = geomAnd(geomAnd(nmos20th_sptub nmos20t_4) nmos20th_double)

Executing: nmosd10mh_hvdef_def = geomGetTexted(HVDEF HVDEF_text "NMOSD10MH_*")

Executing: nmos10mh_hvdef_def = geomGetTexted(HVDEF HVDEF_text "NMOS10MH_*")

Executing: nmos10_hvdef_def = geomOr(nmosd10mh_hvdef_def nmos10mh_hvdef_def)

Executing: nmos10_1_a = geomEnclose(geomHoles(net_poly1) geomAnd(SNTUB net_ndiff_c_ntub))

Executing: nmos10_1 = geomAnd(nmos10_1_a nmos10_hvdef_def)

Executing: nmos10_2 = geomButtOnly(net_poly1 nmos10_1)

Executing: nmos10_3 = geomButtOrOver(geomButtOrOver(trans_n_noimpl nmos10_2) geomAnd(SPT...

Executing: nmos10_ndiff_c_sntub = geomInside(geomAnd(SNTUB net_ndiff_c_ntub) nmos10_1)

Executing: nmos10_4 = geomButtOnly(nmos10_3 nmos10_ndiff_c_sntub)

Executing: nmos10_drain = geomButtOnly(nmos10_ndiff_c_sntub nmos10_4)

Executing: nmos10_double_1 = geomOr(nmos10_4 geomButtOnly(nmos10_drain nmos10_4))

Executing: x_nmosd10mh_holes_ele_1 = geomHoles(geomAnd(net_ndiff_d_ptub DPTUB) innermost)

Executing: nmosd10_holes = geomAnd(geomHoles(geomAnd(net_ndiff_d_ptub DPTUB) innermost) ...

Executing: nmosd10_holes_rect = geomGetRectangle(nmosd10_holes)

Executing: nmos10_ndiff = geomButtOrOver(geomAnd(net_ndiff_d_ptub geomAnd(DPTUB SPTUB)) ...

Executing: nmosd10_buttdiff = geomButtOrOver(nmos10_ndiff nmosd10_holes_rect)

Executing: nmosd10mh_double = geomButtOrOver(nmos10_double_1 nmosd10_buttdiff)

Executing: nmos10mh_double = geomAvoiding(nmos10_double_1 nmosd10mh_double)

Executing: NMOS10MH_device = geomCat(nmos10mh_double)

Executing: NMOSD10MH_device = geomCat(nmosd10mh_double)

Executing: nmos10_sptub = geomStraddle(SPTUB nmos10_4)

Executing: nmos10_gate_l = geomAnd(nmos10_sptub nmos10_4)

Executing: nmos50ts_1 = geomButtOnly(nmos50t_2 nmos50t_1)

Executing: nmos50ts_0 = geomButtOnly(nmos50t_1 nmos50ts_1)

Executing: nmos50ts_3 = geomStraddle(geomInside(DIFF nmos50ts_1) DPTUB)

Executing: nmos50ts_ndiff_c_sntub = geomInside(net_ndiff_c_ntub nmos50ts_0)

Executing: nmos50ts_d_fill = drc(nmos50ts_ndiff_c_sntub nmos50ts_3 (sep < 5.0) opposite ...

Executing: nmos50ts_4 = geomOr(geomButtOnly(nmos50ts_3 nmos50ts_d_fill (keep == 2)) nmos...

Executing: nmos50ts_combidiff = geomOr(nmos50ts_4 geomButtOnly(net_ndiff_c_ntub nmos50ts...

Executing: nmos50ts_rptub = geomStraddle(DPTUB nmos50ts_combidiff)

Executing: nmos50ts_gate_l = geomAnd(nmos50ts_rptub nmos50ts_4)

Executing: nmos50ts_4g = geomAnd(nmos50ts_4 DIFF)

Executing: nmos50ths = geomButtOrOver(nmos50ts_4 geomInside(nmos50ts_4g HVOX))

Executing: nmos50tms = geomButtOrOver(nmos50ts_4 geomInside(nmos50ts_4g MIDOX))

Executing: nmos50ts = geomAndNot(geomAndNot(nmos50ts_4 nmos50ths) nmos50tms)

Executing: NMOS50TS_device = geomCat(nmos50ts)
	   errorLayer(NMOS50TS_device "Illegal Device : nmos50ts not supported")

Executing: NMOS50MS_device = geomCat(nmos50tms)
	   errorLayer(NMOS50MS_device "Illegal Device : nmos50ms not supported")

Executing: NMOS50HS_device = geomCat(nmos50ths)

Executing: trans_n_noimpl_no_donut = geomAndNot(geomAndNot(geomAnd(net_poly1 diff_cut) D...

Executing: nmos20ts_1 = geomStraddle(trans_n_noimpl_no_donut SNTUB (keep == 2))

Executing: nmos20ts_2 = geomStraddle(nmos20ts_1 geomSize(SPTUB 0.5))

Executing: nmos20ts_0 = geomButtOrOver(SNTUB nmos20ts_2)

Executing: nmos20ts_3 = geomStraddle(geomButtOrOver(DIFF nmos20ts_1) DPTUB)

Executing: nmos20ts_ndiff_c_sntub = geomInside(net_ndiff_c_ntub nmos20ts_0)

Executing: nmos20ts_d_fill = drc(nmos20ts_ndiff_c_sntub nmos20ts_3 (sep < 1.0) parallel ...

Executing: nmos20ts_4 = geomOr(geomButtOnly(nmos20ts_3 nmos20ts_d_fill (keep == 2)) nmos...

Executing: nmos20ts_combidiff = geomOr(nmos20ts_4 geomButtOnly(net_ndiff_c_ntub nmos20ts...

Executing: nmos20ts_sntub = geomStraddle(SNTUB nmos20ts_d_fill)

Executing: nmos20ts_rptub = geomStraddle(DPTUB nmos20ts_combidiff)

Executing: nmos20ts_gate_l = geomAndNot(geomAnd(nmos20ts_rptub nmos20ts_4) nmos20ts_sntub)

Executing: nmos20ts_4g = geomAnd(nmos20ts_4 DIFF)

Executing: nmos20ths = geomButtOrOver(nmos20ts_4 geomInside(nmos20ts_4g HVOX))

Executing: nmos20tms = geomButtOrOver(nmos20ts_4 geomInside(nmos20ts_4g MIDOX))

Executing: nmos20ts = geomAndNot(geomAndNot(nmos20ts_4 nmos20ths) nmos20tms)

Executing: NMOS20TS_device = geomCat(nmos20ts)
	   errorLayer(NMOS20TS_device "Illegal Device : nmos20ts not supported")

Executing: NMOS20MS_device = geomCat(nmos20tms)
	   errorLayer(NMOS20MS_device "Illegal Device : nmos20ms not supported")

Executing: NMOS20HS_device = geomCat(nmos20ths)

Executing: esdpmos18t_hvdef = geomGetTexted(HVDEF HVDEF_text "ESDPMOS18T_*")

Executing: esdpmos18t_1x = geomEnclose(geomHoles(net_poly1) geomEnclose(SPTUB net_pdiff_...

Executing: esdpmos18t_1 = geomAnd(esdpmos18t_1x esdpmos18t_hvdef)

Executing: esdpmos18t_2 = geomButtOrOver(net_poly1 esdpmos18t_1)

Executing: esdtrans_p_noimpl = geomAnd(geomAnd(geomGetHoled(net_poly1) diff_cut) DNTUB)

Executing: esdpmos18t_3_x = geomButtOrOver(geomButtOrOver(esdtrans_p_noimpl esdpmos18t_2...

Executing: esdpmos18t_3 = geomButtOrOver(geomAnd(net_poly1 DIFF) esdpmos18t_3_x)

Executing: esdpmos18t_pdiff_c_ptub = geomInside(net_pdiff_c_ptub esdpmos18t_1)

Executing: esdpmos18t_d_fill = drc(esdpmos18t_pdiff_c_ptub esdpmos18t_3 (sep < 2.0) oppo...

Executing: esdpmos18t_4_1 = geomOr(geomButtOnly(esdpmos18t_3 esdpmos18t_d_fill) esdpmos1...

Executing: esdpmos18t_4 = geomButtOrOver(esdpmos18t_4_1 esdpmos18t_d_fill (keep == 1))

Executing: esdpmos18t_sntub = geomButtOrOver(geomAndNot(SNTUB net_ndiff_c_ntub) esdpmos1...

Executing: esdpmos18t_gate_l = geomAnd(esdpmos18t_sntub esdpmos18t_4)

Executing: esdpmos18t_4g = geomAnd(esdpmos18t_4 DIFF)

Executing: esdpmos18h = geomButtOrOver(esdpmos18t_4 geomInside(esdpmos18t_4g HVOX))

Executing: esdpmos18m = geomButtOrOver(esdpmos18t_4 geomInside(esdpmos18t_4g MIDOX))

Executing: esdpmos18t = geomAndNot(geomAndNot(esdpmos18t_4 esdpmos18h) esdpmos18m)

Executing: esdpmos18t_drain = geomButtOnly(esdpmos18t_pdiff_c_ptub esdpmos18t_4)

Executing: esdpmos18t_double_1 = geomOr(esdpmos18t geomButtOrOver(esdpmos18t_drain esdpm...

Executing: esdpmos18t_double = geomCat(esdpmos18t_double_1)

Executing: ESDPMOS18T_device = geomCat(esdpmos18t_double)

Executing: pmosvsxxxxt_hvdef_def = geomGetTexted(HVDEF HVDEF_text "PMOSVS*")

Executing: pmosdvsxxxxt_hvdef_def = geomGetTexted(HVDEF HVDEF_text "PMOSDVS*")

Executing: pmos20t_2 = geomAndNot(geomButtOnly(net_poly1 pmos20t_1) geomOr(esdpmos18t_hv...

Executing: pmos20t_3_x = geomButtOrOver(geomButtOrOver(trans_p_noimpl pmos20t_2) SNTUB)

Executing: pmos20t_3 = geomButtOrOver(geomAnd(net_poly1 DIFF) pmos20t_3_x)

Executing: pmos20t_pdiff_c_ptub = geomInside(net_pdiff_c_ptub pmos20t_1)

Executing: pmos20t_d_fill = drc(pmos20t_pdiff_c_ptub pmos20t_3 (sep < 1.5) parallel oppo...

Executing: pmos20t_4_1 = geomOr(geomButtOrOver(pmos20t_3 pmos20t_d_fill) pmos20t_d_fill)

Executing: pmos20t_4 = geomButtOrOver(pmos20t_4_1 pmos20t_d_fill (keep == 1))

Executing: pmos20t_combidiff = geomOr(pmos20t_4 geomButtOnly(net_pdiff_c_ptub pmos20t_4))

Executing: pmos20t_sntub = geomStraddle(geomAndNot(SNTUB net_ndiff_c_ntub) pmos20t_combi...

Executing: pmos20t_gate_l = geomAnd(pmos20t_sntub pmos20t_4)

Executing: pmos20t_rev3_sntub = geomStraddle(geomAndNot(SNTUB net_ndiff_c_ntub) pmos20t_4)

Executing: pmos20t_rev3_gate_l = geomAnd(pmos20t_rev3_sntub pmos20t_4)

Executing: pmos20t_gate_noimpl = geomAndNot(geomButtOrOver(pmos20t_3_x pmos20t_4) PPLUS)

Executing: pmos20t_rev4_gate_l = geomAnd(pmos20t_gate_noimpl pmos20t_4)

Executing: pmos20t_4g = geomAnd(pmos20t_4 DIFF)

Executing: pmos20th = geomButtOrOver(pmos20t_4 geomInside(pmos20t_4g HVOX))

Executing: pmos20tm = geomButtOrOver(pmos20t_4 geomInside(pmos20t_4g MIDOX))

Executing: pmos20t = geomAndNot(geomAndNot(pmos20t_4 pmos20th) pmos20tm)

Executing: x_pmosd10mh_holes_ele_1 = geomHoles(geomAnd(net_pdiff_d_ntub SNTUB) innermost)

Executing: pmosd20_holes = geomAnd(geomHoles(geomAnd(net_pdiff_d_ntub SNTUB) innermost) ...

Executing: pmosd20_holes_rect = geomGetRectangle(pmosd20_holes)

Executing: pmos20_x1 = geomButtOrOver(geomAnd(net_pdiff_d_ntub SNTUB) geomOr(pmos20tm pm...

Executing: pmosd20_buttdiff = geomButtOrOver(pmos20_x1 pmosd20_holes_rect)

Executing: pmos20t_drain = geomButtOnly(pmos20t_pdiff_c_ptub pmos20t_4)

Executing: pmos20th_double = geomOr(pmos20th geomButtOnly(pmos20t_drain pmos20th))

Executing: pmos20t_double_1 = geomOr(pmos20t geomButtOnly(pmos20t_drain pmos20t))

Executing: pmos20tm_double_1 = geomOr(pmos20tm geomButtOnly(pmos20t_drain pmos20tm))

Executing: pmosd20tm_double = geomButtOrOver(pmos20tm_double_1 pmosd20_buttdiff)

Executing: pmosd20t_double = geomButtOrOver(pmos20t_double_1 pmosd20_buttdiff)

Executing: pmos20tm_double = geomAvoiding(pmos20tm_double_1 pmosd20_buttdiff)

Executing: pmos20t_double = geomAvoiding(pmos20t_double_1 pmosd20_buttdiff)

Executing: geomSizeAnd(pmosd20tm_double HVDEF 0.1 0.7)

Executing: geomSizeAnd(pmosd20tm_double HVDEF 0.1 0.7)

Executing: geomSizeAnd(pmosd20tm_double HVDEF 0.1 0.7)

Executing: pmosd20tm_double_closed_1 = geomSizeAnd(pmosd20tm_double HVDEF 0.1 0.7)

Executing: pmosd20tm_double_closed = geomAnd(geomSize(geomSize(pmosd20tm_double 0.7) -0....

Executing: geomSizeAnd(pmos20tm_double HVDEF 0.1 0.7)

Executing: geomSizeAnd(pmos20tm_double HVDEF 0.1 0.7)

Executing: geomSizeAnd(pmos20tm_double HVDEF 0.1 0.7)

Executing: pmos20tm_double_closed_1 = geomSizeAnd(pmos20tm_double HVDEF 0.1 0.7)

Executing: pmos20tm_double_closed = geomAnd(geomSize(geomSize(pmos20tm_double 0.7) -0.7)...

Executing: geomSizeAnd(pmosd20t_double HVDEF 0.1 0.7)

Executing: geomSizeAnd(pmosd20t_double HVDEF 0.1 0.7)

Executing: geomSizeAnd(pmosd20t_double HVDEF 0.1 0.7)

Executing: pmosd20t_double_closed_1 = geomSizeAnd(pmosd20t_double HVDEF 0.1 0.7)

Executing: pmosd20t_double_closed = geomAnd(geomSize(geomSize(pmosd20t_double 0.7) -0.7)...

Executing: geomSizeAnd(pmos20t_double HVDEF 0.1 0.7)

Executing: geomSizeAnd(pmos20t_double HVDEF 0.1 0.7)

Executing: geomSizeAnd(pmos20t_double HVDEF 0.1 0.7)

Executing: pmos20t_double_closed_1 = geomSizeAnd(pmos20t_double HVDEF 0.1 0.7)

Executing: pmos20t_double_closed = geomAnd(geomSize(geomSize(pmos20t_double 0.7) -0.7) p...

Executing: PMOS20T_device = geomCat(pmos20t_double_closed)

Executing: PMOSD20T_device = geomCat(pmosd20t_double_closed)

Executing: PMOS20M_device = geomCat(pmos20tm_double_closed)

Executing: PMOSD20M_device = geomCat(pmosd20tm_double_closed)

Executing: PMOS20H_device = geomCat(pmos20th_double)

Executing: PMOS20H_device_rev3 = geomButtOrOver(pmos20th_double pmos20t_rev3_sntub)

Executing: PMOS20H_device_rev4 = geomAvoiding(pmos20th_double pmos20t_rev3_sntub)

Executing: pmosd20m_split = geomButtOrOver(pmosd20tm_double_closed pmosd20tm_double (kee...
	   errorLayer(pmosd20m_split "PMOSD20M INFO only : large device w > 200  gate split up")

Executing: pmosd20t_split = geomButtOrOver(pmosd20t_double_closed pmosd20t_double (keep ...
	   errorLayer(pmosd20t_split "PMOSD20T INFO only : large device w > 200  gate split up")

Executing: pmosd20m_hvdef_x = geomAndNot(geomGetTexted(HVDEF HVDEF_text "PMOSD20M_*") ge...

Executing: pmosd20tm_double_closed_pmosd20m = geomButtOrOver(pmos20tm_double_closed pmos...
	   errorLayer(pmosd20tm_double_closed_pmosd20m "PMOSD20M INFO only : this device is identical with pmos20m with m-factor 1 , but with text pmosd20m on HVDEF layer")

Executing: pmosd20t_hvdef_x = geomAndNot(geomGetTexted(HVDEF HVDEF_text "PMOSD20T_*") ge...

Executing: pmosd20t_double_closed_pmosd20t = geomButtOrOver(pmos20t_double_closed pmosd2...
	   errorLayer(pmosd20t_double_closed_pmosd20t "PMOSD20T INFO only : this device is identical with pmos20t with m-factor 1 , but with text pmosd20t on HVDEF layer")

Executing: pmos20ts_3_x = geomButtOrOver(geomButtOrOver(trans_p_noimpl pmos20t_2) PPLUS)

Executing: pmos20ts_3 = geomButtOrOver(geomAnd(net_poly1 DIFF) pmos20ts_3_x)

Executing: pmos20ts_d_fill = drc(pmos20t_pdiff_c_ptub pmos20ts_3 (sep < 1.0) parallel op...

Executing: pmos20ts_4_x = geomButtOrOver(pmos20ts_3 pmos20ts_d_fill (keep == 2))

Executing: pmos20ts_4 = geomOr(pmos20ts_4_x geomButtOrOver(pmos20ts_d_fill pmos20ts_4_x))

Executing: pmos20ts_gate_l = geomAndNot(geomButtOrOver(trans_p_noimpl pmos20ts_4) PPLUS)

Executing: pmos20ts_4g = geomAnd(pmos20ts_4 DIFF)

Executing: pmos20ths = geomButtOrOver(pmos20ts_4 geomInside(pmos20ts_4g HVOX))

Executing: pmos20tms = geomButtOrOver(pmos20ts_4 geomInside(pmos20ts_4g MIDOX))

Executing: pmos20ts = geomAnd(geomAndNot(pmos20ts_4 pmos20ths) pmos20tms)

Executing: PMOS20TS_device = geomCat(pmos20ts)
	   errorLayer(PMOS20TS_device "Illegal Device : pmos20ts not supported")

Executing: PMOS20MS_device = geomCat(pmos20tms)
	   errorLayer(PMOS20MS_device "Illegal Device : pmos20ms not supported")

Executing: PMOS20HS_device = geomCat(pmos20ths)

Executing: pmosd10mh_hvdef_def = geomGetTexted(HVDEF HVDEF_text "PMOSD10MH_*")

Executing: pmos10mh_hvdef_def = geomGetTexted(HVDEF HVDEF_text "PMOS10MH_*")

Executing: pmos10_hvdef_def = geomOr(pmosd10mh_hvdef_def pmos10mh_hvdef_def)

Executing: pmos10_1_a = geomEnclose(geomHoles(net_poly1) geomAnd(geomAnd(DPTUB SPTUB) ne...

Executing: pmos10_1 = geomAnd(pmos10_1_a pmos10_hvdef_def)

Executing: pmos10_2 = geomButtOnly(net_poly1 pmos10_1)

Executing: pmos10_3 = geomButtOrOver(trans_p_noimpl pmos10_2)

Executing: pmos10_pdiff_c_ptub = geomAnd(geomAnd(geomAnd(SPTUB DPTUB) net_pdiff_c_ptub) ...

Executing: pmos10_d_fill = geomButtOnly(pmos10_pdiff_c_ptub pmos10_3)

Executing: pmos10_4_1 = geomOr(geomButtOrOver(pmos10_3 pmos10_d_fill) pmos10_d_fill)

Executing: pmos10_4 = geomButtOrOver(pmos10_4_1 pmos10_d_fill (keep == 1))

Executing: pmos10_drain = geomButtOnly(pmos10_pdiff_c_ptub pmos10_4)

Executing: pmos10_double_1 = geomOr(pmos10_4 geomButtOnly(pmos10_drain pmos10_4))

Executing: pmos10_pdiff = geomButtOrOver(geomAnd(net_pdiff_d_ntub SNTUB) pmos10_4)

Executing: pmosd10_buttdiff = geomButtOrOver(pmos10_pdiff pmosd10_holes_rect)

Executing: pmosd10mh_double = geomButtOrOver(pmos10_double_1 pmosd10_buttdiff)

Executing: pmos10mh_double = geomAvoiding(pmos10_double_1 pmosd10mh_double)

Executing: PMOS10MH_device = geomCat(pmos10mh_double)

Executing: PMOSD10MH_device = geomCat(pmosd10mh_double)

Executing: pmos10_sntub = geomStraddle(geomAndNot(SNTUB net_ndiff_c_ntub) pmos10_4)

Executing: pmos10_gate_l = geomAnd(pmos10_sntub pmos10_4)

Executing: pmos50t_d_fill = geomAvoiding(drc(pmos50t_pdiff_c_ptub pmos50t_3 (sep < 5.0) ...

Executing: pmos50t_4_1 = geomOr(geomButtOrOver(pmos50t_3 pmos50t_d_fill) pmos50t_d_fill)

Executing: pmos50t_4 = geomButtOrOver(pmos50t_4_1 pmos50t_d_fill (keep == 1))

Executing: pmos50t_sntub = geomStraddle(SNTUB pmos50t_4)

Executing: pmos50t_gate_l = geomAnd(pmos50t_sntub pmos50t_4)

Executing: pmos50t_gate_noimpl = geomAndNot(geomButtOrOver(pmos50t_3 pmos50t_4) PPLUS)

Executing: pmos50t_gate_l_h = geomAnd(pmos50t_gate_noimpl pmos50t_4)

Executing: pmos50t_4g = geomAnd(pmos50t_4 DIFF)

Executing: pmos50th = geomButtOrOver(pmos50t_4 geomInside(pmos50t_4g HVOX))

Executing: pmos50tm = geomButtOrOver(pmos50t_4 geomInside(pmos50t_4g MIDOX))

Executing: pmos50t = geomAndNot(geomAndNot(pmos50t_4 pmos50th) pmos50tm)

Executing: pmos50t_drain = geomButtOnly(pmos50t_pdiff_c_ptub pmos50t_4)

Executing: pmos50th_double = geomOr(pmos50th geomButtOnly(pmos50t_drain pmos50th))

Executing: pmos50tm_double = geomOr(pmos50tm geomButtOnly(pmos50t_drain pmos50tm))

Executing: pmos50t_double = geomOr(pmos50t geomButtOnly(pmos50t_drain pmos50t))

Executing: PMOS50T_device = geomCat(pmos50t_double)

Executing: PMOS50M_device = geomCat(pmos50tm_double)

Executing: PMOS50H_device = geomCat(pmos50th_double)

Executing: pmos50ts_4 = geomAvoiding(geomButtOrOver(pmos50t_4_1 pmos50t_d_fill (keep == ...

Executing: pmos50ts_gate_l = geomAndNot(geomButtOrOver(trans_p_noimpl pmos50ts_4) PPLUS)

Executing: pmos50ts_4g = geomAnd(pmos50ts_4 DIFF)

Executing: pmos50ths = geomButtOrOver(pmos50ts_4 geomInside(pmos50ts_4g HVOX))

Executing: pmos50tms = geomButtOrOver(pmos50ts_4 geomInside(pmos50ts_4g MIDOX))

Executing: pmos50ts = geomAndNot(geomAndNot(pmos50ts_4 pmos50ths) pmos50tms)

Executing: PMOS50TS_device = geomCat(pmos50ts)
	   errorLayer(PMOS50TS_device "Illegal Device : pmos50ts not supported")

Executing: PMOS50MS_device = geomCat(pmos50tms)
	   errorLayer(PMOS50MS_device "Illegal Device : pmos50ms not supported")

Executing: PMOS50HS_device = geomCat(pmos50ths)

Executing: pmos120t_d_fill = geomAvoiding(drc(pmos50t_pdiff_c_ptub pmos50t_3 (sep < 11.5...

Executing: pmos120t_4_1 = geomOr(geomButtOnly(pmos50t_3 pmos120t_d_fill) pmos120t_d_fill)

Executing: pmos120t_4 = geomButtOrOver(pmos120t_4_1 pmos120t_d_fill (keep == 1))

Executing: pmos120t_sntub = geomStraddle(SNTUB pmos120t_4)

Executing: pmos120t_gate_l = geomAnd(pmos120t_sntub pmos120t_4)

Executing: pmos120t_gate_noimpl = geomAndNot(geomButtOrOver(pmos120t_4_1 pmos120t_4) PPLUS)

Executing: pmos120t_gate_l_h = geomAnd(pmos120t_gate_noimpl pmos120t_4)

Executing: pmos120th = geomInside(pmos120t_4 HVOX)

Executing: pmos120tm = geomInside(pmos120t_4 MIDOX)

Executing: pmos120t = geomAndNot(geomAndNot(pmos120t_4 pmos120th) pmos120tm)

Executing: pmos120t_drain = geomButtOnly(net_pdiff_c_ptub pmos120t_4)

Executing: pmos120th_double = geomOr(pmos120th geomButtOnly(pmos120t_drain pmos120th))

Executing: pmos120tm_double = geomOr(pmos120tm geomButtOnly(pmos120t_drain pmos120tm))

Executing: pmos120t_double = geomOr(pmos120t geomButtOnly(pmos120t_drain pmos120t))

Executing: PMOS120T_device = geomCat(pmos120t_double)
	   errorLayer(PMOS120T_device "Illegal Device : pmos120t not supported")

Executing: PMOS120M_device = geomCat(pmos120tm_double)

Executing: PMOS120H_device = geomCat(pmos120th_double)

Executing: pmosvsxxxxt_hvdef = geomCat(pmosvsxxxxt_hvdef_def)

Executing: pmosvst_1_a = geomEnclose(geomHoles(net_poly1 innermost) geomAnd(SPTUB net_pd...

Executing: pmosvst_1 = geomAnd(pmosvst_1_a pmosvsxxxxt_hvdef)

Executing: pmosvst_2 = geomButtOrOver(net_poly1 pmosvst_1)

Executing: pmosvst_3 = geomButtOrOver(geomButtOrOver(trans_p_noimpl pmosvst_2) SNTUB)

Executing: pmosvst_pdiff_c_ptub = geomInside(net_pdiff_c_ptub pmosvst_1)

Executing: pmosvst_d_fill_1_a = geomAndNot(drc(pmosvst_pdiff_c_ptub pmosvst_3 (sep < 1.0...

Executing: pmosvst_d_fill_2_a = geomAndNot(drc(pmosvst_pdiff_c_ptub pmosvst_3 (sep < 3.0...

Executing: pmosvst_d_fill_3_a = geomAndNot(drc(pmosvst_pdiff_c_ptub pmosvst_3 (sep < 5.0...

Executing: pmosvst_d_fill_4_a = geomAndNot(drc(pmosvst_pdiff_c_ptub pmosvst_3 (sep < 7.0...

Executing: pmosvst_d_fill_5_a = geomAndNot(drc(pmosvst_pdiff_c_ptub pmosvst_3 (sep < 9.0...

Executing: pmosvst_d_fill_6_a = geomAndNot(drc(pmosvst_pdiff_c_ptub pmosvst_3 (sep < 11....

Executing: pmosvst_d_fill_1 = geomCat(pmosvst_d_fill_1_a)

Executing: pmosvst_d_fill_1_sum = geomCat(pmosvst_d_fill_1)

Executing: pmosvst_d_fill_2_x = geomAndNot(pmosvst_d_fill_2_a geomButtOrOver(pmosvst_d_f...

Executing: pmosvst_d_fill_2 = geomAndNot(pmosvst_d_fill_2_x geomStraddle(pmosvst_d_fill_...

Executing: pmosvst_d_fill_2_sum = geomCat(pmosvst_d_fill_1 pmosvst_d_fill_2)

Executing: pmosvst_d_fill_3_x = geomAndNot(pmosvst_d_fill_3_a geomButtOrOver(pmosvst_d_f...

Executing: pmosvst_d_fill_3 = geomAndNot(pmosvst_d_fill_3_x geomStraddle(pmosvst_d_fill_...

Executing: pmosvst_d_fill_3_sum = geomCat(pmosvst_d_fill_1 pmosvst_d_fill_2 pmosvst_d_fi...

Executing: pmosvst_d_fill_4_x = geomAndNot(pmosvst_d_fill_4_a geomButtOrOver(pmosvst_d_f...

Executing: pmosvst_d_fill_4 = geomAndNot(pmosvst_d_fill_4_x geomStraddle(pmosvst_d_fill_...

Executing: pmosvst_d_fill_4_sum = geomCat(pmosvst_d_fill_1 pmosvst_d_fill_2 pmosvst_d_fi...

Executing: pmosvst_d_fill_5_x = geomAndNot(pmosvst_d_fill_5_a geomButtOrOver(pmosvst_d_f...

Executing: pmosvst_d_fill_5 = geomAndNot(pmosvst_d_fill_5_x geomStraddle(pmosvst_d_fill_...

Executing: pmosvst_d_fill_5_sum = geomCat(pmosvst_d_fill_1 pmosvst_d_fill_2 pmosvst_d_fi...

Executing: pmosvst_d_fill_6_x = geomAndNot(pmosvst_d_fill_6_a geomButtOrOver(pmosvst_d_f...

Executing: pmosvst_d_fill_6 = geomAndNot(pmosvst_d_fill_6_x geomStraddle(pmosvst_d_fill_...

Executing: pmosvst_d_fill_x = geomCat(pmosvst_d_fill_1 pmosvst_d_fill_2 pmosvst_d_fill_3...

Executing: pmosvst_d_fill = geomAvoiding(pmosvst_d_fill_x geomAnd(net_ndiff_c_ntub SNTUB))

Executing: pmosvst_4_1 = geomOr(geomButtOrOver(pmosvst_3 pmosvst_d_fill) pmosvst_d_fill)

Executing: pmosvst_4 = geomButtOrOver(pmosvst_4_1 pmosvst_d_fill (keep == 1))

Executing: pmosvst_sntub = geomStraddle(SNTUB pmosvst_4)

Executing: pmosvst_gate_l = geomAnd(pmosvst_sntub pmosvst_4)

Executing: pmosvst_4g = geomAnd(pmosvst_4 DIFF)

Executing: pmosvsh = geomButtOrOver(pmosvst_4 geomInside(pmosvst_4g HVOX))

Executing: pmosvsm = geomButtOrOver(pmosvst_4 geomInside(pmosvst_4g MIDOX))

Executing: pmosvst = geomAndNot(geomAndNot(pmosvst_4 pmosvsh) pmosvsm)

Executing: pmosvst_drain = geomButtOrOver(pmosvst_pdiff_c_ptub pmosvst_4)

Executing: pmosvsh_double = geomOr(pmosvsh geomButtOrOver(pmosvst_drain pmosvsh))
	   errorLayer(pmosvsh_double "Unsupported Device PMOSVS with HVOX")

Executing: pmosvsm_double = geomOr(pmosvsm geomButtOrOver(pmosvst_drain pmosvsm))
	   errorLayer(pmosvsm_double "Unsupported Device PMOSVS with MIDOX")

Executing: pmosvst_double = geomOr(pmosvst geomButtOrOver(pmosvst_drain pmosvst))

Executing: PMOSVST_device = geomCat(pmosvst_double)

Executing: pmosvst_f = geomButtOrOver(pmosvst_d_fill PMOSVST_device)

Executing: pmosdvsxxxxt_hvdef = geomCat(pmosdvsxxxxt_hvdef_def)

Executing: pmosdvst_1 = geomAnd(pmosdvst_1_a pmosdvsxxxxt_hvdef)

Executing: pmosdvst_2 = geomButtOrOver(net_poly1 pmosdvst_1)

Executing: pmosdvst_3 = geomButtOrOver(geomButtOrOver(trans_p_noimpl pmosdvst_2) SNTUB)

Executing: pmosdvst_pdiff_c_ptub = geomInside(net_pdiff_c_ptub pmosdvst_1)

Executing: pmosdvst_d_fill_1_a = geomAndNot(drc(pmosdvst_pdiff_c_ptub pmosdvst_3 (sep < ...

Executing: pmosdvst_d_fill_2_a = geomAndNot(drc(pmosdvst_pdiff_c_ptub pmosdvst_3 (sep < ...

Executing: pmosdvst_d_fill_3_a = geomAndNot(drc(pmosdvst_pdiff_c_ptub pmosdvst_3 (sep < ...

Executing: pmosdvst_d_fill_4_a = geomAndNot(drc(pmosdvst_pdiff_c_ptub pmosdvst_3 (sep < ...

Executing: pmosdvst_d_fill_5_a = geomAndNot(drc(pmosdvst_pdiff_c_ptub pmosdvst_3 (sep < ...

Executing: pmosdvst_d_fill_6_a = geomAndNot(drc(pmosdvst_pdiff_c_ptub pmosdvst_3 (sep < ...

Executing: pmosdvst_d_fill_1 = geomCat(pmosdvst_d_fill_1_a)

Executing: pmosdvst_d_fill_1_sum = geomCat(pmosdvst_d_fill_1)

Executing: pmosdvst_d_fill_2_x = geomAndNot(pmosdvst_d_fill_2_a geomButtOrOver(pmosdvst_...

Executing: pmosdvst_d_fill_2 = geomAndNot(pmosdvst_d_fill_2_x geomStraddle(pmosdvst_d_fi...

Executing: pmosdvst_d_fill_2_sum = geomCat(pmosdvst_d_fill_1 pmosdvst_d_fill_2)

Executing: pmosdvst_d_fill_3_x = geomAndNot(pmosdvst_d_fill_3_a geomButtOrOver(pmosdvst_...

Executing: pmosdvst_d_fill_3 = geomAndNot(pmosdvst_d_fill_3_x geomStraddle(pmosdvst_d_fi...

Executing: pmosdvst_d_fill_3_sum = geomCat(pmosdvst_d_fill_1 pmosdvst_d_fill_2 pmosdvst_...

Executing: pmosdvst_d_fill_4_x = geomAndNot(pmosdvst_d_fill_4_a geomButtOrOver(pmosdvst_...

Executing: pmosdvst_d_fill_4 = geomAndNot(pmosdvst_d_fill_4_x geomStraddle(pmosdvst_d_fi...

Executing: pmosdvst_d_fill_4_sum = geomCat(pmosdvst_d_fill_1 pmosdvst_d_fill_2 pmosdvst_...

Executing: pmosdvst_d_fill_5_x = geomAndNot(pmosdvst_d_fill_5_a geomButtOrOver(pmosdvst_...

Executing: pmosdvst_d_fill_5 = geomAndNot(pmosdvst_d_fill_5_x geomStraddle(pmosdvst_d_fi...

Executing: pmosdvst_d_fill_5_sum = geomCat(pmosdvst_d_fill_1 pmosdvst_d_fill_2 pmosdvst_...

Executing: pmosdvst_d_fill_6_x = geomAndNot(pmosdvst_d_fill_6_a geomButtOrOver(pmosdvst_...

Executing: pmosdvst_d_fill_6 = geomAndNot(pmosdvst_d_fill_6_x geomStraddle(pmosdvst_d_fi...

Executing: pmosdvst_d_fill_x = geomCat(pmosdvst_d_fill_1 pmosdvst_d_fill_2 pmosdvst_d_fi...

Executing: pmosdvst_d_fill = geomAvoiding(pmosdvst_d_fill_x geomAnd(net_ndiff_c_ntub SNT...

Executing: pmosdvst_4_1 = geomOr(geomButtOrOver(pmosdvst_3 pmosdvst_d_fill) pmosdvst_d_f...

Executing: pmosdvst_4 = geomButtOrOver(pmosdvst_4_1 pmosdvst_d_fill (keep == 1))

Executing: pmosdvst_sntub = geomStraddle(SNTUB pmosdvst_4)

Executing: pmosdvst_gate_l = geomAnd(pmosdvst_sntub pmosdvst_4)

Executing: pmosdvst_4g = geomAnd(pmosdvst_4 DIFF)

Executing: pmosdvsh = geomButtOrOver(pmosdvst_4 geomInside(pmosdvst_4g HVOX))

Executing: pmosdvsm = geomButtOrOver(pmosdvst_4 geomInside(pmosdvst_4g MIDOX))

Executing: pmosdvst = geomAndNot(geomAndNot(pmosdvst_4 pmosdvsh) pmosdvsm)

Executing: pmosdvst_drain = geomButtOrOver(pmosdvst_pdiff_c_ptub pmosdvst_4)

Executing: pmosdvsh_double = geomOr(pmosdvsh geomButtOrOver(pmosdvst_drain pmosdvsh))
	   errorLayer(pmosdvsh_double "Unsupported Device PMOSDVS with HVOX")

Executing: pmosdvsm_double = geomOr(pmosdvsm geomButtOrOver(pmosdvst_drain pmosdvsm))
	   errorLayer(pmosdvsm_double "Unsupported Device PMOSDVS with MIDOX")

Executing: pmosdvst_double = geomOr(pmosdvst geomButtOrOver(pmosdvst_drain pmosdvst))

Executing: PMOSDVST_device = geomCat(pmosdvst_double)

Executing: pmosdvst_f = geomButtOrOver(pmosdvst_d_fill PMOSDVST_device)

Executing: ndiff_d_ptub_holes_1 = geomHoles(net_ndiff_d_ptub innermost)

Executing: ndiff_d_ptub_holes = drc(ndiff_d_ptub_holes_1 (area < 1))

Executing: ndiff_d_ptub_di_device = geomButtOrOver(net_ndiff_d_ptub ndiff_d_ptub_holes)

Executing: nmosi50t_11 = geomButtOrOver(nmosi50t_1 net_ndiff_d_ptub)

Executing: nmosi50t_2 = geomButtOrOver(geomButtOnly(net_poly1 nmosi50t_11) geomAvoiding(...

Executing: nmosi50t_3 = geomStraddle(geomButtOrOver(trans_n nmosi50t_2) SPTUB)

Executing: nmosi20t_d_fill = drc(nmosi50t_ndiff_c_sntub nmosi50t_3 (sep < 2.5) opposite ...

Executing: nmosivsxxxxt_hvdef_def = geomGetTexted(HVDEF HVDEF_text "NMOSIVS*")

Executing: nmosi20t_4 = geomAndNot(geomOr(geomButtOnly(nmosi50t_3 nmosi20t_d_fill) nmosi...

Executing: nmosi50t_d_fill = geomAvoiding(drc(nmosi50t_ndiff_c_sntub nmosi50t_3 (sep < 6...

Executing: nmosi50t_4 = geomAndNot(geomOr(geomButtOnly(nmosi50t_3 nmosi50t_d_fill) nmosi...

Executing: nmosi50t_source = geomButtOnly(net_ndiff_d_ptub nmosi50t_4)

Executing: nmosi50t_combidiff = geomOr(nmosi50t_4 geomButtOnly(net_ndiff_d_ptub nmosi50t...

Executing: nmosi50t_rptub = geomButtOrOver(SPTUB nmosi50t_combidiff)

Executing: nmosi50t_gate_l = geomAnd(nmosi50t_rptub nmosi50t_4)

Executing: nmosi50t_4g = geomAnd(nmosi50t_4 DIFF)

Executing: nmosi50th = geomButtOrOver(nmosi50t_4 geomInside(nmosi50t_4g HVOX))

Executing: nmosi50tm = geomButtOrOver(nmosi50t_4 geomInside(nmosi50t_4g MIDOX))

Executing: nmosi50t = geomAndNot(geomAndNot(nmosi50t_4 nmosi50th) nmosi50tm)

Executing: nmosi50t_bulkdiff_fill = drc(nmosi50t_source net_pdiff_c_ptub (sep < 1.0) par...

Executing: nmosi50t_sourcefill = geomOr(nmosi50t_source geomOr(nmosi50t_bulkdiff_fill ge...

Executing: nmosi50th_double = geomOr(nmosi50th geomButtOnly(nmosi50t_sourcefill nmosi50th))

Executing: nmosi50tm_double = geomOr(nmosi50tm geomButtOnly(nmosi50t_sourcefill nmosi50tm))

Executing: nmosi50t_double = geomOr(nmosi50t geomButtOnly(nmosi50t_sourcefill nmosi50t))

Executing: NMOSI50T_device = geomCat(nmosi50t_double)

Executing: NMOSI50M_device = geomCat(nmosi50tm_double)

Executing: NMOSI50H_device = geomCat(nmosi50th_double)

Executing: nmosdivsxxxxt_hvdef_def = geomGetTexted(HVDEF HVDEF_text "NMOSDIVS*")

Executing: nmosdi50t_11 = geomAndNot(geomButtOrOver(nmosi50t_1 ndiff_d_ptub_di_device) n...

Executing: nmosdi50t_2 = geomButtOnly(net_poly1 nmosdi50t_11)

Executing: nmosdi50t_3 = geomStraddle(geomButtOrOver(trans_n nmosdi50t_2) SPTUB)

Executing: nmosdi20t_d_fill = drc(nmosdi50t_ndiff_c_sntub nmosdi50t_3 (sep < 2.5) parall...

Executing: nmosdi20t_4 = geomOr(geomButtOnly(nmosdi50t_3 nmosdi20t_d_fill) nmosdi20t_d_f...

Executing: nmosdi50t_d_fill = geomAvoiding(drc(nmosdi50t_ndiff_c_sntub nmosdi50t_3 (sep ...

Executing: nmosdi50t_4 = geomOr(geomButtOnly(nmosdi50t_3 nmosdi50t_d_fill) nmosdi50t_d_f...

Executing: nmosdi50t_source = geomButtOnly(net_ndiff_d_ptub nmosdi50t_4)

Executing: nmosdi50t_combidiff = geomOr(nmosdi50t_4 geomButtOnly(net_ndiff_d_ptub nmosdi...

Executing: nmosdi50t_rptub = geomStraddle(SPTUB nmosdi50t_combidiff)

Executing: nmosdi50t_gate_l = geomAnd(nmosdi50t_rptub nmosdi50t_4)

Executing: nmosdi50t_4g = geomAnd(nmosdi50t_4 DIFF)

Executing: nmosdi50th = geomButtOrOver(nmosdi50t_4 geomInside(nmosdi50t_4g HVOX))

Executing: nmosdi50tm = geomButtOrOver(nmosdi50t_4 geomInside(nmosdi50t_4g MIDOX))

Executing: nmosdi50t = geomAndNot(geomAndNot(nmosdi50t_4 nmosdi50th) nmosdi50tm)

Executing: nmosdi50t_bulkdiff_fill = drc(nmosdi50t_source net_pdiff_c_ptub (sep < 1.0) p...

Executing: nmosdi50t_sourcefill = geomOr(nmosdi50t_source geomOr(nmosdi50t_bulkdiff_fill...

Executing: nmosdi50th_double = geomOr(nmosdi50th geomButtOnly(nmosdi50t_sourcefill nmosd...

Executing: nmosdi50tm_double = geomOr(nmosdi50tm geomButtOnly(nmosdi50t_sourcefill nmosd...

Executing: nmosdi50t_double = geomOr(nmosdi50t geomButtOnly(nmosdi50t_sourcefill nmosdi5...

Executing: NMOSDI50T_device = geomCat(nmosdi50t_double)

Executing: NMOSDI50M_device = geomCat(nmosdi50tm_double)

Executing: NMOSDI50H_device = geomCat(nmosdi50th_double)

Executing: nmosdi20t_source = geomButtOnly(net_ndiff_d_ptub nmosdi20t_4)

Executing: nmosdi20t_combidiff = geomOr(nmosdi20t_4 geomButtOnly(net_ndiff_d_ptub nmosdi...

Executing: nmosdi20t_rptub = geomStraddle(SPTUB nmosdi20t_combidiff)

Executing: nmosdi20t_gate_l = geomAnd(nmosdi20t_rptub nmosdi20t_4)

Executing: nmosdi20t_4g = geomAnd(nmosdi20t_4 DIFF)

Executing: nmosdi20th = geomButtOrOver(nmosdi20t_4 geomInside(nmosdi20t_4g HVOX))

Executing: nmosdi20tm = geomButtOrOver(nmosdi20t_4 geomInside(nmosdi20t_4g MIDOX))

Executing: nmosdi20t = geomAndNot(geomAndNot(nmosdi20t_4 nmosdi20th) nmosdi20tm)

Executing: nmosdi20t_bulkdiff_fill = drc(nmosdi20t_source net_pdiff_c_ptub (sep < 1.0) p...

Executing: nmosdi20t_sourcefill = geomOr(nmosdi20t_source geomOr(nmosdi20t_bulkdiff_fill...

Executing: nmosdi20th_double = geomOr(nmosdi20th geomButtOnly(nmosdi20t_sourcefill nmosd...

Executing: nmosdi20tm_double = geomOr(nmosdi20tm geomButtOnly(nmosdi20t_sourcefill nmosd...

Executing: nmosdi20t_double = geomOr(nmosdi20t geomButtOnly(nmosdi20t_sourcefill nmosdi2...

Executing: geomSizeAnd(nmosdi20th_double HVDEF 0.1 0.7)

Executing: geomSizeAnd(nmosdi20th_double HVDEF 0.1 0.7)

Executing: geomSizeAnd(nmosdi20th_double HVDEF 0.1 0.7)

Executing: nmosdi20th_double_closed_1 = geomSizeAnd(nmosdi20th_double HVDEF 0.1 0.7)

Executing: nmosdi20th_double_closed = geomAnd(geomSize(geomSize(nmosdi20th_double 0.7) -...

Executing: geomSizeAnd(nmosdi20tm_double HVDEF 0.1 0.7)

Executing: geomSizeAnd(nmosdi20tm_double HVDEF 0.1 0.7)

Executing: geomSizeAnd(nmosdi20tm_double HVDEF 0.1 0.7)

Executing: nmosdi20tm_double_closed_1 = geomSizeAnd(nmosdi20tm_double HVDEF 0.1 0.7)

Executing: nmosdi20tm_double_closed = geomAnd(geomSize(geomSize(nmosdi20tm_double 0.7) -...

Executing: NMOSDI20T_device = geomCat(nmosdi20t_double)

Executing: NMOSDI20M_device = geomCat(nmosdi20tm_double_closed)

Executing: NMOSDI20H_device = geomCat(nmosdi20th_double_closed)

Executing: nmosdi20h_split = geomButtOrOver(nmosdi20th_double_closed nmosdi20th_double (...
	   errorLayer(nmosdi20h_split "NMOSDI20H INFO only : large device w > 200  gate split up")

Executing: nmosdi20m_split = geomButtOrOver(nmosdi20tm_double_closed nmosdi20tm_double (...
	   errorLayer(nmosdi20m_split "NMOSDI20M INFO only : large device w > 200  gate split up")

Executing: nmosi20t_source = geomButtOnly(net_ndiff_d_ptub nmosi20t_4)

Executing: nmosi20t_combidiff = geomOr(nmosi20t_4 geomButtOnly(net_ndiff_d_ptub nmosi20t...

Executing: nmosi20t_rptub = geomStraddle(SPTUB nmosi20t_combidiff)

Executing: nmosi20t_gate_l = geomAnd(nmosi20t_rptub nmosi20t_4)

Executing: nmosi20t_4g = geomAnd(nmosi20t_4 DIFF)

Executing: nmosi20th = geomButtOrOver(nmosi20t_4 geomInside(nmosi20t_4g HVOX))

Executing: nmosi20tm = geomButtOrOver(nmosi20t_4 geomInside(nmosi20t_4g MIDOX))

Executing: nmosi20t = geomAndNot(geomAndNot(nmosi20t_4 nmosi20th) nmosi20tm)

Executing: nmosi20t_bulkdiff_fill = drc(nmosi20t_source net_pdiff_c_ptub (sep < 1.0) par...

Executing: nmosi20t_sourcefill = geomOr(nmosi20t_source geomOr(nmosi20t_bulkdiff_fill ge...

Executing: nmosi20th_double = geomOr(nmosi20th geomButtOnly(nmosi20t_sourcefill nmosi20th))

Executing: nmosi20tm_double = geomOr(nmosi20tm geomButtOnly(nmosi20t_sourcefill nmosi20tm))

Executing: nmosi20t_double = geomOr(nmosi20t geomButtOnly(nmosi20t_sourcefill nmosi20t))

Executing: NMOSI20T_device = geomCat(nmosi20t_double)

Executing: NMOSI20M_device = geomCat(nmosi20tm_double)

Executing: NMOSI20H_device = geomCat(nmosi20th_double)

Executing: nmosi120t_d_fill = geomAvoiding(drc(nmosi50t_ndiff_c_sntub nmosi50t_3 (sep < ...

Executing: nmosi120t_4 = geomAndNot(geomOr(geomButtOnly(nmosi50t_3 nmosi120t_d_fill) nmo...

Executing: nmosi120t_source = geomButtOnly(net_ndiff_d_ptub nmosi120t_4)

Executing: nmosi120t_combidiff = geomOr(nmosi120t_4 geomButtOnly(net_ndiff_d_ptub nmosi1...

Executing: nmosi120t_rptub = geomStraddle(SPTUB nmosi120t_combidiff)

Executing: nmosi120t_gate_l = geomAnd(nmosi120t_rptub nmosi120t_4)

Executing: nmosi120t_4g = geomAnd(nmosi120t_4 DIFF)

Executing: nmosi120th = geomButtOrOver(nmosi120t_4 geomInside(nmosi120t_4g HVOX))

Executing: nmosi120tm = geomButtOrOver(nmosi120t_4 geomInside(nmosi120t_4g MIDOX))

Executing: nmosi120t = geomAndNot(geomAndNot(nmosi120t_4 nmosi120th) nmosi120tm)

Executing: nmosi120t_bulkdiff_fill = drc(nmosi120t_source net_pdiff_c_ptub (sep < 1.0) p...

Executing: nmosi120t_sourcefill = geomOr(nmosi120t_source geomOr(nmosi120t_bulkdiff_fill...

Executing: nmosi120th_double = geomOr(nmosi120th geomButtOnly(nmosi120t_sourcefill nmosi...

Executing: nmosi120tm_double = geomOr(nmosi120tm geomButtOnly(nmosi120t_sourcefill nmosi...

Executing: nmosi120t_double = geomOr(nmosi120t geomButtOnly(nmosi120t_sourcefill nmosi12...

Executing: NMOSI120T_device = geomCat(nmosi120t_double)

Executing: NMOSI120M_device = geomCat(nmosi120tm_double)

Executing: NMOSI120H_device = geomCat(nmosi120th_double)

Executing: nmosdivsxxxxt_hvdef_def = geomGetTexted(HVDEF HVDEF_text "NMOSDIVS*")

Executing: nmosdivsxxxxt_hvdef = geomCat(nmosdivsxxxxt_hvdef_def)

Executing: nmosdivst_1 = geomEnclose(geomHoles(net_poly1 innermost) geomAnd(geomAnd(SPTU...

Executing: nmosdivst_11 = geomAnd(nmosdivst_1 nmosdivsxxxxt_hvdef)

Executing: nmosdivst_2 = geomButtOrOver(net_poly1 nmosdivst_11)

Executing: nmosdivst_3 = geomButtOrOver(geomButtOrOver(trans_n nmosdivst_2) SPTUB)

Executing: nmosdivst_diff_polyg = geomButtOrOver(DIFF nmosdivst_3)

Executing: nmosdivst_diff_edgex_1 = drc(net_poly1 nmosdivst_diff_polyg (enc < 3.5) paral...

Executing: nmosdivst_diff_edgex = geomGetEdge(nmosdivst_diff_polyg butting nmosdivst_dif...

Executing: nmosdivst_d_fill_1_a = geomAndNot(drc(nmosdivst_diff_edgex nmosdivst_ndiff_c_...

Executing: nmosdivst_d_fill_2_a = geomAndNot(drc(nmosdivst_diff_edgex nmosdivst_ndiff_c_...

Executing: nmosdivst_d_fill_3_a = geomAndNot(drc(nmosdivst_diff_edgex nmosdivst_ndiff_c_...

Executing: nmosdivst_d_fill_4_a = geomAndNot(drc(nmosdivst_diff_edgex nmosdivst_ndiff_c_...

Executing: nmosdivst_d_fill_5_a = geomAndNot(drc(nmosdivst_diff_edgex nmosdivst_ndiff_c_...

Executing: nmosdivst_d_fill_6_a = geomAndNot(drc(nmosdivst_diff_edgex nmosdivst_ndiff_c_...

Executing: nmosdivst_d_fill_0_sum = geomEmpty()

Executing: nmosdivst_d_fill_1 = geomAvoiding(nmosdivst_d_fill_1_a nmosdivst_d_fill_0_sum)

Executing: nmosdivst_d_fill_1_sum = geomCat(nmosdivst_d_fill_1)

Executing: nmosdivst_d_fill_2 = geomAvoiding(nmosdivst_d_fill_2_a nmosdivst_d_fill_1_sum)

Executing: nmosdivst_d_fill_2_sum = geomCat(nmosdivst_d_fill_1 nmosdivst_d_fill_2)

Executing: nmosdivst_d_fill_3 = geomAvoiding(nmosdivst_d_fill_3_a nmosdivst_d_fill_2_sum)

Executing: nmosdivst_d_fill_3_sum = geomCat(nmosdivst_d_fill_1 nmosdivst_d_fill_2 nmosdi...

Executing: nmosdivst_d_fill_4 = geomAvoiding(nmosdivst_d_fill_4_a nmosdivst_d_fill_3_sum)

Executing: nmosdivst_d_fill_4_sum = geomCat(nmosdivst_d_fill_1 nmosdivst_d_fill_2 nmosdi...

Executing: nmosdivst_d_fill_5 = geomAvoiding(nmosdivst_d_fill_5_a nmosdivst_d_fill_4_sum)

Executing: nmosdivst_d_fill_5_sum = geomCat(nmosdivst_d_fill_1 nmosdivst_d_fill_2 nmosdi...

Executing: nmosdivst_d_fill_6 = geomAvoiding(nmosdivst_d_fill_6_a nmosdivst_d_fill_5_sum)

Executing: nmosdivst_d_fill = geomCat(nmosdivst_d_fill_1 nmosdivst_d_fill_2 nmosdivst_d_...

Executing: nmosdivst_4 = geomOr(geomButtOrOver(nmosdivst_3 nmosdivst_d_fill) nmosdivst_d...

Executing: nmosdivst_source = geomButtOrOver(net_ndiff_d_ptub nmosdivst_4)

Executing: nmosdivst_combidiff = geomOr(nmosdivst_4 geomButtOrOver(net_ndiff_d_ptub nmos...

Executing: nmosdivst_rptub = geomStraddle(SPTUB nmosdivst_combidiff)

Executing: nmosdivst_gate_l = geomAnd(nmosdivst_rptub nmosdivst_4)

Executing: nmosdivst_4g = geomAnd(nmosdivst_4 DIFF)

Executing: nmosdivsm = geomButtOrOver(nmosdivst_4 geomInside(nmosdivst_4g MIDOX))

Executing: nmosdivsh = geomButtOrOver(nmosdivst_4 geomInside(nmosdivst_4g HVOX))

Executing: nmosdivst = geomAndNot(geomAndNot(nmosdivst_4 nmosdivsh) nmosdivsm)

Executing: nmosdivst_bulkdiff_fill = drc(nmosdivst_source net_pdiff_c_ptub (sep < 1.0) p...

Executing: nmosdivst_sourcefill = geomOr(nmosdivst_source geomOr(nmosdivst_bulkdiff_fill...

Executing: nmosdivsh_double = geomOr(nmosdivsh geomButtOrOver(nmosdivst_sourcefill nmosd...

Executing: nmosdivsm_double = geomOr(nmosdivsm geomButtOrOver(nmosdivst_sourcefill nmosd...

Executing: nmosdivst_double = geomOr(nmosdivst geomButtOrOver(nmosdivst_sourcefill nmosd...

Executing: errorLayer(geomSizeAnd(nmosdivsm_double HVDEF 0.1 0.5) "Unsupported Device NMOSDIVS with MIDOX")

Executing: errorLayer(geomSizeAnd(nmosdivsh_double HVDEF 0.1 0.5) "Unsupported Device NMOSDIVS with HVOX")

Executing: NMOSDIVST_device = geomCat(nmosdivst_double)

Executing: nmosdivst_f = geomButtOrOver(nmosdivst_d_fill nmosdivst_double)

Executing: nmosivsxxxxt_hvdef_def = geomGetTexted(HVDEF HVDEF_text "NMOSIVS*")

Executing: nmosivsxxxxt_hvdef = geomCat(nmosivsxxxxt_hvdef_def)

Executing: nmosivst_11 = geomAnd(nmosivst_1 nmosivsxxxxt_hvdef)

Executing: nmosivst_2 = geomButtOrOver(net_poly1 nmosivst_11)

Executing: nmosivst_3 = geomButtOrOver(geomButtOrOver(trans_n nmosivst_2) SPTUB)

Executing: nmosivst_diff_polyg = geomButtOrOver(DIFF nmosivst_3)

Executing: nmosivst_diff_edgex_1 = drc(net_poly1 nmosivst_diff_polyg (enc < 3.5) paralle...

Executing: nmosivst_diff_edgex = geomGetEdge(nmosivst_diff_polyg butting nmosivst_diff_e...

Executing: nmosivst_diff_clos = geomSize(geomSize(geomAnd(DIFF nmosivsxxxxt_hvdef) 0.4) ...

Executing: nmosivst_d_fill_1_a = geomAndNot(drc(nmosivst_diff_edgex nmosivst_ndiff_c_snt...

Executing: nmosivst_d_fill_2_a = geomAndNot(drc(nmosivst_diff_edgex nmosivst_ndiff_c_snt...

Executing: nmosivst_d_fill_3_a = geomAndNot(drc(nmosivst_diff_edgex nmosivst_ndiff_c_snt...

Executing: nmosivst_d_fill_4_a = geomAndNot(drc(nmosivst_diff_edgex nmosivst_ndiff_c_snt...

Executing: nmosivst_d_fill_5_a = geomAndNot(drc(nmosivst_diff_edgex nmosivst_ndiff_c_snt...

Executing: nmosivst_d_fill_6_a = geomAndNot(drc(nmosivst_diff_edgex nmosivst_ndiff_c_snt...

Executing: nmosivst_d_fill_0_sum = geomEmpty()

Executing: nmosivst_d_fill_1 = geomAvoiding(nmosivst_d_fill_1_a nmosivst_d_fill_0_sum)

Executing: nmosivst_d_fill_1_sum = geomCat(nmosivst_d_fill_1)

Executing: nmosivst_d_fill_2 = geomAvoiding(nmosivst_d_fill_2_a nmosivst_d_fill_1_sum)

Executing: nmosivst_d_fill_2_sum = geomCat(nmosivst_d_fill_1 nmosivst_d_fill_2)

Executing: nmosivst_d_fill_3 = geomAvoiding(nmosivst_d_fill_3_a nmosivst_d_fill_2_sum)

Executing: nmosivst_d_fill_3_sum = geomCat(nmosivst_d_fill_1 nmosivst_d_fill_2 nmosivst_...

Executing: nmosivst_d_fill_4 = geomAvoiding(nmosivst_d_fill_4_a nmosivst_d_fill_3_sum)

Executing: nmosivst_d_fill_4_sum = geomCat(nmosivst_d_fill_1 nmosivst_d_fill_2 nmosivst_...

Executing: nmosivst_d_fill_5 = geomAvoiding(nmosivst_d_fill_5_a nmosivst_d_fill_4_sum)

Executing: nmosivst_d_fill_5_sum = geomCat(nmosivst_d_fill_1 nmosivst_d_fill_2 nmosivst_...

Executing: nmosivst_d_fill_6 = geomAvoiding(nmosivst_d_fill_6_a nmosivst_d_fill_5_sum)

Executing: nmosivst_d_fill = geomCat(nmosivst_d_fill_1 nmosivst_d_fill_2 nmosivst_d_fill...

Executing: nmosivst_4 = geomOr(geomButtOrOver(nmosivst_3 nmosivst_d_fill) nmosivst_d_fill)

Executing: nmosivst_source = geomButtOrOver(net_ndiff_d_ptub nmosivst_4)

Executing: nmosivst_combidiff = geomOr(nmosivst_4 geomButtOrOver(net_ndiff_d_ptub nmosiv...

Executing: nmosivst_rptub = geomStraddle(SPTUB nmosivst_combidiff)

Executing: nmosivst_gate_l = geomAnd(nmosivst_rptub nmosivst_4)

Executing: nmosivst_4g = geomAnd(nmosivst_4 DIFF)

Executing: nmosivsm = geomButtOrOver(nmosivst_4 geomInside(nmosivst_4g MIDOX))

Executing: nmosivsh = geomButtOrOver(nmosivst_4 geomInside(nmosivst_4g HVOX))

Executing: nmosivst = geomAndNot(geomAndNot(nmosivst_4 nmosivsh) nmosivsm)

Executing: nmosivst_bulkdiff_fill = drc(nmosivst_source net_pdiff_c_ptub (sep < 1.0) par...

Executing: nmosivst_sourcefill = geomOr(nmosivst_source geomOr(nmosivst_bulkdiff_fill ge...

Executing: nmosivsh_double = geomOr(nmosivsh geomButtOrOver(nmosivst_sourcefill nmosivsh))

Executing: nmosivsm_double = geomOr(nmosivsm geomButtOrOver(nmosivst_sourcefill nmosivsm))

Executing: nmosivst_double = geomOr(nmosivst geomButtOrOver(nmosivst_sourcefill nmosivst))

Executing: errorLayer(geomSizeAnd(nmosivsm_double HVDEF 0.1 0.5) "Unsupported Device NMOSIVS with MIDOX")

Executing: errorLayer(geomSizeAnd(nmosivsh_double HVDEF 0.1 0.5) "Unsupported Device NMOSIVS with HVOX")

Executing: NMOSIVST_device = geomCat(nmosivst_double)

Executing: nmosivst_f = geomButtOrOver(nmosivst_d_fill nmosivst_double)

Executing: nmosfi25t_rptub = geomCat(rptub_all)

Executing: nmosfi25t_0 = geomAnd(net_ndiff_d_ptub geomAnd(geomAndNot(DPTUB SPTUB) poly1_...

Executing: nmosfi25t_000 = geomEnclose(poly1_holes nmosfi25t_0)

Executing: nmosfi25t_00 = geomButtOrOver(geomButtOrOver(net_poly1 poly1_holes) nmosfi25t...

Executing: nmosfi25t_1 = geomButtOnly(geomAnd(nmosfi25t_rptub net_ndiff_d_ptub) nmosfi25...

Executing: nmosfi25t_2 = geomButtOrOver(nmosfi25t_00 nmosfi25t_1)

Executing: nmosfi25t_3 = geomAnd(geomAnd(geomButtOrOver(nmosfi25t_rptub nmosfi25t_2) nmo...

Executing: nmosfi25t_d_fill = drc(nmosfi25t_0 nmosfi25t_3 (sep < 3.5) parallel opposite)

Executing: nmosfi25t_4 = geomOr(geomButtOnly(nmosfi25t_3 nmosfi25t_d_fill) nmosfi25t_d_f...

Executing: nmosfi25t_drain = geomButtOnly(nmosfi25t_0 nmosfi25t_4)

Executing: nmosfi25t_source = geomAndNot(geomButtOnly(net_ndiff_d_ptub nmosfi25t_4) nmos...

Executing: nmosfi25t_4g = geomAnd(nmosfi25t_4 DIFF)

Executing: nmosfi25th = geomButtOrOver(nmosfi25t_4 geomInside(nmosfi25t_4g HVOX))

Executing: nmosfi25tm = geomButtOrOver(nmosfi25t_4 geomInside(nmosfi25t_4g MIDOX))

Executing: nmosfi25t = geomAndNot(geomAndNot(nmosfi25t_4 nmosfi25th) nmosfi25tm)

Executing: nmosfi25th_double = geomOr(nmosfi25th geomButtOnly(nmosfi25t_drain nmosfi25th))

Executing: nmosfi25tm_double = geomOr(nmosfi25tm geomButtOnly(nmosfi25t_drain nmosfi25tm))

Executing: nmosfi25t_double = geomOr(nmosfi25t geomButtOnly(nmosfi25t_drain nmosfi25t))

Executing: NMOSFI25T_device = geomCat(nmosfi25t_double)
	   errorLayer(NMOSFI25T_device "Illegal Device: NMOSFI25T not supported")

Executing: NMOSFI25M_device = geomCat(nmosfi25tm_double)
	   errorLayer(NMOSFI25M_device "Illegal Device: NMOSFI25M not supported")

Executing: NMOSFI25H_device = geomCat(nmosfi25th_double)

Executing: trans_n_pwell_noimpl_1 = geomAndNot(geomAnd(geomAnd(geomAnd(geomGetHoled(net_...

Executing: trans_n_pwell_noimpl = geomAvoiding(trans_n_pwell_noimpl_1 nmosfi25t_4g)

Executing: nmosfi25ts_0 = geomCat(trans_n_pwell_noimpl)

Executing: nmosfi25ts_3 = geomInside(net_ndiff_d_ptub geomButtOrOver(DIFF nmosfi25ts_0))

Executing: nmosfi25ts_d_fill = drc(nmosfi25ts_0 nmosfi25ts_3 (sep < 3.5) parallel opposite)

Executing: nmosfi25ts_4_1 = geomButtOrOver(nmosfi25ts_0 nmosfi25ts_d_fill (keep == 2))

Executing: nmosfi25ts_4 = geomOr(nmosfi25ts_4_1 geomButtOrOver(nmosfi25ts_d_fill nmosfi2...

Executing: nmosfi25ts_drain = geomButtOnly(nmosfi25ts_3 nmosfi25ts_4)

Executing: NMOSFI25HS_device = geomButtOrOver(nmosfi25ts_4 geomInside(nmosfi25ts_4 HVOX))

Executing: NMOSFI25MS_device = geomButtOrOver(nmosfi25ts_4 geomInside(nmosfi25ts_4 MIDOX))
	   errorLayer(NMOSFI25MS_device "Illegal Device: NMOSFI25MS not supported")

Executing: NMOSFI25TS_device = geomAndNot(geomAndNot(nmosfi25ts_4 NMOSFI25HS_device) NMO...
	   errorLayer(NMOSFI25TS_device "Illegal Device: NMOSFI25TS not supported")

Executing: esdgci3_hvdef_def = geomAndNot(geomGetTexted(HVDEF HVDEF_text "ESDGCI3_*") ge...

Executing: esdgci3_gate = geomAnd(geomAnd(geomGetHoled(trans) geomAnd(NPLUS geomAnd(net_...

Executing: ESDGCI3_device_raw = geomCat(esdgci3_gate)

Executing: esdgci3_ndiff_d_ptub = geomButtOrOver(net_ndiff_d_ptub esdgci3_gate)

Executing: esdgci3_e_ndiff_d_ptub = geomAnd(net_ndiff_d_ptub geomHoles(esdgci3_gate inne...

Executing: esdgci3_c_ndiff_d_ptub = geomAnd(net_ndiff_d_ptub geomAndNot(esdgci3_ndiff_d_...

Executing: esdgci3_w_edge = geomGetLength(esdgci3_e_ndiff_d_ptub (keep >= 5))

Executing: esdgci3_l_edge = geomGetLength(esdgci3_e_ndiff_d_ptub (keep < 5))

Executing: esdgci3_w = geomSize(esdgci3_w_edge 0.05)

Executing: esdgci3_l = geomSize(esdgci3_l_edge 0.05)

Executing: ESDGCI3_device = geomCat(ESDGCI3_device_raw)

Executing: esdgcni5_hvdef_def = geomAndNot(geomGetTexted(HVDEF HVDEF_text "ESDGCNI5_*") ...

Executing: esdgcni5_cath_ndiff_d_ptub = geomAnd(net_ndiff_d_ptub geomSize(geomSize(esdgc...

Executing: ESDGCNI5_device_raw = geomCat(esdgcni5_cath_ndiff_d_ptub)

Executing: ESDGCNI5_device = geomCat(ESDGCNI5_device_raw)

Executing: esdfdi50_hvdef_def = geomAndNot(geomGetTexted(HVDEF HVDEF_text "ESDFDI50_*") ...

Executing: esdfdi50_rptub = geomButtOrOver(geomAnd(DPTUB SPTUB) esdfdi50_hvdef_def)

Executing: esdfdi50_dptub = geomEnclose(DPTUB esdfdi50_rptub)

Executing: ESDFDI50_device_raw = geomCat(esdfdi50_dptub)

Executing: ESDFDI50_device = geomCat(ESDFDI50_device_raw)

Executing: esdtd20_hvdef_def = geomAndNot(geomGetTexted(HVDEF HVDEF_text "ESDTD20_*") ge...

Executing: esdtd20_rptub = geomButtOrOver(geomAnd(DPTUB SPTUB) esdtd20_hvdef_def)

Executing: ESDTD20_device_raw = geomCat(esdtd20_rptub)

Executing: ESDTD20_device = geomCat(ESDTD20_device_raw)

Executing: esdtd50_hvdef_def = geomAndNot(geomGetTexted(HVDEF HVDEF_text "ESDTD50_*") ge...

Executing: esdtd50_rptub = geomButtOrOver(geomAnd(DPTUB SPTUB) esdtd50_hvdef_def)

Executing: esdtd50_dptub = geomEnclose(DPTUB esdtd50_rptub)

Executing: ESDTD50_device_raw = geomCat(esdtd50_dptub)

Executing: ESDTD50_device = geomCat(ESDTD50_device_raw)

Executing: esdtd40_hvdef_def = geomAndNot(geomGetTexted(HVDEF HVDEF_text "ESDTD40_*") ge...

Executing: esdtd40_rptub = geomButtOrOver(geomAnd(DPTUB SPTUB) esdtd40_hvdef_def)

Executing: esdtd40_dptub = geomEnclose(DPTUB esdtd40_rptub)

Executing: ESDTD40_device_raw = geomCat(esdtd40_dptub)

Executing: ESDTD40_device = geomCat(ESDTD40_device_raw)

Executing: esdtd42_hvdef_def = geomAndNot(geomGetTexted(HVDEF HVDEF_text "ESDTD42_*") ge...

Executing: esdtd42_rptub = geomButtOrOver(geomAnd(DPTUB SPTUB) esdtd42_hvdef_def)

Executing: esdtd42_dptub = geomEnclose(DPTUB esdtd42_rptub)

Executing: ESDTD42_device_raw = geomCat(esdtd42_dptub)

Executing: ESDTD42_device = geomCat(ESDTD42_device_raw)

Executing: esdtd45_hvdef_def = geomAndNot(geomGetTexted(HVDEF HVDEF_text "ESDTD45_*") ge...

Executing: esdtd45_rptub = geomButtOrOver(geomAnd(DPTUB SPTUB) esdtd45_hvdef_def)

Executing: esdtd45_dptub = geomEnclose(DPTUB esdtd45_rptub)

Executing: ESDTD45_device_raw = geomCat(esdtd45_dptub)

Executing: ESDTD45_device = geomCat(ESDTD45_device_raw)

Executing: esdtd60_hvdef_def = geomAndNot(geomGetTexted(HVDEF HVDEF_text "ESDTD60_*") ge...

Executing: esdtd60_rptub = geomButtOrOver(geomAnd(DPTUB SPTUB) esdtd60_hvdef_def)

Executing: esdtd60_dptub = geomEnclose(DPTUB esdtd60_rptub)

Executing: ESDTD60_device_raw = geomCat(esdtd60_dptub)

Executing: ESDTD60_device = geomCat(ESDTD60_device_raw)

Executing: esdpd10_hvdef_def = geomAndNot(geomGetTexted(HVDEF HVDEF_text "ESDPD10_*") ge...

Executing: esdpd10_sptub = geomButtOrOver(SPTUB esdpd10_hvdef_def)

Executing: esdpd10_sptub_hole = geomHoles(esdpd10_sptub innermost)

Executing: ESDPD10_device_raw = geomCat(esdpd10_sptub_hole)

Executing: ESDPD10_device = geomCat(ESDPD10_device_raw)

Executing: esdpnp40_hvdef_def = geomAndNot(geomGetTexted(HVDEF HVDEF_text "ESDPNP40_*") ...

Executing: esdpnp40_ce_pdiff_c_ptub = geomAnd(net_pdiff_c_ptub esdpnp40_hvdef_def)

Executing: esdpnp40_ce_dptub = geomEnclose(DPTUB esdpnp40_ce_pdiff_c_ptub)

Executing: esdpnp40_ce_dptub_spac = drc(esdpnp40_ce_dptub (sep < 5) parallel opposite)

Executing: esdpnp40_ce_dptub_spac_good = geomInside(esdpnp40_ce_dptub_spac esdpnp40_hvde...

Executing: esdpnp40_ce_dptub_good = geomButtOrOver(esdpnp40_ce_dptub esdpnp40_ce_dptub_s...

Executing: esdpnp40_device = geomOr(geomButtOrOver(esdpnp40_ce_dptub esdpnp40_ce_dptub_s...

Executing: ESDPNP40_device_raw = geomCat(esdpnp40_device)

Executing: ESDPNP40_device = geomCat(ESDPNP40_device_raw)

Executing: esdpnp42_hvdef_def = geomAndNot(geomGetTexted(HVDEF HVDEF_text "ESDPNP42_*") ...

Executing: esdpnp42_ce_pdiff_c_ptub = geomAnd(net_pdiff_c_ptub esdpnp42_hvdef_def)

Executing: esdpnp42_ce_dptub = geomEnclose(DPTUB esdpnp42_ce_pdiff_c_ptub)

Executing: esdpnp42_ce_dptub_spac = drc(esdpnp42_ce_dptub (sep < 5) parallel opposite)

Executing: esdpnp42_ce_dptub_spac_good = geomInside(esdpnp42_ce_dptub_spac esdpnp42_hvde...

Executing: esdpnp42_ce_dptub_good = geomButtOrOver(esdpnp42_ce_dptub esdpnp42_ce_dptub_s...

Executing: esdpnp42_device = geomOr(geomButtOrOver(esdpnp42_ce_dptub esdpnp42_ce_dptub_s...

Executing: ESDPNP42_device_raw = geomCat(esdpnp42_device)

Executing: ESDPNP42_device = geomCat(ESDPNP42_device_raw)

Executing: esdpd18_hvdef_def = geomAndNot(geomGetTexted(HVDEF HVDEF_text "ESDPD18_*") ge...

Executing: esdpd18_cath_ndiff_c_ntub = geomAnd(geomAnd(net_ndiff_c_ntub NTUB) esdpd18_hv...

Executing: esdpd18_ntub = geomEnclose(NTUB esdpd18_cath_ndiff_c_ntub)

Executing: ESDPD18_device_raw = geomCat(esdpd18_ntub)

Executing: ESDPD18_device = geomCat(ESDPD18_device_raw)

Executing: esdpd26_hvdef_def = geomAndNot(geomGetTexted(HVDEF HVDEF_text "ESDPD26_*") ge...

Executing: esdpd26_cath_ndiff_c_ntub = geomAnd(geomAnd(net_ndiff_c_ntub NTUB) esdpd26_hv...

Executing: esdpd26_ntub = geomEnclose(NTUB esdpd26_cath_ndiff_c_ntub)

Executing: ESDPD26_device_raw = geomCat(esdpd26_ntub)

Executing: ESDPD26_device = geomCat(ESDPD26_device_raw)

Executing: esdpd30_hvdef_def = geomAndNot(geomGetTexted(HVDEF HVDEF_text "ESDPD30_*") ge...

Executing: esdpd30_cath_ndiff_c_ntub = geomAnd(geomAnd(net_ndiff_c_ntub NTUB) esdpd30_hv...

Executing: esdpd30_ntub = geomEnclose(NTUB esdpd30_cath_ndiff_c_ntub)

Executing: ESDPD30_device_raw = geomCat(esdpd30_ntub)

Executing: ESDPD30_device = geomCat(ESDPD30_device_raw)

Executing: esdfdni5_hvdef_def = geomAndNot(geomGetTexted(HVDEF HVDEF_text "ESDFDNI5_*") ...

Executing: esdfdni5_cath_ndiff_d_ptub = geomAnd(net_ndiff_d_ptub esdfdni5_hvdef_def)

Executing: ESDFDNI5_device_raw = geomCat(esdfdni5_cath_ndiff_d_ptub)

Executing: ESDFDNI5_device = geomCat(ESDFDNI5_device_raw)

Executing: esdgcpi5_hvdef_def = geomAndNot(geomGetTexted(HVDEF HVDEF_text "ESDGCPI5_*") ...

Executing: esdgcpi5_anod_pdiff_d_ntub = geomAnd(geomAnd(geomAnd(net_pdiff_d_ntub DNTUB) ...

Executing: ESDGCPI5_device_raw = geomCat(esdgcpi5_anod_pdiff_d_ntub)

Executing: ESDGCPI5_device = geomCat(ESDGCPI5_device_raw)

Executing: esdfdpi5_hvdef_def = geomAndNot(geomGetTexted(HVDEF HVDEF_text "ESDFDPI5_*") ...

Executing: esdfdpi5_anod_pdiff_d_ntub = geomAnd(geomAnd(geomAnd(net_pdiff_d_ntub DNTUB) ...

Executing: ESDFDPI5_device_raw = geomCat(esdfdpi5_anod_pdiff_d_ntub)

Executing: ESDFDPI5_device = geomCat(ESDFDPI5_device_raw)

Executing: esdvsd_hvdef_def_1 = geomGetTexted(HVDEF HVDEF_text "ESDVS*")

Executing: esdvsd_hvdef_def_2 = geomGetTexted(esdvsd_hvdef_def_1 HVDEF_text "*D_REV_2.0")

Executing: esdvsd_hvdef_def = geomAndNot(esdvsd_hvdef_def_2 geomGetTexted(HVDEF HVDEF_te...

Executing: esdvsd_cath_ndiff_c_ntub_holes = geomButtOrOver(net_ndiff_c_ntub geomSize(esd...

Executing: esdvsd_cath_ndiff_c_ntub_holes_sntub = geomHoles(geomButtOrOver(SNTUB esdvsd_...

Executing: esdvsd_anod_pdiff_c_ptub = geomAnd(net_pdiff_c_ptub esdvsd_hvdef_def)

Executing: esdvsd_rptub = geomButtOrOver(geomAnd(DPTUB SPTUB) esdvsd_hvdef_def)

Executing: esdvsd_sptub = geomEnclose(SPTUB esdvsd_anod_pdiff_c_ptub)

Executing: esdvsd_w_meas = drc(esdvsd_sptub esdvsd_anod_pdiff_c_ptub (enc < 0.6) opposit...

Executing: ESDVSD_device_raw = geomOr(esdvsd_anod_pdiff_c_ptub esdvsd_w_meas)

Executing: ESDVSD_device = geomCat(ESDVSD_device_raw)

Executing: esdvsd_f_edge = geomGetEdge(esdvsd_rptub coincident esdvsd_w_meas)

Executing: esdvsd_f_fill = drc(esdvsd_cath_ndiff_c_ntub_holes_sntub esdvsd_f_edge (enc <...

Executing: esdvsd_ftd = geomCat(esdvsd_f_fill)

Executing: esdvss_hvdef_def_1 = geomGetTexted(HVDEF HVDEF_text "ESDVS*")

Executing: esdvss_hvdef_def_2 = geomGetTexted(esdvss_hvdef_def_1 HVDEF_text "*S_REV_2.0")

Executing: esdvss_hvdef_def = geomAndNot(esdvss_hvdef_def_2 geomGetTexted(HVDEF HVDEF_te...

Executing: esdvss_cath_ndiff_c_ntub_holes = geomButtOrOver(net_ndiff_c_ntub geomSize(esd...

Executing: esdvss_cath_ndiff_c_ntub_holes_sntub = geomHoles(geomButtOrOver(SNTUB esdvss_...

Executing: esdvss_anod_pdiff_c_ptub = geomAnd(net_pdiff_c_ptub esdvss_hvdef_def)

Executing: esdvss_rptub = geomButtOrOver(geomAnd(DPTUB SPTUB) esdvss_hvdef_def)

Executing: esdvss_sptub = geomEnclose(SPTUB esdvss_anod_pdiff_c_ptub)

Executing: esdvss_w_meas = drc(esdvss_sptub esdvss_anod_pdiff_c_ptub (enc < 0.6) opposit...

Executing: ESDVSS_device_raw = geomOr(esdvss_anod_pdiff_c_ptub esdvss_w_meas)

Executing: ESDVSS_device = geomCat(ESDVSS_device_raw)

Executing: esdvss_f_edge = geomGetEdge(esdvss_rptub coincident esdvss_w_meas)

Executing: esdvss_f_fill = drc(esdvss_cath_ndiff_c_ntub_holes_sntub esdvss_f_edge (enc <...

Executing: esdvss_ftd = geomCat(esdvss_f_fill)

Executing: esdfdp5_hvdef_def = geomAndNot(geomGetTexted(HVDEF HVDEF_text "ESDFDP5_*") ge...

Executing: esdfdp5_anod_pdiff_d_ntub = geomAnd(geomAnd(net_pdiff_d_ntub NTUB) esdfdp5_hv...

Executing: ESDFDP5_device_raw = geomCat(esdfdp5_anod_pdiff_d_ntub)

Executing: ESDFDP5_device = geomCat(ESDFDP5_device_raw)

Executing: esdgcp5_hvdef_def = geomAndNot(geomGetTexted(HVDEF HVDEF_text "ESDGCP5_*") ge...

Executing: esdgcp5_anod_pdiff_d_ntub = geomAnd(geomAnd(net_pdiff_d_ntub NTUB) esdgcp5_hv...

Executing: ESDGCP5_device_raw = geomCat(esdgcp5_anod_pdiff_d_ntub)

Executing: ESDGCP5_device = geomCat(ESDGCP5_device_raw)

Executing: esdfdn5_hvdef_def = geomAndNot(geomGetTexted(HVDEF HVDEF_text "ESDFDN5_*") ge...

Executing: esdfdn5_cath_ndiff_d_sub = geomAnd(net_ndiff_d_sub esdfdn5_hvdef_def)

Executing: ESDFDN5_device_raw = geomCat(esdfdn5_cath_ndiff_d_sub)

Executing: ESDFDN5_device = geomCat(ESDFDN5_device_raw)

Executing: esdgcn5_hvdef_def = geomAndNot(geomGetTexted(HVDEF HVDEF_text "ESDGCN5_*") ge...

Executing: esdgcn5_cath_ndiff_d_sub = geomAnd(net_ndiff_d_sub esdgcn5_hvdef_def)

Executing: ESDGCN5_device_raw = geomCat(esdgcn5_cath_ndiff_d_sub)

Executing: ESDGCN5_device = geomCat(ESDGCN5_device_raw)

Executing: esdgci20_hvdef_def = geomAndNot(geomGetTexted(HVDEF HVDEF_text "ESDGCI20_*") ...

Executing: esdgci20_1 = geomAnd(geomAnd(geomAnd(geomGetHoled(net_pdiff_c_ptub) net_pwell...

Executing: esdgci20_2 = geomAnd(geomGetHoled(geomAnd(SPTUB DPTUB)) DNTUB)

Executing: esdgci20_3 = geomAnd(esdgci20_2 esdgci20_1)

Executing: ESDGCI20_device_raw = geomHoles(esdgci20_3 innermost)

Executing: ESDGCI20_device = geomCat(ESDGCI20_device_raw)

Executing: net_met1_X1A = geomGetTexted(MET1_pinshape MET1_pintext "X1A")

Executing: net_met2_X1A = geomGetTexted(MET2_pinshape MET2_pintext "X1A")

Executing: net_met3_X1A = geomGetTexted(MET3_pinshape MET3_pintext "X1A")

Executing: net_met1_X1B = geomGetTexted(MET1_pinshape MET1_pintext "X1B")

Executing: net_met2_X1B = geomGetTexted(MET2_pinshape MET2_pintext "X1B")

Executing: net_met3_X1B = geomGetTexted(MET3_pinshape MET3_pintext "X1B")

Executing: net_met1_X1C = geomGetTexted(MET1_pinshape MET1_pintext "X1C")

Executing: net_met2_X1C = geomGetTexted(MET2_pinshape MET2_pintext "X1C")

Executing: net_met3_X1C = geomGetTexted(MET3_pinshape MET3_pintext "X1C")

Executing: net_met1_X1D = geomGetTexted(MET1_pinshape MET1_pintext "X1D")

Executing: net_met2_X1D = geomGetTexted(MET2_pinshape MET2_pintext "X1D")

Executing: net_met3_X1D = geomGetTexted(MET3_pinshape MET3_pintext "X1D")

Executing: net_met1_Y1A = geomGetTexted(MET1_pinshape MET1_pintext "Y1A")

Executing: net_met2_Y1A = geomGetTexted(MET2_pinshape MET2_pintext "Y1A")

Executing: net_met3_Y1A = geomGetTexted(MET3_pinshape MET3_pintext "Y1A")

Executing: net_met1_Y1B = geomGetTexted(MET1_pinshape MET1_pintext "Y1B")

Executing: net_met2_Y1B = geomGetTexted(MET2_pinshape MET2_pintext "Y1B")

Executing: net_met3_Y1B = geomGetTexted(MET3_pinshape MET3_pintext "Y1B")

Executing: net_met1_Y1C = geomGetTexted(MET1_pinshape MET1_pintext "Y1C")

Executing: net_met2_Y1C = geomGetTexted(MET2_pinshape MET2_pintext "Y1C")

Executing: net_met3_Y1C = geomGetTexted(MET3_pinshape MET3_pintext "Y1C")

Executing: net_met1_Y1D = geomGetTexted(MET1_pinshape MET1_pintext "Y1D")

Executing: net_met2_Y1D = geomGetTexted(MET2_pinshape MET2_pintext "Y1D")

Executing: net_met3_Y1D = geomGetTexted(MET3_pinshape MET3_pintext "Y1D")

Executing: net_met1_X2A = geomGetTexted(MET1_pinshape MET1_pintext "X2A")

Executing: net_met2_X2A = geomGetTexted(MET2_pinshape MET2_pintext "X2A")

Executing: net_met3_X2A = geomGetTexted(MET3_pinshape MET3_pintext "X2A")

Executing: net_met1_X2B = geomGetTexted(MET1_pinshape MET1_pintext "X2B")

Executing: net_met2_X2B = geomGetTexted(MET2_pinshape MET2_pintext "X2B")

Executing: net_met3_X2B = geomGetTexted(MET3_pinshape MET3_pintext "X2B")

Executing: net_met1_X2C = geomGetTexted(MET1_pinshape MET1_pintext "X2C")

Executing: net_met2_X2C = geomGetTexted(MET2_pinshape MET2_pintext "X2C")

Executing: net_met3_X2C = geomGetTexted(MET3_pinshape MET3_pintext "X2C")

Executing: net_met1_X2D = geomGetTexted(MET1_pinshape MET1_pintext "X2D")

Executing: net_met2_X2D = geomGetTexted(MET2_pinshape MET2_pintext "X2D")

Executing: net_met3_X2D = geomGetTexted(MET3_pinshape MET3_pintext "X2D")

Executing: net_met1_ZA = geomGetTexted(MET1_pinshape MET1_pintext "ZA")

Executing: net_met2_ZA = geomGetTexted(MET2_pinshape MET2_pintext "ZA")

Executing: net_met3_ZA = geomGetTexted(MET3_pinshape MET3_pintext "ZA")

Executing: net_met1_ZB = geomGetTexted(MET1_pinshape MET1_pintext "ZB")

Executing: net_met2_ZB = geomGetTexted(MET2_pinshape MET2_pintext "ZB")

Executing: net_met3_ZB = geomGetTexted(MET3_pinshape MET3_pintext "ZB")

Executing: net_met1_ZC = geomGetTexted(MET1_pinshape MET1_pintext "ZC")

Executing: net_met2_ZC = geomGetTexted(MET2_pinshape MET2_pintext "ZC")

Executing: net_met3_ZC = geomGetTexted(MET3_pinshape MET3_pintext "ZC")

Executing: net_met1_ZD = geomGetTexted(MET1_pinshape MET1_pintext "ZD")

Executing: net_met2_ZD = geomGetTexted(MET2_pinshape MET2_pintext "ZD")

Executing: net_met3_ZD = geomGetTexted(MET3_pinshape MET3_pintext "ZD")

Executing: net_met1_Y2A = geomGetTexted(MET1_pinshape MET1_pintext "Y2A")

Executing: net_met2_Y2A = geomGetTexted(MET2_pinshape MET2_pintext "Y2A")

Executing: net_met3_Y2A = geomGetTexted(MET3_pinshape MET3_pintext "Y2A")

Executing: net_met1_Y2B = geomGetTexted(MET1_pinshape MET1_pintext "Y2B")

Executing: net_met2_Y2B = geomGetTexted(MET2_pinshape MET2_pintext "Y2B")

Executing: net_met3_Y2B = geomGetTexted(MET3_pinshape MET3_pintext "Y2B")

Executing: net_met1_Y2C = geomGetTexted(MET1_pinshape MET1_pintext "Y2C")

Executing: net_met2_Y2C = geomGetTexted(MET2_pinshape MET2_pintext "Y2C")

Executing: net_met3_Y2C = geomGetTexted(MET3_pinshape MET3_pintext "Y2C")

Executing: net_met1_Y2D = geomGetTexted(MET1_pinshape MET1_pintext "Y2D")

Executing: net_met2_Y2D = geomGetTexted(MET2_pinshape MET2_pintext "Y2D")

Executing: net_met3_Y2D = geomGetTexted(MET3_pinshape MET3_pintext "Y2D")

Executing: net_met1_VSUB = geomGetTexted(MET1_pinshape MET1_pintext "VSUB")

Executing: net_met2_VSUB = geomGetTexted(MET2_pinshape MET2_pintext "VSUB")

Executing: net_met3_VSUB = geomGetTexted(MET3_pinshape MET3_pintext "VSUB")

Executing: net_met4_COILP = geomGetTexted(MET4_pinshape MET4_pintext "COILP")

Executing: net_met4_COILN = geomGetTexted(MET4_pinshape MET4_pintext "COILN")

Executing: net_met3_COILP = geomGetTexted(MET3_pinshape MET3_pintext "COILP")

Executing: net_met3_COILN = geomGetTexted(MET3_pinshape MET3_pintext "COILN")

Executing: net_pin_BFx_1 = geomGetTexted(DEVDEF_pinshape DEVDEF_pin_pintext "BFx")

Executing: net_pin_BFx = geomCat(net_pin_BFx_1)

Executing: net_pin_BFy_1 = geomGetTexted(DEVDEF_pinshape DEVDEF_pin_pintext "BFy")

Executing: net_pin_BFy = geomCat(net_pin_BFy_1)

Executing: net_pin_BFz_1 = geomGetTexted(DEVDEF_pinshape DEVDEF_pin_pintext "BFz")

Executing: net_pin_BFz = geomCat(net_pin_BFz_1)

Executing: net_pin_BFgnd_1 = geomGetTexted(DEVDEF_pinshape DEVDEF_pin_pintext "BFgnd")

Executing: net_pin_BFgnd = geomCat(net_pin_BFgnd_1)

Executing: dntap_holes = geomOverlap(geomHoles(dntap innermost) HVDEF)

Executing: ESDGCI3_modeled = geomSize(esdgci3_hvdef_def 3.45)

Executing: ESDGCI20_modeled = geomSize(esdgci20_hvdef_def 3.9)

Executing: ESDGCNI5_modeled = geomSize(esdgcni5_hvdef_def 4.65)

Executing: ESDFDI50_modeled = geomSize(esdfdi50_hvdef_def 4.0)

Executing: ESDTD20_modeled = geomSize(esdtd20_hvdef_def 3.9)

Executing: ESDTD50_modeled = geomSize(esdtd50_hvdef_def 3.95)

Executing: ESDTD40_modeled = geomSize(esdtd40_hvdef_def 3.95)

Executing: ESDTD42_modeled = geomSize(esdtd42_hvdef_def 3.95)

Executing: ESDTD45_modeled = geomSize(esdtd45_hvdef_def 3.95)

Executing: ESDTD60_modeled = geomSize(esdtd60_hvdef_def 3.95)

Executing: ESDPD10_modeled = geomSize(esdpd10_hvdef_def 3.0)

Executing: ESDPNP40_modeled = geomSize(esdpnp40_hvdef_def 3.9)

Executing: ESDPNP42_modeled = geomSize(esdpnp42_hvdef_def 3.9)

Executing: ESDPD18_modeled = geomSize(esdpd18_hvdef_def 0.7)

Executing: ESDPD26_modeled = geomSize(esdpd26_hvdef_def 0.7)

Executing: ESDPD30_modeled = geomSize(esdpd30_hvdef_def 0.7)

Executing: ESDFDP5_modeled = geomSize(esdfdp5_hvdef_def 0.7)

Executing: ESDGCP5_modeled = geomSize(esdgcp5_hvdef_def 0.7)

Executing: ESDFDN5_modeled = geomSize(esdfdn5_hvdef_def 0.7)

Executing: ESDGCN5_modeled = geomSize(esdgcn5_hvdef_def 0.7)

Executing: ESDFDNI5_modeled = geomSize(esdfdni5_hvdef_def 5.95)

Executing: ESDFDPI5_modeled = geomSize(esdfdpi5_hvdef_def 5.95)

Executing: ESDGCPI5_modeled = geomSize(esdgcpi5_hvdef_def 5.95)

Executing: ESDVSD_modeled = geomSize(esdvsd_hvdef_def 4.0)

Executing: ESDVSS_modeled = geomSize(esdvss_hvdef_def 4.0)

Executing: ESDPMOS18T_modeled = geomSize(esdpmos18t_hvdef 3.7)

Executing: ESDNPN_PN3_modeled = geomCat(esdnpn_pn3_hvdef_def)

Executing: CWPM_modeled = geomSize(CWPM_device 2.8)

Executing: NMOS50T_modeled = geomOverlap(HVDEF NMOS50T_device)

Executing: NMOS50M_modeled = geomOverlap(HVDEF NMOS50M_device)

Executing: NMOS50H_modeled = geomOverlap(HVDEF NMOS50H_device)

Executing: NMOS50HS_modeled = geomSize(geomSize(geomOverlap(HVDEF NMOS50HS_device) 0.05)...

Executing: NMOSFI25H_modeled = geomSize(geomOverlap(dntap_holes NMOSFI25H_device) 3)

Executing: NMOSI20H_modeled = geomSize(geomOverlap(dntap_holes NMOSI20H_device) 4.7)

Executing: NMOSI20M_modeled = geomSize(geomOverlap(dntap_holes NMOSI20M_device) 4.7)

Executing: NMOSI20T_modeled = geomSize(geomOverlap(dntap_holes NMOSI20T_device) 4.7)

Executing: NMOSI50H_modeled = geomSize(geomOverlap(dntap_holes NMOSI50H_device) 4.7)

Executing: NMOSI50M_modeled = geomSize(geomOverlap(dntap_holes NMOSI50M_device) 4.7)

Executing: NMOSI50T_modeled = geomSize(geomOverlap(dntap_holes NMOSI50T_device) 4.7)

Executing: PJFET_modeled = geomSize(geomOverlap(dntap_holes PJFET_device) 0.9)

Executing: PMOS20H_modeled = geomSize(geomOverlap(dntap_holes PMOS20H_device) 3.4)

Executing: PMOS20M_modeled = geomSize(geomOverlap(dntap_holes PMOS20M_device) 3.4)

Executing: PMOSD20M_modeled = geomSize(geomOverlap(dntap_holes PMOSD20M_device) 3.4)

Executing: PMOSD20T_modeled = geomSize(geomOverlap(dntap_holes PMOSD20T_device) 3.4)

Executing: PMOS20T_modeled = geomSize(geomOverlap(dntap_holes PMOS20T_device) 3.4)

Executing: PMOS50H_modeled = geomSize(geomOverlap(dntap_holes PMOS50H_device) 2.7)

Executing: PMOS50HS_modeled = geomSize(geomOverlap(dntap_holes PMOS50HS_device) 0.9)

Executing: PMOS50M_modeled = geomSize(geomOverlap(dntap_holes PMOS50M_device) 2.7)

Executing: PMOS50T_modeled = geomSize(geomOverlap(dntap_holes PMOS50T_device) 2.7)

Executing: VERTN1_modeled = geomSize(geomOverlap(dntap_holes VERTN1_device) 3.3)

Executing: VERTPH_modeled = geomSize(geomOverlap(dntap_holes VERTPH_device_raw) 0.9)

Executing: NMOS20T_modeled = geomOverlap(HVDEF NMOS20T_device)

Executing: NMOS20M_modeled = geomOverlap(HVDEF NMOS20M_device)

Executing: NMOSD20M_modeled = geomOverlap(HVDEF NMOSD20M_device)

Executing: NMOS20H_modeled = geomOverlap(HVDEF NMOS20H_device)

Executing: NMOS20HS_modeled = geomSize(geomSize(geomOverlap(HVDEF NMOS20HS_device) 0.05)...

Executing: NMOSFI25HS_modeled = geomSize(geomOverlap(dntap_holes NMOSFI25HS_device) 1.8)

Executing: PMOS20HS_modeled = geomSize(geomOverlap(dntap_holes PMOS20HS_device) 0.9)

Executing: NMOSDI20H_modeled = geomSize(geomOverlap(dntap_holes NMOSDI20H_device) 4.7)

Executing: NMOSDI20M_modeled = geomSize(geomOverlap(dntap_holes NMOSDI20M_device) 4.7)

Executing: NMOSDI50H_modeled = geomSize(geomOverlap(dntap_holes NMOSDI50H_device) 4.7)

Executing: NMOSI120H_modeled = geomSize(geomOverlap(dntap_holes NMOSI120H_device) 1)

Executing: NMOSI120M_modeled = geomSize(geomOverlap(dntap_holes NMOSI120M_device) 1)

Executing: PMOS120H_modeled = geomSize(geomOverlap(dntap_holes PMOS120H_device) 1)

Executing: PMOS120M_modeled = geomSize(geomOverlap(dntap_holes PMOS120M_device) 1)

Executing: NMOS10MH_modeled = geomOverlap(geomSize(HVDEF 1.0) NMOS10MH_device)

Executing: NMOSD10MH_modeled = geomOverlap(geomSize(HVDEF 1.0) NMOSD10MH_device)

Executing: PMOS10MH_modeled = geomOverlap(geomSize(HVDEF 2.7) PMOS10MH_device)

Executing: PMOSD10MH_modeled = geomOverlap(geomSize(HVDEF 2.7) PMOSD10MH_device)

Executing: PMOSVST_modeled = geomOverlap(geomSize(HVDEF 3.7) PMOSVST_device)

Executing: PMOSDVST_modeled = geomOverlap(geomSize(HVDEF 3.7) PMOSDVST_device)

Executing: NMOSDIVST_modeled = geomOverlap(geomSize(HVDEF 1.8) NMOSDIVST_device)

Executing: NMOSIVST_modeled = geomOverlap(geomSize(HVDEF 1.8) NMOSIVST_device)

Executing: diodes_modeled = geomCat(CWPM_modeled NMOS50T_modeled NMOS50M_modeled NMOS50H...

Executing: rmet1_1 = geomAnd(met1_withslots geomOr(METRES MET1RES))

Executing: rmet1_trm = geomAnd(geomAndNot(geomSize(rmet1_1 0.1) rmet1_1) met1_withslots)

Executing: rmet1_2 = geomAvoiding(geomGetRectangle(rmet1_1) geomOr(CONT VIA1))

Executing: errorLayer(geomAvoiding(geomAndNot(rmet1_1 rmet1_2) geomOr(CONT VIA1)) "Error: MET1 resistors (shorts) must be rectangular")

Executing: RMET1_device = geomButtOrOver(rmet1_2 rmet1_trm (keep == 2))

Executing: errorLayer(geomAndNot(rmet1_2 RMET1_device) "Error: Number of MET1 resistor terminals != 2")

Executing: errorLayer(geomButtOrOver(MET1RES geomOr(CONT VIA1)) "Error: MET1 resistor def layer METRES touches CONT OR VIA1")

Executing: rmet2_1 = geomAnd(met2_withslots geomOr(METRES MET2RES))

Executing: rmet2_trm = geomAnd(geomAndNot(geomSize(rmet2_1 0.1) rmet2_1) met2_withslots)

Executing: rmet2_2 = geomAvoiding(geomGetRectangle(rmet2_1) geomOr(VIA1 VIA2))

Executing: errorLayer(geomAvoiding(geomAndNot(rmet2_1 rmet2_2) geomOr(VIA1 VIA2)) "Error: MET2 resistors (shorts) must be rectangular")

Executing: RMET2_device = geomButtOrOver(rmet2_2 rmet2_trm (keep == 2))

Executing: errorLayer(geomAndNot(rmet2_2 RMET2_device) "Error: Number of MET2 resistor terminals != 2")

Executing: errorLayer(geomButtOrOver(MET2RES geomOr(VIA1 VIA2)) "Error: MET2 resistor def layer METRES touches VIA1 or VIA2")

Executing: rmet3_1 = geomAnd(met3_withslots geomOr(METRES MET3RES))

Executing: rmet3_trm = geomAnd(geomAndNot(geomSize(rmet3_1 0.1) rmet3_1) met3_withslots)

Executing: rmet3_2 = geomAvoiding(geomGetRectangle(rmet3_1) geomOr(VIA2 VIA3))

Executing: errorLayer(geomAvoiding(geomAndNot(rmet3_1 rmet3_2) geomOr(VIA2 VIA3)) "Error: MET3 resistors (shorts) must be rectangular")

Executing: RMET3_device = geomButtOrOver(rmet3_2 rmet3_trm (keep == 2))

Executing: errorLayer(geomAndNot(rmet3_2 RMET3_device) "Error: Number of MET3 resistor terminals != 2")

Executing: errorLayer(geomButtOrOver(MET3RES geomOr(VIA2 VIA3)) "Error: MET3 resistor def layer METRES touches VIA2 or VIA3")

Executing: rmet4_1 = geomAnd(met4_withslots geomOr(METRES MET4RES))

Executing: rmet4_trm = geomAnd(geomAndNot(geomSize(rmet4_1 0.1) rmet4_1) met4_withslots)

Executing: rmet4_2 = geomAvoiding(geomGetRectangle(rmet4_1) VIA3)

Executing: errorLayer(geomAvoiding(geomAndNot(rmet4_1 rmet4_2) VIA3) "Error: MET4 resistors (shorts) must be rectangular")

Executing: RMET4_device = geomButtOrOver(rmet4_2 rmet4_trm (keep == 2))

Executing: errorLayer(geomAndNot(rmet4_2 RMET4_device) "Error: Number of MET4 resistor terminals != 2")

Executing: errorLayer(geomButtOrOver(MET4RES VIA3) "Error: MET4 resistor def layer METRES touches VIA3")

Executing: met1_withslots_trunc = geomAndNot(met1_withslots RMET1_device)

Executing: met2_withslots_trunc = geomAndNot(met2_withslots RMET2_device)

Executing: met3_withslots_trunc = geomAndNot(met3_withslots RMET3_device)

Executing: m1m2_commonx = geomStraddle(geomAnd(met1_withslots_trunc met2_withslots_trunc...

Executing: RVIA1_device = geomAnd(m1m2_commonx METRES_VIA1)

Executing: errorLayer(geomAnd(geomButtOrOver(geomAndNot(m1m2_commonx RVIA1_device) RVIA1_device) VIA1) "RVIA1 Definition layer: does not open all via connection, is shorted")

Executing: errorLayer(geomGetEdge(METRES_VIA1 inside geomButtOrOver(VIA1 RVIA1_device)) "RVIA1 Definition layer: truncates via1, device shorted")

Executing: errorLayer(geomAvoiding(METRES_VIA1 RVIA1_device) "RVIA1 Definition layer: does not define a device")

Executing: errorLayer(geomCat(geomAnd(METRES_VIA1 METRES) geomAnd(METRES_VIA1 MET1RES) geomAnd(METRES_VIA1 MET2RES)) "RVIA1 Definition layer: over METRES")

Executing: m2m3_commonx = geomStraddle(geomAnd(met2_withslots_trunc met3_withslots_trunc...

Executing: RVIA2_device = geomAnd(m2m3_commonx METRES_VIA2)

Executing: errorLayer(geomAnd(geomButtOrOver(geomAndNot(m2m3_commonx RVIA2_device) RVIA2_device) VIA2) "RVIA2 Definition layer: does not open all via connection, is shorted")

Executing: errorLayer(geomGetEdge(METRES_VIA2 inside geomButtOrOver(VIA2 RVIA2_device)) "RVIA2 Definition layer: truncates via2, device shorted")

Executing: errorLayer(geomAvoiding(METRES_VIA2 RVIA2_device) "RVIA2 Definition layer : does not define a device")

Executing: errorLayer(geomCat(geomAnd(METRES_VIA2 METRES) geomAnd(METRES_VIA2 MET2RES) geomAnd(METRES_VIA2 MET3RES)) "RVIA2 Definition layer: over METRES")

Executing: met4_withslots_trunc = geomAndNot(met4_withslots RMET4_device)

Executing: m3m4_commonx = geomStraddle(geomAnd(met3_withslots_trunc met4_withslots_trunc...

Executing: RVIA3_device = geomAnd(m3m4_commonx METRES_VIA3)

Executing: errorLayer(geomAnd(geomButtOrOver(geomAndNot(m3m4_commonx RVIA3_device) RVIA3_device) VIA3) "RVIA3 Definition layer: does not open all via connection, is shorted")

Executing: errorLayer(geomGetEdge(METRES_VIA3 inside geomButtOrOver(VIA3 RVIA3_device)) "RVIA3 Definition layer: truncates via3, device shorted")

Executing: errorLayer(geomAvoiding(METRES_VIA3 RVIA3_device) "RVIA3 Definition layer : does not define a device")

Executing: errorLayer(geomCat(geomAnd(METRES_VIA3 METRES) geomAnd(METRES_VIA3 MET2RES) geomAnd(METRES_VIA3 MET3RES)) "RVIA3 Definition layer: over METRES")

Executing: net_nsd = geomOverlap(net_ndiff geomAndNot(net_ndiff net_welltap))

Executing: net_psd = geomAndNot(net_pdiff net_subtap)

Executing: net_met1 = geomAndNot(met1_withslots geomOr(RMET1_device halldef_cut))

Executing: net_via1 = geomAndNot(VIA1 geomOr(RVIA1_device halldef_cut))

Executing: net_met2 = geomAndNot(met2_withslots geomOr(RMET2_device halldef_cut))

Executing: net_via2_metcap = geomAnd(VIA2 METCAP)

Executing: net_via2_met2 = geomAndNot(geomAndNot(VIA2 RVIA2_device) net_via2_metcap)

Executing: net_metcap = geomCat(METCAP)

Executing: net_via3 = geomAndNot(VIA3 RVIA3_device)

Executing: cblock_met3_poly1 = geomSize(CPM_device 1.2)

Executing: rcxLayer(cblock_met3_poly1)

Executing: cblock_met3_psub = geomSize(CWPM_device 1.2)

Executing: rcxLayer(cblock_met3_psub)

Executing: cblock_met2cap_met2_1 = geomSize(cmim20v_no_cpmim 0.9)

Executing: cblock_met2cap_met2_2 = geomSize(cmim_no_cpmim 0.9)

Executing: cblock_met2cap_met2_3 = geomSize(cpmim 3.0)

Executing: cblock_met2cap_met2 = geomCat(cblock_met2cap_met2_1 cblock_met2cap_met2_2 cbl...

Executing: rcxLayer(cblock_met2cap_met2)

Executing: cblock_met1_poly1_1 = geomOverlap(net_poly1 PMOS20H_device_rev4)

Executing: cblock_met1_poly1_2 = geomCat(cblock_met1_poly1_1 geomOverlap(net_poly1 PMOS5...

Executing: cblock_met1_poly1 = geomCat(cblock_met1_poly1_2 geomOverlap(net_poly1 PMOS50H...

Executing: rcxLayer(cblock_met1_poly1)

Executing: cblock_poly2_poly1_1 = geomSize(cpoly_no_cpmim 0.9)

Executing: cblock_poly2_poly1 = geomCat(cblock_poly2_poly1_1 cblock_poly2_poly1_2)

Executing: rcxLayer(cblock_poly2_poly1)

Executing: cblock_poly1_psub = geomCat(gate HVDEF pres1)

Executing: rcxLayer(cblock_poly1_psub)

Executing: cblock_poly2_psub = geomCat(pres presp presph presh)

Executing: rcxLayer(cblock_poly2_psub)

Executing: POLY1_pinshape_bad = geomOutside(POLY1_pinshape net_poly1)
	   errorLayer(POLY1_pinshape_bad "ERROR : POLY1 pin outside poly1")

Executing: MET1_pinshape_bad = geomOutside(MET1_pinshape net_met1)
	   errorLayer(MET1_pinshape_bad "ERROR : MET1 pin outside met1")

Executing: MET2_pinshape_bad = geomOutside(MET2_pinshape net_met2)
	   errorLayer(MET2_pinshape_bad "ERROR : MET2 pin outside met2")

Executing: MET3_pinshape_bad = geomAvoiding(geomOutside(MET3_pinshape net_met3) INDDEF)
	   errorLayer(MET3_pinshape_bad "ERROR : MET3 pin outside met3")

Executing: MET4_pinshape_bad = geomAvoiding(geomOutside(MET4_pinshape net_met4) INDDEF)
	   errorLayer(MET4_pinshape_bad "ERROR : MET4 pin outside met4")

Executing: PAD_pinshape_bad = geomOutside(PAD_pinshape net_met4)
	   errorLayer(PAD_pinshape_bad "ERROR : PAD pin outside pad metal")

Executing: net_poly1 = geomOr(net_poly1 POLY1_pinshape)

Executing: net_met1 = geomOr(net_met1 MET1_pinshape)

Executing: net_met2 = geomOr(net_met2 MET2_pinshape)

Executing: net_met3 = geomOr(net_met3 MET3_pinshape)

Executing: net_met4 = geomOr(net_met4 MET4_pinshape)

Executing: net_DEVDEF_pin = geomOr(DEVDEF_pin)

Executing: nmos50_hv_devices_allx = geomOr(NMOS50T_device geomOr(NMOS50M_device NMOS50H_...

Executing: net_nwell_cut = geomButtOrOver(NTUB geomOr(nmos50_hv_devices_allx geomSize(NM...

Executing: net_nwell = geomAndNot(net_nwell net_nwell_cut)

Executing: net_pwell_cut = geomCat(geomAnd(esdnpn_pn3_device geomAnd(rptub_all DNTUB)) g...

Executing: net_pwell = geomAndNot(net_pwell net_pwell_cut)

Executing: isotype_shape = geomTextShape(isoType_text)

Executing: isovolt_shape = geomTextShape(isoVoltage_text)

Executing: iso_type_volt_filter = geomOr(geomOr(geomOr(geomAnd(POLY1 DIFF) DIODE) HVDEF)...

Executing: isotype_text_exp_out_device = geomAndNot(isotype_shape iso_type_volt_filter)

Executing: isovolt_text_exp_out_device = geomAndNot(isovolt_shape iso_type_volt_filter)

Executing: isovolt_miss_text = geomAndNot(HVDEF_isoVoltage geomEnclose(HVDEF_isoVoltage ...
	   errorLayer(isovolt_miss_text "HVDEF_isoVoltage layer does not have any isoVoltage text")

Executing: isotype_miss_text = geomAndNot(HVDEF_isoType geomEnclose(HVDEF_isoType isotyp...
	   errorLayer(isotype_miss_text "HVDEF_isoType layer does not have any isoType text")

Executing: isotype_definition_type1 = geomGetTexted(HVDEF_isoType isoType_text "isoType=1")
	   errorLayer(isotype_definition_type1 "INFO : isotype_definition_type1")

Executing: isotype_definition_type2 = geomGetTexted(HVDEF_isoType isoType_text "isoType=2")
	   errorLayer(isotype_definition_type2 "INFO : isotype_definition_type2")

Executing: isovolt_definition_volt5 = geomGetTexted(HVDEF_isoVoltage isoVoltage_text "is...
	   errorLayer(isovolt_definition_volt5 "INFO : isovolt_definition_volt5")

Executing: isovolt_definition_volt20 = geomGetTexted(HVDEF_isoVoltage isoVoltage_text "i...
	   errorLayer(isovolt_definition_volt20 "INFO : isovolt_definition_volt20")

Executing: isovolt_definition_volt50 = geomGetTexted(HVDEF_isoVoltage isoVoltage_text "i...
	   errorLayer(isovolt_definition_volt50 "INFO : isovolt_definition_volt50")

Executing: isovolt_definition_volt120 = geomGetTexted(HVDEF_isoVoltage isoVoltage_text "...
	   errorLayer(isovolt_definition_volt120 "INFO : isovolt_definition_volt120")

Executing: isovolt_definition_volt_all = geomCat(isovolt_definition_volt5 isovolt_defini...

Executing: isotype_definition_type_all = geomCat(isotype_definition_type1 isotype_defini...

Executing: isovt_err1 = geomAnd(isovolt_definition_volt120 isovolt_definition_volt50)
	   errorLayer(isovt_err1 " IsoVolt 50/120 overlaps definition layer for ISOVOLT")

Executing: isovt_err2 = geomAnd(isovolt_definition_volt120 isovolt_definition_volt20)
	   errorLayer(isovt_err2 " IsoVolt 20/120 overlaps definition layer for ISOVOLT")

Executing: isovt_err3 = geomAnd(isovolt_definition_volt120 isovolt_definition_volt5)
	   errorLayer(isovt_err3 " IsoVolt 5/120 overlaps definition layer for ISOVOLT")

Executing: isovt_err4 = geomAnd(isovolt_definition_volt50 isovolt_definition_volt20)
	   errorLayer(isovt_err4 " IsoVolt 5/120 overlaps definition layer for ISOVOLT")

Executing: isovt_err5 = geomAnd(isovolt_definition_volt50 isovolt_definition_volt5)
	   errorLayer(isovt_err5 " IsoVolt 50/5 overlaps definition layer for ISOVOLT")

Executing: isovt_err6 = geomAnd(isovolt_definition_volt20 isovolt_definition_volt5)
	   errorLayer(isovt_err6 " IsoVolt 50/5 overlaps definition layer for ISOVOLT")

Executing: isovt_err7 = geomAnd(isotype_definition_type1 isotype_definition_type1)
	   errorLayer(isovt_err7 " IsoType 1/2  overlaps definition layer for ISOTYPE")

Executing: RVIA_PIN_NDIFF = geomCat(PIN_NDIFF)

Executing: net_pin_ndiff = geomCat(PIN_NDIFF)

Executing: RVIA_PIN_PDIFF = geomCat(PIN_PDIFF)

Executing: net_pin_pdiff = geomCat(PIN_PDIFF)

Executing: geomConnect((label DNTUB_pintext PIN_DNTUB) (label SNTUB_pintext PIN_SNTUB) (...
     5 net(s) with multi-label warnings found in cell 'VSUBALLP_HV layout IOLIB_HV_4M'.
     2 same-label  warnings found in cell 'VSUBALLP_HV layout IOLIB_HV_4M'.
     6 same-label  warnings found in cell 'VDD3ALLP_HV layout IOLIB_HV_4M'.
     1 same-label  warning  found in cell 'PWRCUT_DIG_P_DXS_HV layout IOLIB_HV_4M'.
     6 same-label  warnings found in cell 'PERI_SPACER_50_P_HV layout IOLIB_HV_4M'.
     3 same-label  warnings found in cell 'PERI_SPACER_2_P_HV layout IOLIB_HV_4M'.
     6 same-label  warnings found in cell 'PERI_SPACER_20_P_HV layout IOLIB_HV_4M'.
     6 same-label  warnings found in cell 'PERI_SPACER_10_P_HV layout IOLIB_HV_4M'.
     6 same-label  warnings found in cell 'PERI_SPACER_100_P_HV layout IOLIB_HV_4M'.
     6 same-label  warnings found in cell 'ICP_HV layout IOLIB_HV_4M'.
     6 same-label  warnings found in cell 'GND3ALLP_HV layout IOLIB_HV_4M'.
     6 same-label  warnings found in cell 'CORNERP_HV layout IOLIB_HV_4M'.
     6 same-label  warnings found in cell 'BU2P_HV layout IOLIB_HV_4M'.
     1 net(s) with multi-label warning  found in cell 'AVDD3ALLP_HV layout IOLIB_ANA_HV_4M'.
     6 same-label  warnings found in cell 'AVDD3ALLP_HV layout IOLIB_ANA_HV_4M'.
     1 net(s) with multi-label warning  found in cell 'APRIOP_HV layout IOLIB_ANA_HV_4M'.
     6 same-label  warnings found in cell 'APRIOP_HV layout IOLIB_ANA_HV_4M'.
     6 same-label  warnings found in cell 'APRIO200P_HV layout IOLIB_ANA_HV_4M'.
     1 net(s) with multi-label warning  found in cell 'AGND3ALLP_HV layout IOLIB_ANA_HV_4M'.
     6 same-label  warnings found in cell 'AGND3ALLP_HV layout IOLIB_ANA_HV_4M'.
 See the label report in "top.erc" file for details.


Executing: geomConnect(incremental (overlap net_psub net_pdiff_c_sub) (overlap net_psub ...
     5 net(s) with multi-label warnings found in cell 'VSUBALLP_HV layout IOLIB_HV_4M'.
     4 same-label  warnings found in cell 'VDD3ALLP_HV layout IOLIB_HV_4M'.
     1 same-label  warning  found in cell 'PWRCUT_DIG_P_DXS_HV layout IOLIB_HV_4M'.
     4 same-label  warnings found in cell 'PERI_SPACER_50_P_HV layout IOLIB_HV_4M'.
     3 same-label  warnings found in cell 'PERI_SPACER_2_P_HV layout IOLIB_HV_4M'.
     4 same-label  warnings found in cell 'PERI_SPACER_20_P_HV layout IOLIB_HV_4M'.
     4 same-label  warnings found in cell 'PERI_SPACER_10_P_HV layout IOLIB_HV_4M'.
     4 same-label  warnings found in cell 'PERI_SPACER_100_P_HV layout IOLIB_HV_4M'.
     4 same-label  warnings found in cell 'ICP_HV layout IOLIB_HV_4M'.
     4 same-label  warnings found in cell 'GND3ALLP_HV layout IOLIB_HV_4M'.
     4 same-label  warnings found in cell 'CORNERP_HV layout IOLIB_HV_4M'.
     4 same-label  warnings found in cell 'BU2P_HV layout IOLIB_HV_4M'.
     1 net(s) with multi-label warning  found in cell 'AVDD3ALLP_HV layout IOLIB_ANA_HV_4M'.
     4 same-label  warnings found in cell 'AVDD3ALLP_HV layout IOLIB_ANA_HV_4M'.
     1 net(s) with multi-label warning  found in cell 'APRIOP_HV layout IOLIB_ANA_HV_4M'.
     4 same-label  warnings found in cell 'APRIOP_HV layout IOLIB_ANA_HV_4M'.
     4 same-label  warnings found in cell 'APRIO200P_HV layout IOLIB_ANA_HV_4M'.
     1 net(s) with multi-label warning  found in cell 'AGND3ALLP_HV layout IOLIB_ANA_HV_4M'.
     4 same-label  warnings found in cell 'AGND3ALLP_HV layout IOLIB_ANA_HV_4M'.
 See the label report in "top.erc" file for details.


Executing: cpmim_metcap = geomButtOrOver(METCAP cpmim)

Executing: cpmim_poly2 = geomButtOrOver(POLY2 cpmim)

Executing: net_met2_metcap = geomAnd(net_met2 cpmim)

Executing: net_met3_metcap = geomAnd(net_met3 cpmim)

Executing: net_poly1_metcap = geomAnd(net_poly1 cpmim)

Executing: net_poly2_metcap = geomAnd(net_poly2 cpmim)

Executing: geomStamp(net_met2_metcap net_met2)

Executing: geomStamp(net_met3_metcap net_met3)

Executing: geomStamp(net_poly1_metcap net_poly1)

Executing: geomStamp(net_poly2_metcap net_poly2)

Executing: poly2_inside_metcap = geomGetEdge(cpmim_poly2 inside cpmim_metcap)
	   errorLayer(poly2_inside_metcap "CPMIM Error: cpmim must be totally inside POLY2")

Executing: cpoly_inside_metcap = geomInside(cpoly METCAP)
	   errorLayer(cpoly_inside_metcap "CPMIM Error: cpoly must enclose cmim")

Executing: err_met3_poly1_conn = drc(net_met3_metcap net_poly1_metcap (sep == 0) diffNet)
	   errorLayer(err_met3_poly1_conn "CPMIM Error: met3/poly1 plates of CPMIM not connected correctly")

Executing: err_met2_poly2_conn = drc(net_met2_metcap net_poly2_metcap (sep == 0) diffNet)
	   errorLayer(err_met2_poly2_conn "CPMIM Error: met2/poly2 plates of CPMIM not connected correctly")

Executing: err_poly2_poly1_conn = drc(net_poly2_metcap net_poly1_metcap (sep == 0) sameNet)
	   errorLayer(err_poly2_poly1_conn "CPMIM Error: poly1/poly2 plates of CPMIM shorted, is this ok ?")

Executing: err_met3_met2_conn = drc(net_met3_metcap net_met2_metcap (sep == 0) sameNet)
	   errorLayer(err_met3_met2_conn "CPMIM Error: poly1/poly2 plates of CPMIM shorted, is this ok ?")

Executing: hvdef_iso_all = geomGetTexted(HVDEF HVDEF_text "*_ISO_REV*")

Executing: cwpm_hvdef = geomAndNot(geomGetTexted(HVDEF HVDEF_text "CWPM*") hvdef_iso_all)

Executing: cwpm_hvdef_ok = geomGetTexted(HVDEF HVDEF_text "CWPM_REV_2.0")

Executing: cwpm_bad_1 = geomOutside(CWPM_device HVDEF)
	   errorLayer(cwpm_bad_1 "HVR001 : No HVDEF on CWPM")

Executing: cwpm_bad_2 = geomAndNot(cwpm_hvdef cwpm_hvdef_ok)
	   errorLayer(cwpm_bad_2 "HVR001 : Version of CWPM obsolete or missing")

Executing: cwpm_bad_3 = geomAvoiding(CWPM_device cwpm_hvdef)
	   errorLayer(cwpm_bad_3 "HVR001 : HVDEF has illegal name on CWPM")

Executing: vertn1_hvdef = geomAndNot(geomGetTexted(HVDEF HVDEF_text "VERTN1*") hvdef_iso...

Executing: vertn1_hvdef_ok = geomGetTexted(HVDEF HVDEF_text "VERTN1_REV_2.0")

Executing: vertn1_bad_1 = geomOutside(VERTN1_device_nohvdef HVDEF)
	   errorLayer(vertn1_bad_1 "HVR001 : No HVDEF on VERTN1")

Executing: vertn1_bad_2 = geomAndNot(vertn1_hvdef vertn1_hvdef_ok)
	   errorLayer(vertn1_bad_2 "HVR001 : Version of VERTN1 obsolete or missing")

Executing: vertn1_bad_3 = geomAvoiding(VERTN1_device vertn1_hvdef)
	   errorLayer(vertn1_bad_3 "HVR001 : HVDEF has illegal name on VERTN1")

Executing: vertph_hvdef = geomAndNot(geomGetTexted(HVDEF HVDEF_text "VERTPH*") hvdef_iso...

Executing: vertph_hvdef_ok = geomGetTexted(HVDEF HVDEF_text "VERTPH_REV_2.0")

Executing: vertph_bad_1 = geomOutside(VERTPH_device_raw HVDEF)
	   errorLayer(vertph_bad_1 "HVR001 : No HVDEF on VERTPH")

Executing: vertph_bad_2 = geomAndNot(vertph_hvdef vertph_hvdef_ok)
	   errorLayer(vertph_bad_2 "HVR001 : Version of VERTPH obsolete or missing")

Executing: vertph_bad_3 = geomAvoiding(VERTPH_device_raw vertph_hvdef)
	   errorLayer(vertph_bad_3 "HVR001 : HVDEF has illegal name on VERTPH")

Executing: pwresr_hvdef = geomAndNot(geomGetTexted(HVDEF HVDEF_text "RPWELLR*") hvdef_is...

Executing: pwresr_hvdef_ok = geomGetTexted(HVDEF HVDEF_text "RPWELLR_REV_2.0")

Executing: pwresr_bad_1 = geomOutside(RPWELLR_device HVDEF)
	   errorLayer(pwresr_bad_1 "HVR001 : No HVDEF on RPWELLR")

Executing: pwresr_bad_2 = geomAndNot(pwresr_hvdef pwresr_hvdef_ok)
	   errorLayer(pwresr_bad_2 "HVR001 : Version of RPWELLR obsolete or missing")

Executing: pwresr_bad_3 = geomAvoiding(RPWELLR_device pwresr_hvdef)
	   errorLayer(pwresr_bad_3 "HVR001 : HVDEF has illegal name on RPWELLR")

Executing: nwress_hvdef = geomAndNot(geomGetTexted(HVDEF HVDEF_text "RNWELLS*") hvdef_is...

Executing: nwress_hvdef_ok = geomGetTexted(HVDEF HVDEF_text "RNWELLS_REV_2.0")

Executing: nwress_bad_1 = geomOutside(RNWELLS_device HVDEF)
	   errorLayer(nwress_bad_1 "HVR001 : No HVDEF on RNWELLS")

Executing: nwress_bad_2 = geomAndNot(nwress_hvdef nwress_hvdef_ok)
	   errorLayer(nwress_bad_2 "HVR001 : Version of RNWELLS obsolete or missing")

Executing: nwress_bad_3 = geomAvoiding(RNWELLS_device nwress_hvdef)
	   errorLayer(nwress_bad_3 "HVR001 : HVDEF has illegal name on RNWELLS")

Executing: pjfet_hvdef = geomAndNot(geomGetTexted(HVDEF HVDEF_text "PJFET*") hvdef_iso_all)

Executing: pjfet_hvdef_ok = geomGetTexted(HVDEF HVDEF_text "PJFET_REV_1.0")

Executing: pjfet_bad_1 = geomOutside(PJFET_device HVDEF)
	   errorLayer(pjfet_bad_1 "HVR001 : No HVDEF on PJFET")

Executing: pjfet_bad_2 = geomAndNot(pjfet_hvdef pjfet_hvdef_ok)
	   errorLayer(pjfet_bad_2 "HVR001 : Version of PJFET obsolete or missing")

Executing: pjfet_bad_3 = geomAvoiding(PJFET_device pjfet_hvdef)
	   errorLayer(pjfet_bad_3 "HVR001 : HVDEF has illegal name on PJFET")

Executing: nmos50t_hvdef = geomAndNot(geomGetTexted(HVDEF HVDEF_text "NMOS50T_*") hvdef_...

Executing: nmos50m_hvdef = geomAndNot(geomGetTexted(HVDEF HVDEF_text "NMOS50M_*") hvdef_...

Executing: nmos50h_hvdef = geomAndNot(geomGetTexted(HVDEF HVDEF_text "NMOS50H_*") hvdef_...

Executing: nmos50t_hvdef_ok = geomGetTexted(HVDEF HVDEF_text "NMOS50T_REV_2.0")

Executing: nmos50m_hvdef_ok = geomGetTexted(HVDEF HVDEF_text "NMOS50M_REV_2.0")

Executing: nmos50h_hvdef_ok = geomGetTexted(HVDEF HVDEF_text "NMOS50H_REV_2.0")

Executing: nmos50t_bad_1 = geomOutside(NMOS50T_device HVDEF)
	   errorLayer(nmos50t_bad_1 "HVR001 : No HVDEF on NMOS50T")

Executing: nmos50m_bad_1 = geomOutside(NMOS50M_device HVDEF)
	   errorLayer(nmos50m_bad_1 "HVR001 : No HVDEF on NMOS50M")

Executing: nmos50h_bad_1 = geomOutside(NMOS50H_device HVDEF)
	   errorLayer(nmos50h_bad_1 "HVR001 : No HVDEF on NMOS50H")

Executing: nmos50t_bad_2 = geomAndNot(nmos50t_hvdef nmos50t_hvdef_ok)
	   errorLayer(nmos50t_bad_2 "HVR001 : Version of NMOS50T obsolete or missing")

Executing: nmos50m_bad_2 = geomAndNot(nmos50m_hvdef nmos50m_hvdef_ok)
	   errorLayer(nmos50m_bad_2 "HVR001 : Version of NMOS50M obsolete or missing")

Executing: nmos50h_bad_2 = geomAndNot(nmos50h_hvdef nmos50h_hvdef_ok)
	   errorLayer(nmos50h_bad_2 "HVR001 : Version of NMOS50H obsolete or missing")

Executing: nmos50t_bad_3 = geomAvoiding(NMOS50T_device nmos50t_hvdef)
	   errorLayer(nmos50t_bad_3 "HVR001 : HVDEF has illegal name on NMOS50T")

Executing: nmos50m_bad_3 = geomAvoiding(NMOS50M_device nmos50m_hvdef)
	   errorLayer(nmos50m_bad_3 "HVR001 : HVDEF has illegal name on NMOS50M")

Executing: nmos50h_bad_3 = geomAvoiding(NMOS50H_device nmos50h_hvdef)
	   errorLayer(nmos50h_bad_3 "HVR001 : HVDEF has illegal name on NMOS50H")

Executing: nmos20t_hvdef = geomAndNot(geomGetTexted(HVDEF HVDEF_text "NMOS20T_*") hvdef_...

Executing: nmos20m_hvdef = geomAndNot(geomGetTexted(HVDEF HVDEF_text "NMOS20M_*") hvdef_...

Executing: nmos20h_hvdef = geomAndNot(geomGetTexted(HVDEF HVDEF_text "NMOS20H_*") hvdef_...

Executing: nmos20t_hvdef_ok = geomGetTexted(HVDEF HVDEF_text "NMOS20T_REV_2.0")

Executing: nmos20m_hvdef_ok = geomGetTexted(HVDEF HVDEF_text "NMOS20M_REV_2.0")

Executing: nmos20h_hvdef_ok = geomGetTexted(HVDEF HVDEF_text "NMOS20H_REV_2.0")

Executing: nmos20t_bad_1 = geomOutside(NMOS20T_device HVDEF)
	   errorLayer(nmos20t_bad_1 "HVR001 : No HVDEF on NMOS20T")

Executing: nmos20m_bad_1 = geomOutside(NMOS20M_device HVDEF)
	   errorLayer(nmos20m_bad_1 "HVR001 : No HVDEF on NMOS20M")

Executing: nmos20h_bad_1 = geomOutside(NMOS20H_device HVDEF)
	   errorLayer(nmos20h_bad_1 "HVR001 : No HVDEF on NMOS20H")

Executing: nmos20t_bad_2 = geomAndNot(nmos20t_hvdef nmos20t_hvdef_ok)
	   errorLayer(nmos20t_bad_2 "HVR001 : Version of NMOS20T obsolete or missing")

Executing: nmos20m_bad_2 = geomAndNot(nmos20m_hvdef nmos20m_hvdef_ok)
	   errorLayer(nmos20m_bad_2 "HVR001 : Version of NMOS20M obsolete or missing")

Executing: nmos20h_bad_2 = geomAndNot(nmos20h_hvdef nmos20h_hvdef_ok)
	   errorLayer(nmos20h_bad_2 "HVR001 : Version of NMOS20H obsolete or missing")

Executing: nmos20t_bad_3 = geomAvoiding(NMOS20T_device nmos20t_hvdef)
	   errorLayer(nmos20t_bad_3 "HVR001 : HVDEF has illegal name on NMOS20T")

Executing: nmos20m_bad_3 = geomAvoiding(NMOS20M_device nmos20m_hvdef)
	   errorLayer(nmos20m_bad_3 "HVR001 : HVDEF has illegal name on NMOS20M")

Executing: nmos20h_bad_3 = geomAvoiding(NMOS20H_device nmos20h_hvdef)
	   errorLayer(nmos20h_bad_3 "HVR001 : HVDEF has illegal name on NMOS20H")

Executing: xnmosd20m_holes = geomButtOrOver(xnmosd20m_holes_1 geomButtOrOver(HVDEF NMOSD...

Executing: xnmosd20m_holes_rect = geomGetRectangle(xnmosd20m_holes)

Executing: xnmosd20m_ndiff_ele = geomButtOrOver(geomAnd(net_ndiff_d_ptub geomAnd(DPTUB S...

Executing: xnmosd20m_buttdiff_ele = geomButtOrOver(xnmosd20m_ndiff_ele xnmosd20m_holes_r...

Executing: xnmosd20m_butt_pdiff_taps = geomCat(xnmosd20m_holes_rect)

Executing: xnmosd20m_butt_ndiff = geomCat(xnmosd20m_buttdiff_ele)

Executing: xnmosd20m_ndiff = geomButtOrOver(geomAnd(net_ndiff_d_ptub DPTUB) NMOSD20M_dev...

Executing: xnmosd20m_ndiff_nobutt = geomAndNot(xnmosd20m_ndiff xnmosd20m_butt_ndiff)

Executing: xnmosd20m_butt_ndiff_all_cls = geomSize(geomSize(geomOr(xnmosd20m_butt_ndiff ...

Executing: xnmosd20m_butt_ndiff_all_cls_m1 = geomAnd(xnmosd20m_butt_ndiff_all_cls net_met1)

Executing: xnmosd20m_butt_ndiff_err = geomEnclose(xnmosd20m_butt_ndiff_all_cls xnmosd20m...
	   errorLayer(xnmosd20m_butt_ndiff_err "NMOSD20M_R1: NMOSD20M source/bulk met1 must be connected together")

Executing: xnmosd20m_butt_ndiff_err_2 = geomButtOrOver(xnmosd20m_butt_ndiff geomAndNot(p...
	   errorLayer(xnmosd20m_butt_ndiff_err_2 "NMOSD20M_R2 : source ndiff cannot be abutted with BULK PDIFF ring, except ptaps in ndiff holes")

Executing: xnmosd20m_butt_ndiff_err_3 = geomGetEdge(xnmosd20m_ndiff_nobutt butting pdiff_1)
	   errorLayer(xnmosd20m_butt_ndiff_err_3 "NMOSD20M_R2 : source ndiff cannot be abutted with BULK PDIFF ring, except ptaps in ndiff holes")

Executing: nmosd20m_hvdef = geomAndNot(geomGetTexted(HVDEF HVDEF_text "NMOSD20M_*") hvde...

Executing: nmosd20m_hvdef_ok = geomGetTexted(HVDEF HVDEF_text "NMOSD20M_REV_1.0")

Executing: nmosd20m_bad_2 = geomAndNot(nmosd20m_hvdef nmosd20m_hvdef_ok)
	   errorLayer(nmosd20m_bad_2 "HVR001 : Version of NMOSD20M obsolete or missing")

Executing: nmosd20m_bad_3 = geomAvoiding(NMOSD20M_device nmosd20m_hvdef)
	   errorLayer(nmosd20m_bad_3 "HVR001 : HVDEF has illegal name on NMOSD20M")

Executing: nmos50hs_hvdef = geomAndNot(geomGetTexted(HVDEF HVDEF_text "NMOS50HS_*") hvde...

Executing: nmos50hs_hvdef_ok = geomGetTexted(HVDEF HVDEF_text "NMOS50HS_REV_3.0")

Executing: nmos50hs_bad_1 = geomOutside(NMOS50HS_device HVDEF)
	   errorLayer(nmos50hs_bad_1 "HVR001 : No HVDEF on NMOS50HS")

Executing: nmos50hs_bad_2 = geomAndNot(nmos50hs_hvdef nmos50hs_hvdef_ok)
	   errorLayer(nmos50hs_bad_2 "HVR001 : Version of NMOS50HS obsolete or missing")

Executing: nmos50hs_bad_3 = geomAvoiding(NMOS50HS_device nmos50hs_hvdef)
	   errorLayer(nmos50hs_bad_3 "HVR001 : HVDEF has illegal name on NMOS50HS")

Executing: nmos20hs_hvdef = geomAndNot(geomGetTexted(HVDEF HVDEF_text "NMOS20HS_*") hvde...

Executing: nmos20hs_hvdef_ok = geomGetTexted(HVDEF HVDEF_text "NMOS20HS_REV_2.0")

Executing: nmos20hs_bad_1 = geomOutside(NMOS20HS_device HVDEF)
	   errorLayer(nmos20hs_bad_1 "HVR001 : No HVDEF on NMOS20HS")

Executing: nmos20hs_bad_2 = geomAndNot(nmos20hs_hvdef nmos20hs_hvdef_ok)
	   errorLayer(nmos20hs_bad_2 "HVR001 : Version of NMOS20HS obsolete or missing")

Executing: nmos20hs_bad_3 = geomAvoiding(NMOS20HS_device nmos20hs_hvdef)
	   errorLayer(nmos20hs_bad_3 "HVR001 : HVDEF has illegal name on NMOS20HS")

Executing: nmosi50t_hvdef = geomAndNot(geomGetTexted(HVDEF HVDEF_text "NMOSI50T_*") hvde...

Executing: nmosi50m_hvdef = geomAndNot(geomGetTexted(HVDEF HVDEF_text "NMOSI50M_*") hvde...

Executing: nmosi50h_hvdef = geomAndNot(geomGetTexted(HVDEF HVDEF_text "NMOSI50H_*") hvde...

Executing: nmosi50t_hvdef_ok = geomGetTexted(HVDEF HVDEF_text "NMOSI50T_REV_2.0")

Executing: nmosi50m_hvdef_ok = geomGetTexted(HVDEF HVDEF_text "NMOSI50M_REV_2.0")

Executing: nmosi50h_hvdef_ok = geomGetTexted(HVDEF HVDEF_text "NMOSI50H_REV_2.0")

Executing: nmosi50t_bad_1 = geomOutside(NMOSI50T_device HVDEF)
	   errorLayer(nmosi50t_bad_1 "HVR001 : No HVDEF on NMOSI50T")

Executing: nmosi50m_bad_1 = geomOutside(NMOSI50M_device HVDEF)
	   errorLayer(nmosi50m_bad_1 "HVR001 : No HVDEF on NMOSI50M")

Executing: nmosi50h_bad_1 = geomOutside(NMOSI50H_device HVDEF)
	   errorLayer(nmosi50h_bad_1 "HVR001 : No HVDEF on NMOSI50H")

Executing: nmosi50t_bad_2 = geomAndNot(nmosi50t_hvdef nmosi50t_hvdef_ok)
	   errorLayer(nmosi50t_bad_2 "HVR001 : Version of NMOSI50T obsolete or missing")

Executing: nmosi50m_bad_2 = geomAndNot(nmosi50m_hvdef nmosi50m_hvdef_ok)
	   errorLayer(nmosi50m_bad_2 "HVR001 : Version of NMOSI50M obsolete or missing")

Executing: nmosi50h_bad_2 = geomAndNot(nmosi50h_hvdef nmosi50h_hvdef_ok)
	   errorLayer(nmosi50h_bad_2 "HVR001 : Version of NMOSI50H obsolete or missing")

Executing: nmosi50t_bad_3 = geomAvoiding(NMOSI50T_device nmosi50t_hvdef)
	   errorLayer(nmosi50t_bad_3 "HVR001 : HVDEF has illegal name on NMOSI50T")

Executing: nmosi50m_bad_3 = geomAvoiding(NMOSI50M_device nmosi50m_hvdef)
	   errorLayer(nmosi50m_bad_3 "HVR001 : HVDEF has illegal name on NMOSI50M")

Executing: nmosi50h_bad_3 = geomAvoiding(NMOSI50H_device nmosi50h_hvdef)
	   errorLayer(nmosi50h_bad_3 "HVR001 : HVDEF has illegal name on NMOSI50H")

Executing: nmosdi50h_hvdef = geomAndNot(geomGetTexted(HVDEF HVDEF_text "NMOSDI50H_*") hv...

Executing: nmosdi50h_hvdef_ok = geomGetTexted(HVDEF HVDEF_text "NMOSDI50H_REV_1.0")

Executing: nmosdi50h_bad_1 = geomOutside(NMOSDI50H_device HVDEF)
	   errorLayer(nmosdi50h_bad_1 "HVR001 : No HVDEF on NMOSDI50H")

Executing: nmosdi50h_bad_2 = geomAndNot(nmosdi50h_hvdef nmosdi50h_hvdef_ok)
	   errorLayer(nmosdi50h_bad_2 "HVR001 : Version of NMOSDI50H obsolete or missing")

Executing: nmosdi50h_bad_3 = geomAvoiding(NMOSDI50H_device nmosdi50h_hvdef)
	   errorLayer(nmosdi50h_bad_3 "HVR001 : HVDEF has illegal name on NMOSDI50H")

Executing: nmosdi20m_hvdef = geomAndNot(geomGetTexted(HVDEF HVDEF_text "NMOSDI20M_*") hv...

Executing: nmosdi20h_hvdef = geomAndNot(geomGetTexted(HVDEF HVDEF_text "NMOSDI20H_*") hv...

Executing: nmosdi20m_hvdef_ok = geomGetTexted(HVDEF HVDEF_text "NMOSDI20M_REV_1.0")

Executing: nmosdi20h_hvdef_ok = geomGetTexted(HVDEF HVDEF_text "NMOSDI20H_REV_1.0")

Executing: nmosdi20m_bad_1 = geomOutside(NMOSDI20M_device HVDEF)
	   errorLayer(nmosdi20m_bad_1 "HVR001 : No HVDEF on NMOSDI20M")

Executing: nmosdi20h_bad_1 = geomOutside(NMOSDI20H_device HVDEF)
	   errorLayer(nmosdi20h_bad_1 "HVR001 : No HVDEF on NMOSDI20H")

Executing: nmosdi20m_bad_2 = geomAndNot(nmosdi20m_hvdef nmosdi20m_hvdef_ok)
	   errorLayer(nmosdi20m_bad_2 "HVR001 : Version of NMOSDI20M obsolete or missing")

Executing: nmosdi20h_bad_2 = geomAndNot(nmosdi20h_hvdef nmosdi20h_hvdef_ok)
	   errorLayer(nmosdi20h_bad_2 "HVR001 : Version of NMOSDI20H obsolete or missing")

Executing: nmosdi20m_bad_3 = geomAvoiding(NMOSDI20M_device nmosdi20m_hvdef)
	   errorLayer(nmosdi20m_bad_3 "HVR001 : HVDEF has illegal name on NMOSDI20M")

Executing: nmosdi20h_bad_3 = geomAvoiding(NMOSDI20H_device nmosdi20h_hvdef)
	   errorLayer(nmosdi20h_bad_3 "HVR001 : HVDEF has illegal name on NMOSDI20H")

Executing: nmosi20t_hvdef = geomAndNot(geomGetTexted(HVDEF HVDEF_text "NMOSI20T_*") hvde...

Executing: nmosi20m_hvdef = geomAndNot(geomGetTexted(HVDEF HVDEF_text "NMOSI20M_*") hvde...

Executing: nmosi20h_hvdef = geomAndNot(geomGetTexted(HVDEF HVDEF_text "NMOSI20H_*") hvde...

Executing: nmosi20t_hvdef_ok = geomGetTexted(HVDEF HVDEF_text "NMOSI20T_REV_3.0")

Executing: nmosi20m_hvdef_ok = geomGetTexted(HVDEF HVDEF_text "NMOSI20M_REV_2.0")

Executing: nmosi20h_hvdef_ok = geomGetTexted(HVDEF HVDEF_text "NMOSI20H_REV_2.0")

Executing: nmosi20t_bad_1 = geomOutside(NMOSI20T_device HVDEF)
	   errorLayer(nmosi20t_bad_1 "HVR001 : No HVDEF on NMOSI20T")

Executing: nmosi20m_bad_1 = geomOutside(NMOSI20M_device HVDEF)
	   errorLayer(nmosi20m_bad_1 "HVR001 : No HVDEF on NMOSI20M")

Executing: nmosi20h_bad_1 = geomOutside(NMOSI20H_device HVDEF)
	   errorLayer(nmosi20h_bad_1 "HVR001 : No HVDEF on NMOSI20H")

Executing: nmosi20t_bad_2 = geomAndNot(nmosi20t_hvdef nmosi20t_hvdef_ok)
	   errorLayer(nmosi20t_bad_2 "HVR001 : Version of NMOSI20T obsolete or missing")

Executing: nmosi20m_bad_2 = geomAndNot(nmosi20m_hvdef nmosi20m_hvdef_ok)
	   errorLayer(nmosi20m_bad_2 "HVR001 : Version of NMOSI20M obsolete or missing")

Executing: nmosi20h_bad_2 = geomAndNot(nmosi20h_hvdef nmosi20h_hvdef_ok)
	   errorLayer(nmosi20h_bad_2 "HVR001 : Version of NMOSI20H obsolete or missing")

Executing: nmosi20t_bad_3 = geomAvoiding(NMOSI20T_device nmosi20t_hvdef)
	   errorLayer(nmosi20t_bad_3 "HVR001 : HVDEF has illegal name on NMOSI20T")

Executing: nmosi20m_bad_3 = geomAvoiding(NMOSI20M_device nmosi20m_hvdef)
	   errorLayer(nmosi20m_bad_3 "HVR001 : HVDEF has illegal name on NMOSI20M")

Executing: nmosi20h_bad_3 = geomAvoiding(NMOSI20H_device nmosi20h_hvdef)
	   errorLayer(nmosi20h_bad_3 "HVR001 : HVDEF has illegal name on NMOSI20H")

Executing: nmosd10mh_hvdef = geomAndNot(geomGetTexted(HVDEF HVDEF_text "NMOSD10MH_*") hv...

Executing: nmos10mh_hvdef = geomAndNot(geomGetTexted(HVDEF HVDEF_text "NMOS10MH_*") hvde...

Executing: nmosd10mh_hvdef_ok = geomGetTexted(HVDEF HVDEF_text "NMOSD10MH_REV_2.0")

Executing: nmos10mh_hvdef_ok = geomGetTexted(HVDEF HVDEF_text "NMOS10MH_REV_2.0")

Executing: nmosd10mh_bad_2 = geomAndNot(nmosd10mh_hvdef nmosd10mh_hvdef_ok)
	   errorLayer(nmosd10mh_bad_2 "HVR001 : Version of NMOSD10MH obsolete or missing")

Executing: nmos10mh_bad_2 = geomAndNot(nmos10mh_hvdef nmos10mh_hvdef_ok)
	   errorLayer(nmos10mh_bad_2 "HVR001 : Version of NMOS10MH obsolete or missing")

Executing: nmosi120m_hvdef = geomAndNot(geomGetTexted(HVDEF HVDEF_text "NMOSI120M_*") hv...

Executing: nmosi120h_hvdef = geomAndNot(geomGetTexted(HVDEF HVDEF_text "NMOSI120H_*") hv...

Executing: nmosi120m_hvdef_ok = geomGetTexted(HVDEF HVDEF_text "NMOSI120M_REV_2.0")

Executing: nmosi120h_hvdef_ok = geomGetTexted(HVDEF HVDEF_text "NMOSI120H_REV_3.0")

Executing: nmosi120m_bad_1 = geomOutside(NMOSI120M_device HVDEF)
	   errorLayer(nmosi120m_bad_1 "HVR001 : No HVDEF on NMOSI120M")

Executing: nmosi120h_bad_1 = geomOutside(NMOSI120H_device HVDEF)
	   errorLayer(nmosi120h_bad_1 "HVR001 : No HVDEF on NMOSI120H")

Executing: nmosi120m_bad_2 = geomAndNot(nmosi120m_hvdef nmosi120m_hvdef_ok)
	   errorLayer(nmosi120m_bad_2 "HVR001 : Version of NMOSI120M obsolete or missing")

Executing: nmosi120h_bad_2 = geomAndNot(nmosi120h_hvdef nmosi120h_hvdef_ok)
	   errorLayer(nmosi120h_bad_2 "HVR001 : Version of NMOSI120H obsolete or missing")

Executing: nmosi120m_bad_3 = geomAvoiding(NMOSI120M_device nmosi120m_hvdef)
	   errorLayer(nmosi120m_bad_3 "HVR001 : HVDEF has illegal name on NMOSI120M")

Executing: nmosi120h_bad_3 = geomAvoiding(NMOSI120H_device nmosi120h_hvdef)
	   errorLayer(nmosi120h_bad_3 "HVR001 : HVDEF has illegal name on NMOSI120H")

Executing: esdpmos18t_hvdef = geomAndNot(geomGetTexted(HVDEF HVDEF_text "ESDPMOS18T_*") ...

Executing: esdpmos18t_hvdef_ok = geomGetTexted(HVDEF HVDEF_text "ESDPMOS18T_REV_1.0")

Executing: esdpmos18t_bad_2 = geomAndNot(esdpmos18t_hvdef esdpmos18t_hvdef_ok)
	   errorLayer(esdpmos18t_bad_2 "HVR001 : Version of ESDPMOS18T obsolete or missing")

Executing: pmos20t_hvdef = geomAndNot(geomGetTexted(HVDEF HVDEF_text "PMOS20T_*") hvdef_...

Executing: pmos20m_hvdef = geomAndNot(geomGetTexted(HVDEF HVDEF_text "PMOS20M_*") hvdef_...

Executing: pmos20h_hvdef = geomAndNot(geomGetTexted(HVDEF HVDEF_text "PMOS20H_*") hvdef_...

Executing: pmos20h_hvdef_ok_1 = geomGetTexted(HVDEF HVDEF_text "PMOS20H_REV_4.0")

Executing: pmos20h_hvdef_ok_rev3 = geomGetTexted(HVDEF HVDEF_text "PMOS20H_REV_3.0")
	   errorLayer(pmos20h_hvdef_ok_rev3 "INFO: PMOS20H ESD DEVICE REV3 for peri cells only")

Executing: pmos20h_hvdef_ok = geomOr(pmos20h_hvdef_ok_1 pmos20h_hvdef_ok_rev3)

Executing: pmos20t_hvdef_ok = geomGetTexted(HVDEF HVDEF_text "PMOS20T_REV_1.0")

Executing: pmos20m_hvdef_ok = geomGetTexted(HVDEF HVDEF_text "PMOS20M_REV_1.0")

Executing: pmos20t_bad_1 = geomOutside(PMOS20H_device HVDEF)
	   errorLayer(pmos20t_bad_1 "HVR001 : No HVDEF on PMOS20H")

Executing: pmos20m_bad_1 = geomOutside(PMOS20M_device HVDEF)
	   errorLayer(pmos20m_bad_1 "HVR001 : No HVDEF on PMOS20M")

Executing: pmos20t_bad_2 = geomAndNot(pmos20t_hvdef pmos20t_hvdef_ok)
	   errorLayer(pmos20t_bad_2 "HVR001 : Version of PMOS20T obsolete or missing")

Executing: pmos20m_bad_2 = geomAndNot(pmos20m_hvdef pmos20m_hvdef_ok)
	   errorLayer(pmos20m_bad_2 "HVR001 : Version of PMOS20M obsolete or missing")

Executing: pmos20h_bad_2 = geomAndNot(pmos20h_hvdef pmos20h_hvdef_ok)
	   errorLayer(pmos20h_bad_2 "HVR001 : Version of PMOS20H obsolete or missing")

Executing: pmos20h_bad_3 = geomAvoiding(PMOS20H_device pmos20h_hvdef)
	   errorLayer(pmos20h_bad_3 "HVR001 : HVDEF has illegal name on PMOS20H")

Executing: pmosd20m_hvdef = geomAndNot(geomGetTexted(HVDEF HVDEF_text "PMOSD20M_*") hvde...

Executing: pmos20m_bad_3 = geomAvoiding(PMOS20M_device geomOr(pmos20m_hvdef pmosd20m_hvd...
	   errorLayer(pmos20m_bad_3 "HVR001 : HVDEF has illegal name on PMOS20M/PMOSD20M")

Executing: pmosd20m_hvdef_ok = geomGetTexted(HVDEF HVDEF_text "PMOSD20M_REV_1.0")

Executing: pmosd20m_bad_1 = geomOutside(PMOSD20M_device HVDEF)
	   errorLayer(pmosd20m_bad_1 "HVR001 : No HVDEF on PMOSD20M")

Executing: pmosd20m_bad_2 = geomAndNot(pmosd20m_hvdef pmosd20m_hvdef_ok)
	   errorLayer(pmosd20m_bad_2 "HVR001 : Version of PMOSD20M obsolete or missing")

Executing: pmosd20m_bad_3 = geomAvoiding(PMOSD20M_device pmosd20m_hvdef)
	   errorLayer(pmosd20m_bad_3 "HVR001 : HVDEF has illegal name on PMOSD20M")

Executing: pmosd20t_hvdef = geomAndNot(geomGetTexted(HVDEF HVDEF_text "PMOSD20T_*") hvde...

Executing: pmos20t_bad_3 = geomAvoiding(PMOS20T_device geomOr(pmos20t_hvdef pmosd20t_hvd...
	   errorLayer(pmos20t_bad_3 "HVR001 : HVDEF has illegal name on PMOS20T/PMOSD20T")

Executing: pmosd20t_hvdef_ok = geomGetTexted(HVDEF HVDEF_text "PMOSD20T_REV_1.0")

Executing: pmosd20t_bad_1 = geomOutside(PMOSD20T_device HVDEF)
	   errorLayer(pmosd20t_bad_1 "HVR001 : No HVDEF on PMOSD20T")

Executing: pmosd20t_bad_2 = geomAndNot(pmosd20t_hvdef pmosd20t_hvdef_ok)
	   errorLayer(pmosd20t_bad_2 "HVR001 : Version of PMOSD20T obsolete or missing")

Executing: pmosd20t_bad_3 = geomAvoiding(PMOSD20T_device pmosd20t_hvdef)
	   errorLayer(pmosd20t_bad_3 "HVR001 : HVDEF has illegal name on PMOSD20T")

Executing: xpmos20_x1 = geomButtOrOver(geomAnd(net_pdiff_d_ntub SNTUB) geomOr(PMOSD20M_d...

Executing: xpmosd20_buttdiff = geomButtOrOver(xpmos20_x1 xpmosd20_holes_rect)

Executing: xpmosd20_butt_ndiff_taps = geomCat(xpmosd20_holes_rect)

Executing: xpmosd20_butt_pdiff = geomCat(xpmosd20_buttdiff)

Executing: xpmosd20_pdiff_nobutt = geomAndNot(xpmos20_pdiff xpmosd20_butt_pdiff)

Executing: xpmosd20_butt_pdiff_all_cls = geomSize(geomSize(geomOr(xpmosd20_butt_pdiff xp...

Executing: xpmosd20_butt_pdiff_all_cls_m1 = geomAnd(xpmosd20_butt_pdiff_all_cls net_met1)

Executing: xpmosd20_butt_pdiff_err = geomEnclose(xpmosd20_butt_pdiff_all_cls xpmosd20_bu...
	   errorLayer(xpmosd20_butt_pdiff_err "PMOSD20M_R1/PMOSD20T_R1 : PMOSD20 source/bulk met1 must be connected together")

Executing: xpmosd20_butt_pdiff_err_2 = geomButtOrOver(xpmosd20_butt_pdiff geomAndNot(ndi...
	   errorLayer(xpmosd20_butt_pdiff_err_2 "PMOSD20_R2: source pdiff cannot be abutted with BULK NDIFF ring, except ntaps in pdiff holes")

Executing: xpmosd20_butt_pdiff_err_3 = geomGetEdge(xpmosd20_pdiff_nobutt butting ndiff_1)
	   errorLayer(xpmosd20_butt_pdiff_err_3 "PMOSD20M_R2/PMOSD20T_R2 : source pdiff cannot be abutted with BULK NDIFF ring, except ntaps in pdiff holes")

Executing: pmos20hs_hvdef = geomAndNot(geomGetTexted(HVDEF HVDEF_text "PMOS20HS_*") hvde...

Executing: pmos20hs_hvdef_ok = geomGetTexted(HVDEF HVDEF_text "PMOS20HS_REV_3.0")

Executing: pmos20hs_bad_1 = geomOutside(PMOS20HS_device HVDEF)
	   errorLayer(pmos20hs_bad_1 "HVR001 : No HVDEF on PMOS20HS")

Executing: pmos20hs_bad_2 = geomAndNot(pmos20hs_hvdef pmos20hs_hvdef_ok)
	   errorLayer(pmos20hs_bad_2 "HVR001 : Version of PMOS20HS obsolete or missing")

Executing: pmos20hs_bad_3 = geomAvoiding(PMOS20HS_device pmos20hs_hvdef)
	   errorLayer(pmos20hs_bad_3 "HVR001 : HVDEF has illegal name on PMOS20HS")

Executing: pmosd10mh_hvdef = geomAndNot(geomGetTexted(HVDEF HVDEF_text "PMOSD10MH_*") hv...

Executing: pmos10mh_hvdef = geomAndNot(geomGetTexted(HVDEF HVDEF_text "PMOS10MH_*") hvde...

Executing: pmosd10mh_hvdef_ok = geomGetTexted(HVDEF HVDEF_text "PMOSD10MH_REV_2.0")

Executing: pmos10mh_hvdef_ok = geomGetTexted(HVDEF HVDEF_text "PMOS10MH_REV_2.0")

Executing: pmosd10mh_bad_2 = geomAndNot(pmosd10mh_hvdef pmosd10mh_hvdef_ok)
	   errorLayer(pmosd10mh_bad_2 "HVR001 : Version of PMOSD10MH obsolete or missing")

Executing: pmos10mh_bad_2 = geomAndNot(pmos10mh_hvdef pmos10mh_hvdef_ok)
	   errorLayer(pmos10mh_bad_2 "HVR001 : Version of PMOS10MH obsolete or missing")

Executing: pmos50t_hvdef = geomAndNot(geomGetTexted(HVDEF HVDEF_text "PMOS50T_*") hvdef_...

Executing: pmos50m_hvdef = geomAndNot(geomGetTexted(HVDEF HVDEF_text "PMOS50M_*") hvdef_...

Executing: pmos50h_hvdef = geomAndNot(geomGetTexted(HVDEF HVDEF_text "PMOS50H_*") hvdef_...

Executing: pmos50t_hvdef_ok = geomGetTexted(HVDEF HVDEF_text "PMOS50T_REV_2.0")

Executing: pmos50m_hvdef_ok = geomGetTexted(HVDEF HVDEF_text "PMOS50M_REV_2.0")

Executing: pmos50h_hvdef_ok = geomGetTexted(HVDEF HVDEF_text "PMOS50H_REV_3.0")

Executing: pmos50t_bad_1 = geomOutside(PMOS50T_device HVDEF)
	   errorLayer(pmos50t_bad_1 "HVR001 : No HVDEF on PMOS50T")

Executing: pmos50m_bad_1 = geomOutside(PMOS50M_device HVDEF)
	   errorLayer(pmos50m_bad_1 "HVR001 : No HVDEF on PMOS50M")

Executing: pmos50h_bad_1 = geomOutside(PMOS50H_device HVDEF)
	   errorLayer(pmos50h_bad_1 "HVR001 : No HVDEF on PMOS50H")

Executing: pmos50t_bad_2 = geomAndNot(pmos50t_hvdef pmos50t_hvdef_ok)
	   errorLayer(pmos50t_bad_2 "HVR001 : Version of PMOS50T obsolete or missing")

Executing: pmos50m_bad_2 = geomAndNot(pmos50m_hvdef pmos50m_hvdef_ok)
	   errorLayer(pmos50m_bad_2 "HVR001 : Version of PMOS50M obsolete or missing")

Executing: pmos50h_bad_2 = geomAndNot(pmos50h_hvdef pmos50h_hvdef_ok)
	   errorLayer(pmos50h_bad_2 "HVR001 : Version of PMOS50H obsolete or missing")

Executing: pmos50t_bad_3 = geomAvoiding(PMOS50T_device pmos50t_hvdef)
	   errorLayer(pmos50t_bad_3 "HVR001 : HVDEF has illegal name on PMOS50T")

Executing: pmos50m_bad_3 = geomAvoiding(PMOS50M_device pmos50m_hvdef)
	   errorLayer(pmos50m_bad_3 "HVR001 : HVDEF has illegal name on PMOS50M")

Executing: pmos50h_bad_3 = geomAvoiding(PMOS50H_device pmos50h_hvdef)
	   errorLayer(pmos50h_bad_3 "HVR001 : HVDEF has illegal name on PMOS50H")

Executing: pmos50hs_hvdef = geomAndNot(geomGetTexted(HVDEF HVDEF_text "PMOS50HS_*") hvde...

Executing: pmos50hs_hvdef_ok = geomGetTexted(HVDEF HVDEF_text "PMOS50HS_REV_3.0")

Executing: pmos50hs_bad_1 = geomOutside(PMOS50HS_device HVDEF)
	   errorLayer(pmos50hs_bad_1 "HVR001 : No HVDEF on PMOS50HS")

Executing: pmos50hs_bad_2 = geomAndNot(pmos50hs_hvdef pmos50hs_hvdef_ok)
	   errorLayer(pmos50hs_bad_2 "HVR001 : Version of PMOS50HS obsolete or missing")

Executing: pmos50hs_bad_3 = geomAvoiding(PMOS50HS_device pmos50hs_hvdef)
	   errorLayer(pmos50hs_bad_3 "HVR001 : HVDEF has illegal name on PMOS50HS")

Executing: pmos120m_hvdef = geomAndNot(geomGetTexted(HVDEF HVDEF_text "PMOS120M_*") hvde...

Executing: pmos120h_hvdef = geomAndNot(geomGetTexted(HVDEF HVDEF_text "PMOS120H_*") hvde...

Executing: pmos120m_hvdef_ok = geomGetTexted(HVDEF HVDEF_text "PMOS120M_REV_2.0")

Executing: pmos120h_hvdef_ok = geomGetTexted(HVDEF HVDEF_text "PMOS120H_REV_2.0")

Executing: pmos120m_bad_1 = geomOutside(PMOS120M_device HVDEF)
	   errorLayer(pmos120m_bad_1 "HVR001 : No HVDEF on PMOS120M")

Executing: pmos120h_bad_1 = geomOutside(PMOS120H_device HVDEF)
	   errorLayer(pmos120h_bad_1 "HVR001 : No HVDEF on PMOS120H")

Executing: pmos120m_bad_2 = geomAndNot(pmos120m_hvdef pmos120m_hvdef_ok)
	   errorLayer(pmos120m_bad_2 "HVR001 : Version of PMOS120M obsolete or missing")

Executing: pmos120h_bad_2 = geomAndNot(pmos120h_hvdef pmos120h_hvdef_ok)
	   errorLayer(pmos120h_bad_2 "HVR001 : Version of PMOS120H obsolete or missing")

Executing: pmos120m_bad_3 = geomAvoiding(PMOS120M_device pmos120m_hvdef)
	   errorLayer(pmos120m_bad_3 "HVR001 : HVDEF has illegal name on PMOS120M")

Executing: pmos120h_bad_3 = geomAvoiding(PMOS120H_device pmos120h_hvdef)
	   errorLayer(pmos120h_bad_3 "HVR001 : HVDEF has illegal name on PMOS120H")

Executing: nmosfi25t_hvdef = geomAndNot(geomGetTexted(HVDEF HVDEF_text "NMOSFI25T_*") hv...

Executing: nmosfi25m_hvdef = geomAndNot(geomGetTexted(HVDEF HVDEF_text "NMOSFI25M_*") hv...

Executing: nmosfi25h_hvdef = geomAndNot(geomGetTexted(HVDEF HVDEF_text "NMOSFI25H_*") hv...

Executing: nmosfi25t_hvdef_ok = geomGetTexted(HVDEF HVDEF_text "NMOSFI25T_REV_2.0")

Executing: nmosfi25m_hvdef_ok = geomGetTexted(HVDEF HVDEF_text "NMOSFI25M_REV_2.0")

Executing: nmosfi25h_hvdef_ok = geomGetTexted(HVDEF HVDEF_text "NMOSFI25H_REV_2.0")

Executing: nmosfi25t_bad_1 = geomOutside(NMOSFI25T_device HVDEF)
	   errorLayer(nmosfi25t_bad_1 "HVR001 : No HVDEF on NMOSFI25T")

Executing: nmosfi25m_bad_1 = geomOutside(NMOSFI25M_device HVDEF)
	   errorLayer(nmosfi25m_bad_1 "HVR001 : No HVDEF on NMOSFI25M")

Executing: nmosfi25h_bad_1 = geomOutside(NMOSFI25H_device HVDEF)
	   errorLayer(nmosfi25h_bad_1 "HVR001 : No HVDEF on NMOSFI25H")

Executing: nmosfi25t_bad_2 = geomAndNot(nmosfi25t_hvdef nmosfi25t_hvdef_ok)
	   errorLayer(nmosfi25t_bad_2 "HVR001 : Version of NMOSFI25T obsolete or missing")

Executing: nmosfi25m_bad_2 = geomAndNot(nmosfi25m_hvdef nmosfi25m_hvdef_ok)
	   errorLayer(nmosfi25m_bad_2 "HVR001 : Version of NMOSFI25M obsolete or missing")

Executing: nmosfi25h_bad_2 = geomAndNot(nmosfi25h_hvdef nmosfi25h_hvdef_ok)
	   errorLayer(nmosfi25h_bad_2 "HVR001 : Version of NMOSFI25H obsolete or missing")

Executing: nmosfi25t_bad_3 = geomAvoiding(NMOSFI25T_device nmosfi25t_hvdef)
	   errorLayer(nmosfi25t_bad_3 "HVR001 : HVDEF has illegal name on NMOSFI25T")

Executing: nmosfi25m_bad_3 = geomAvoiding(NMOSFI25M_device nmosfi25m_hvdef)
	   errorLayer(nmosfi25m_bad_3 "HVR001 : HVDEF has illegal name on NMOSFI25M")

Executing: nmosfi25h_bad_3 = geomAvoiding(NMOSFI25H_device nmosfi25h_hvdef)
	   errorLayer(nmosfi25h_bad_3 "HVR001 : HVDEF has illegal name on NMOSFI25H")

Executing: nmosfi25ts_hvdef = geomAndNot(geomGetTexted(HVDEF HVDEF_text "NMOSFI25TS_*") ...

Executing: nmosfi25ms_hvdef = geomAndNot(geomGetTexted(HVDEF HVDEF_text "NMOSFI25MS_*") ...

Executing: nmosfi25hs_hvdef = geomAndNot(geomGetTexted(HVDEF HVDEF_text "NMOSFI25HS_*") ...

Executing: nmosfi25ts_hvdef_ok = geomGetTexted(HVDEF HVDEF_text "NMOSFI25TS_REV_1.0")

Executing: nmosfi25ms_hvdef_ok = geomGetTexted(HVDEF HVDEF_text "NMOSFI25MS_REV_1.0")

Executing: nmosfi25hs_hvdef_ok = geomGetTexted(HVDEF HVDEF_text "NMOSFI25HS_REV_2.0")

Executing: nmosfi25ts_bad_1 = geomOutside(NMOSFI25TS_device HVDEF)
	   errorLayer(nmosfi25ts_bad_1 "HVR001 : No HVDEF on NMOSFI25TS")

Executing: nmosfi25ms_bad_1 = geomOutside(NMOSFI25MS_device HVDEF)
	   errorLayer(nmosfi25ms_bad_1 "HVR001 : No HVDEF on NMOSFI25MS")

Executing: nmosfi25hs_bad_1 = geomOutside(NMOSFI25HS_device HVDEF)
	   errorLayer(nmosfi25hs_bad_1 "HVR001 : No HVDEF on NMOSFI25HS")

Executing: nmosfi25ts_bad_2 = geomAndNot(nmosfi25ts_hvdef nmosfi25ts_hvdef_ok)
	   errorLayer(nmosfi25ts_bad_2 "HVR001 : Version of NMOSFI25TS obsolete or missing")

Executing: nmosfi25ms_bad_2 = geomAndNot(nmosfi25ms_hvdef nmosfi25ms_hvdef_ok)
	   errorLayer(nmosfi25ms_bad_2 "HVR001 : Version of NMOSFI25MS obsolete or missing")

Executing: nmosfi25hs_bad_2 = geomAndNot(nmosfi25hs_hvdef nmosfi25hs_hvdef_ok)
	   errorLayer(nmosfi25hs_bad_2 "HVR001 : Version of NMOSFI25HS obsolete or missing")

Executing: nmosfi25ts_bad_3 = geomAvoiding(NMOSFI25TS_device nmosfi25ts_hvdef)
	   errorLayer(nmosfi25ts_bad_3 "HVR001 : HVDEF has illegal name on NMOSFI25TS")

Executing: nmosfi25ms_bad_3 = geomAvoiding(NMOSFI25MS_device nmosfi25ms_hvdef)
	   errorLayer(nmosfi25ms_bad_3 "HVR001 : HVDEF has illegal name on NMOSFI25MS")

Executing: nmosfi25hs_bad_3 = geomAvoiding(NMOSFI25HS_device nmosfi25hs_hvdef)
	   errorLayer(nmosfi25hs_bad_3 "HVR001 : HVDEF has illegal name on NMOSFI25HS")

Executing: esdgci3_hvdef = geomAndNot(geomGetTexted(HVDEF HVDEF_text "ESDGCI3_*") hvdef_...

Executing: esdgci3_hvdef_ok = geomGetTexted(HVDEF HVDEF_text "ESDGCI3_REV_1.0")

Executing: esdgci3_bad_2 = geomAndNot(esdgci3_hvdef esdgci3_hvdef_ok)
	   errorLayer(esdgci3_bad_2 "HVR001 : Version of ESDGCI3 obsolete or missing")

Executing: esdgci3_bad_3 = geomAvoiding(ESDGCI3_device_raw esdgci3_hvdef)
	   errorLayer(esdgci3_bad_3 "HVR001 : HVDEF has illegal name on ESDGCI3")

Executing: esdgci3_c_ndiff_d_ptubx = geomAndNot(esdgci3_ndiff_d_ptub esdgci3_e_ndiff_d_p...

Executing: geomStamp(esdgci3_e_ndiff_d_ptubx net_ndiff_d_ptub)

Executing: emitt_esdgci3_float1 = geomButtOrOver(esdgci3_e_ndiff_d_ptubx net_poly1 diffNet)
	   errorLayer(emitt_esdgci3_float1 "ESDGCI3 connectivity error : emitter diff and emitter gate (poly ring) must be connected , common terminal E")

Executing: emitt_esdgci3_float2 = geomInside(esdgci3_e_ndiff_d_ptubx net_nwell diffNet)
	   errorLayer(emitt_esdgci3_float2 "ESDGCI3 connectivity error : emitter diff and emitter dntub must be connected, common terminal E")

Executing: geomStamp(esdgci3_gate net_poly1)

Executing: emitt_esdgci3_float3 = geomInside(esdgci3_gate net_nwell diffNet)
	   errorLayer(emitt_esdgci3_float3 "ESDGCI3 connectivity error :  emitter gate ( poly ring) and emitter dntub must be connected,  common terminal E")

Executing: esdgci3_met_over_e = geomAnd(esdgci3_e_ndiff_d_ptubx MET1)

Executing: esdgci3_via_over_met = geomAnd(esdgci3_met_over_e VIA1)
Skip! Boundary layer has no shape

Executing: esdgci3_bad_met2_inner = geomGetCoverage(drc(esdgci3_via_over_met esdgci3_met...
	   errorLayer(esdgci3_bad_met2_inner "ESDGCI3 connectivity problem : EMITTER :use as many via1 as possble to connect emitter met1 to met2, missing met2 connection or recommended via density too small < 25%")

Executing: esdgci3_sntub = geomButtOrOver(SNTUB geomButtOrOver(geomHoles(net_ndiff_c_ntu...

Executing: esdgci3_met_over_e_1 = geomAnd(geomAnd(esdgci3_sntub net_ndiff_c_ntub) MET1)

Executing: esdgci3_met_over_e_width1 = drc(esdgci3_met_over_e_1 (width < 1.0) parallel o...

Executing: esdgci3_met_over_e_width = drc(esdgci3_met_over_e_width1 (area > 2))

Executing: esdgci3_via_over_met = geomAnd(esdgci3_met_over_e_width1 VIA1)
Skip! Boundary layer has no shape

Executing: esdgci3_bad_met2_out = geomGetCoverage(drc(esdgci3_via_over_met esdgci3_met_o...
	   errorLayer(esdgci3_bad_met2_out "ESDGCI3 connectivity problem : EMITTER :use as many via1 as possble to connect emitter ring met1 to met2, missing met2 connection or recommended via density too small  < 10% ")

Executing: esdgci3_met_over_c = geomAnd(esdgci3_c_ndiff_d_ptubx MET1)

Executing: esdgci3_met_over_c_width1 = drc(esdgci3_met_over_c (width < 1.0) parallel opp...

Executing: esdgci3_met_over_c_width = drc(esdgci3_met_over_c_width1 (area > 2))

Executing: esdgci3_via_over_c_met = geomAnd(esdgci3_met_over_c_width VIA1)
Skip! Boundary layer has no shape

Executing: esdgci3_bad_met2_c = geomGetCoverage(drc(esdgci3_via_over_c_met esdgci3_met_o...
	   errorLayer(esdgci3_bad_met2_c "ESDGCI3 connectivity problem : COLLECTOR : use as many via1 as possble to connect collector met1 to met2, missing met2 connection or recommended via density too small < 25 %")

Executing: esdnpn_pn3_hvdef = geomAndNot(geomGetTexted(HVDEF HVDEF_text "ESDNPN_PN3*") h...

Executing: esdnpn_pn3_hvdef_ok = geomGetTexted(HVDEF HVDEF_text "ESDNPN_PN3_REV_1.0")

Executing: esdnpn_pn3_bad_2 = geomAndNot(esdnpn_pn3_hvdef esdnpn_pn3_hvdef_ok)
	   errorLayer(esdnpn_pn3_bad_2 "HVR001 : Version of ESDNPN_PN3 obsolete or missing")

Executing: esdnpn_pn3_bad_3 = geomAvoiding(ESDNPN_PN3_device_raw esdnpn_pn3_hvdef)
	   errorLayer(esdnpn_pn3_bad_3 "HVR001 : HVDEF has illegal name on ESDNPN_PN3")

Executing: esdnpn_pn3_y2A = geomAnd(MET1 geomSize(esdnpn_pn3_dptub 0.325))

Executing: esdnpn_pn3_y2B = geomSize(geomSize(esdnpn_pn3_y2A -0.056) 0.056)

Executing: esdnpn_pn3_y2C = drc(esdnpn_pn3_y2B (width < 0.7))
	   errorLayer(esdnpn_pn3_y2C "ESDNPN_PN3_Y2 width MET1, not over COLLECTOR 0.7 u")

Executing: esdnpn_pn3_y2D = drc(esdnpn_pn3_y2B CONT (enc < 0.25))
	   errorLayer(esdnpn_pn3_y2D "ESDNPN_PN3_E3 MET1 enclosure of CONT 0.25 u")

Executing: esdnpn_pn3_ndiff_d_ptub_angled = geomGetAngledEdge(esdnpn_pn3_ndiff_d_ptub ((...

Executing: esdnpn_pn3_z1A = drc(esdnpn_pn3_ndiff_d_ptub_angled ((0.65 < sep) < 2.0) oppo...
	   errorLayer(esdnpn_pn3_z1A "ESDNPN_PN3_Z1 Collector-ndiff to EMITTER-NDIFF spacing (diagonal) 0.636 u (>)")

Executing: esdnpn_pn3_z1B = drc(esdnpn_pn3_ndiff_d_ptub_angled (sep < 0.63) opposite)
	   errorLayer(esdnpn_pn3_z1B "ESDNPN_PN3_Z1 Collector-ndiff to EMITTER-NDIFF spacing (diagonal) 0.636 u (<)")

Executing: esdnpn_pn3_y1 = geomGetLength(esdnpn_pn3_ndiff_d_ptub_angled ((0.56 < ignore)...
	   errorLayer(esdnpn_pn3_y1 "ESDNPN_PN3_Y1 NDIFF right angle corner 0.4 u")

Executing: esdnpn_pn3_ndiff_d_ptub_hori = geomGetAngledEdge(esdnpn_pn3_ndiff_d_ptub (kee...

Executing: esdnpn_pn3_x8x10 = drc(esdnpn_pn3_ndiff_d_ptub_hori (sep < 1.2) (length < 1.0...
	   errorLayer(esdnpn_pn3_x8x10 "ESDNPN_PN3_X8_X10 COLLECTOR-NDIFF/EMITTER-NDIFF width 1.2 u")

Executing: esdnpn_pn3_gnd_e1e2A = drc(esdnpn_pn3_gnd_not_ring CONT (enc < 0.28) corner)
	   errorLayer(esdnpn_pn3_gnd_e1e2A "ESDNPN_PN3_E1_E2 EMITTER-NDIFF enclosure of CONT corner 0.2*sqrt(2) u ")

Executing: esdnpn_pn3_gnd_e1e2B = drc(esdnpn_pn3_gnd CONT (enc < 0.28) corner)
	   errorLayer(esdnpn_pn3_gnd_e1e2B "ESDNPN_PN3_E1_E2 EMITTER-NDIFF enclosure of CONT corner 0.2*sqrt(2) u ")

Executing: esdnpn_pn3_x7x9 = drc(esdnpn_pn3_gnd (sepNotch < 1.3))
	   errorLayer(esdnpn_pn3_x7x9 "ESDNPN_PN3_X7_X9 EMITTER-NDIFF/COLLECTOR-NDIFF  spacing 1.3u (<)")

Executing: esdnpn_pn3_x7x9b = drc(esdnpn_pn3_gnd ((1.3 < sep) < 2) opposite)
	   errorLayer(esdnpn_pn3_x7x9b "ESDNPN_PN3_X7_X9 EMITTER-NDIFF/COLLECTOR-NDIFF  spacing 1.3u (>)")

Executing: esdnpn_pn3_x6a = geomSize(geomSize(esdnpn_pn3_vio 0.8) -0.8)

Executing: esdnpn_pn3_x6b = geomGetBBox(esdnpn_pn3_x6a)

Executing: esdnpn_pn3_x6c = geomSize(geomSize(esdnpn_pn3_x6b 0.8) -0.8)

Executing: esdnpn_pn3_x6 = drc(esdnpn_pn3_x6c esdnpn_pn3_ndiff_d_ptub_ring ((0.05 < sep)...
	   errorLayer(esdnpn_pn3_x6 "ESDNPN_PN3_X6 COLLECTOR_NDIFF to EMITTER_NDIFF spacing ( projected edges) 0.05 u")

Executing: esdnpn_pn3_gnd_s = geomSize(geomSize(esdnpn_pn3_gnd 1.5) -1.5)

Executing: esdnpn_pn3_gnd_s3 = geomGetHoled(geomAndNot(geomAnd(SPTUB esdnpn_pn3_hvdef) e...

Executing: esdnpn_pn3_x4c = geomWidth(esdnpn_pn3_gnd_s3 (keep > 1.25))
	   errorLayer(esdnpn_pn3_x4c "ESDNPN_PN3_x4 RPTUB enclosure of EMITTER_NDIFF 1.25u (>)")

Executing: esdnpn_pn3_x4d = drc(esdnpn_pn3_gnd_s3 (width < 1.25))
	   errorLayer(esdnpn_pn3_x4d "ESDNPN_PN3_x4 RPTUB enclosure of EMITTER_NDIFF 1.25u (<)")

Executing: esdnpn_pn3_x2 = geomAnd(esdnpn_pn3_device net_ndiff_c_ntub)

Executing: esdnpn_pn3_x2_errA = drc(esdnpn_pn3_x2 (width < 1.95))
	   errorLayer(esdnpn_pn3_x2_errA "ESDNPN_PN3_X2 NDIFF width 1.95u (<)")

Executing: esdnpn_pn3_x2_errB = drc(esdnpn_pn3_x2 ((1.95 < width) < 4.25))
	   errorLayer(esdnpn_pn3_x2_errB "ESDNPN_PN3_X2 NDIFF width 1.95u (>)")

Executing: esdnpn_pn3_x1x3_sntub = geomAnd(esdnpn_pn3_device SNTUB)

Executing: esdnpn_pn3_x1x3_sntub_in_out = geomAndNot(esdnpn_pn3_x1x3_sntub geomAnd(DIFF ...

Executing: esdnpn_pn3_x1x3_sntub_in_out_errA = drc(esdnpn_pn3_x1x3_sntub geomAnd(DIFF NP...
	   errorLayer(esdnpn_pn3_x1x3_sntub_in_out_errA "ESDNPN_PN3_X1_X3 SNTUB enclosure of NDIFF (inside/outside) 0.3 u (enc)")

Executing: esdnpn_pn3_x1x3_sntub_in_out_errB = geomStraddle(geomAnd(DIFF NPLUS) esdnpn_p...
	   errorLayer(esdnpn_pn3_x1x3_sntub_in_out_errB "ESDNPN_PN3_X1_X3 SNTUB enclosure of NDIFF (inside/outside) 0.3 u (straddle)")

Executing: esdnpn_pn3_x1x3_sntub_in_out_errC = geomOutside(esdnpn_pn3_x1x3_sntub geomAnd...
	   errorLayer(esdnpn_pn3_x1x3_sntub_in_out_errC "ESDNPN_PN3_X1_X3 SNTUB enclosure of NDIFF (inside/outside) 0.3 u (outside)")

Executing: esdnpn_pn3_x1x3_sntub_in_out_errD = geomWidth(esdnpn_pn3_x1x3_sntub_in_out (k...
	   errorLayer(esdnpn_pn3_x1x3_sntub_in_out_errD "ESDNPN_PN3_X1_X3 SNTUB enclosure of NDIFF (inside/outside) 0.3 u")

Executing: esdnpn_pn3_x11 = geomAndNot(geomSize(esdnpn_pn3_dptub 3.3) geomSize(esdnpn_pn...

Executing: esdnpn_pn3_x11_err = drc(geomAnd(esdnpn_pn3_x11 MET1) (width < 3))
	   errorLayer(esdnpn_pn3_x11_err "ESDNPN_PN3_X11 MET1 width 3. u")

Executing: esdgcni5_hvdef = geomAndNot(geomGetTexted(HVDEF HVDEF_text "ESDGCNI5_*") hvde...

Executing: esdgcni5_hvdef_ok = geomGetTexted(HVDEF HVDEF_text "ESDGCNI5_REV_1.0")

Executing: esdgcni5_bad_2 = geomAndNot(esdgcni5_hvdef esdgcni5_hvdef_ok)
	   errorLayer(esdgcni5_bad_2 "HVR001 : Version of ESDGCNI5 obsolete or missing")

Executing: esdgcni5_bad_3 = geomAvoiding(ESDGCNI5_device_raw esdgcni5_hvdef)
	   errorLayer(esdgcni5_bad_3 "HVR001 : HVDEF has illegal name on ESDGCNI5")

Executing: esdgci20_hvdef = geomAndNot(geomGetTexted(HVDEF HVDEF_text "ESDGCI20*") hvdef...

Executing: esdgci20_hvdef_ok = geomGetTexted(HVDEF HVDEF_text "ESDGCI20_REV_1.0")

Executing: esdgci20_bad_2 = geomAndNot(esdgci20_hvdef esdgci20_hvdef_ok)
	   errorLayer(esdgci20_bad_2 "HVR001 : Version of ESDGCI20 obsolete or missing")

Executing: esdgci20_bad_3 = geomAvoiding(ESDGCI20_device_raw esdgci20_hvdef)
	   errorLayer(esdgci20_bad_3 "HVR001 : HVDEF has illegal name on ESDGCI20")

Executing: esdfdi50_hvdef = geomAndNot(geomGetTexted(HVDEF HVDEF_text "ESDFDI50*") hvdef...

Executing: esdfdi50_hvdef_ok = geomGetTexted(HVDEF HVDEF_text "ESDFDI50_REV_1.0")

Executing: esdfdi50_bad_2 = geomAndNot(esdfdi50_hvdef esdfdi50_hvdef_ok)
	   errorLayer(esdfdi50_bad_2 "HVR001 : Version of ESDFDI50 obsolete or missing")

Executing: esdfdi50_bad_3 = geomAvoiding(ESDFDI50_device_raw esdfdi50_hvdef)
	   errorLayer(esdfdi50_bad_3 "HVR001 : HVDEF has illegal name on ESDFDI50")

Executing: esdtd20_hvdef = geomAndNot(geomGetTexted(HVDEF HVDEF_text "ESDTD20*") hvdef_i...

Executing: esdtd20_hvdef_ok = geomGetTexted(HVDEF HVDEF_text "ESDTD20_REV_1.0")

Executing: esdtd20_bad_2 = geomAndNot(esdtd20_hvdef esdtd20_hvdef_ok)
	   errorLayer(esdtd20_bad_2 "HVR001 : Version of ESDTD20 obsolete or missing")

Executing: esdtd20_bad_3 = geomAvoiding(ESDTD20_device_raw esdtd20_hvdef)
	   errorLayer(esdtd20_bad_3 "HVR001 : HVDEF has illegal name on ESDTD20")

Executing: esdtd50_hvdef = geomAndNot(geomGetTexted(HVDEF HVDEF_text "ESDTD50*") hvdef_i...

Executing: esdtd50_hvdef_ok = geomGetTexted(HVDEF HVDEF_text "ESDTD50_REV_1.0")

Executing: esdtd50_bad_2 = geomAndNot(esdtd50_hvdef esdtd50_hvdef_ok)
	   errorLayer(esdtd50_bad_2 "HVR001 : Version of ESDTD50 obsolete or missing")

Executing: esdtd50_bad_3 = geomAvoiding(ESDTD50_device_raw esdtd50_hvdef)
	   errorLayer(esdtd50_bad_3 "HVR001 : HVDEF has illegal name on ESDTD50")

Executing: esdtd40_hvdef = geomAndNot(geomGetTexted(HVDEF HVDEF_text "ESDTD40*") hvdef_i...

Executing: esdtd40_hvdef_ok = geomGetTexted(HVDEF HVDEF_text "ESDTD40_REV_1.0")

Executing: esdtd40_bad_2 = geomAndNot(esdtd40_hvdef esdtd40_hvdef_ok)
	   errorLayer(esdtd40_bad_2 "HVR001 : Version of ESDTD40 obsolete or missing")

Executing: esdtd40_bad_3 = geomAvoiding(ESDTD40_device_raw esdtd40_hvdef)
	   errorLayer(esdtd40_bad_3 "HVR001 : HVDEF has illegal name on ESDTD40")

Executing: esdtd42_hvdef = geomAndNot(geomGetTexted(HVDEF HVDEF_text "ESDTD42*") hvdef_i...

Executing: esdtd42_hvdef_ok = geomGetTexted(HVDEF HVDEF_text "ESDTD42_REV_1.0")

Executing: esdtd42_bad_2 = geomAndNot(esdtd42_hvdef esdtd42_hvdef_ok)
	   errorLayer(esdtd42_bad_2 "HVR001 : Version of ESDTD42 obsolete or missing")

Executing: esdtd42_bad_3 = geomAvoiding(ESDTD42_device_raw esdtd42_hvdef)
	   errorLayer(esdtd42_bad_3 "HVR001 : HVDEF has illegal name on ESDTD42")

Executing: esdtd45_hvdef = geomAndNot(geomGetTexted(HVDEF HVDEF_text "ESDTD45*") hvdef_i...

Executing: esdtd45_hvdef_ok = geomGetTexted(HVDEF HVDEF_text "ESDTD45_REV_1.0")

Executing: esdtd45_bad_2 = geomAndNot(esdtd45_hvdef esdtd45_hvdef_ok)
	   errorLayer(esdtd45_bad_2 "HVR001 : Version of ESDTD45 obsolete or missing")

Executing: esdtd45_bad_3 = geomAvoiding(ESDTD45_device_raw esdtd45_hvdef)
	   errorLayer(esdtd45_bad_3 "HVR001 : HVDEF has illegal name on ESDTD45")

Executing: esdtd60_hvdef = geomAndNot(geomGetTexted(HVDEF HVDEF_text "ESDTD60*") hvdef_i...

Executing: esdtd60_hvdef_ok = geomGetTexted(HVDEF HVDEF_text "ESDTD60_REV_1.0")

Executing: esdtd60_bad_2 = geomAndNot(esdtd60_hvdef esdtd60_hvdef_ok)
	   errorLayer(esdtd60_bad_2 "HVR001 : Version of ESDTD60 obsolete or missing")

Executing: esdtd60_bad_3 = geomAvoiding(ESDTD60_device_raw esdtd60_hvdef)
	   errorLayer(esdtd60_bad_3 "HVR001 : HVDEF has illegal name on ESDTD60")

Executing: esdpd10_hvdef = geomAndNot(geomGetTexted(HVDEF HVDEF_text "ESDPD10*") hvdef_i...

Executing: esdpd10_hvdef_ok = geomGetTexted(HVDEF HVDEF_text "ESDPD10_REV_1.0")

Executing: esdpd10_bad_2 = geomAndNot(esdpd10_hvdef esdpd10_hvdef_ok)
	   errorLayer(esdpd10_bad_2 "HVR001 : Version of ESDPD10 obsolete or missing")

Executing: esdpd10_bad_3 = geomAvoiding(ESDPD10_device_raw esdpd10_hvdef)
	   errorLayer(esdpd10_bad_3 "HVR001 : HVDEF has illegal name on ESDPD10")

Executing: esdpd26_hvdef = geomAndNot(geomGetTexted(HVDEF HVDEF_text "ESDPD26*") hvdef_i...

Executing: esdpd26_hvdef_ok = geomGetTexted(HVDEF HVDEF_text "ESDPD26_REV_1.0")

Executing: esdpd26_bad_2 = geomAndNot(esdpd26_hvdef esdpd26_hvdef_ok)
	   errorLayer(esdpd26_bad_2 "HVR001 : Version of ESDPD26 obsolete or missing")

Executing: esdpd26_bad_3 = geomAvoiding(ESDPD26_device_raw esdpd26_hvdef)
	   errorLayer(esdpd26_bad_3 "HVR001 : HVDEF has illegal name on ESDPD26")

Executing: esdfdi120_hvdef = geomAndNot(geomGetTexted(HVDEF HVDEF_text "ESDFDI120*") hvd...

Executing: esdfdi120_hvdef_x = geomCat(esdfdi120_hvdef)
	   errorLayer(esdfdi120_hvdef_x "DEVICE : ESDFDI120 not implemented yet")

Executing: esdpd12_hvdef = geomAndNot(geomGetTexted(HVDEF HVDEF_text "ESDPD12*") hvdef_i...

Executing: esdpd12_hvdef_x = geomCat(esdpd12_hvdef)
	   errorLayer(esdpd12_hvdef_x "UNSUPPORTED DEVICE : ESDPD12")

Executing: esdpd18_hvdef = geomAndNot(geomGetTexted(HVDEF HVDEF_text "ESDPD18*") hvdef_i...

Executing: esdpd18_hvdef_ok = geomGetTexted(HVDEF HVDEF_text "ESDPD18_REV_1.0")

Executing: esdpd18_bad_2 = geomAndNot(esdpd18_hvdef esdpd18_hvdef_ok)
	   errorLayer(esdpd18_bad_2 "HVR001 : Version of ESDPD18 obsolete or missing")

Executing: esdpd18_bad_3 = geomAvoiding(ESDPD18_device_raw esdpd18_hvdef)
	   errorLayer(esdpd18_bad_3 "HVR001 : HVDEF has illegal name on ESDPD18")

Executing: esdpd30_hvdef = geomAndNot(geomGetTexted(HVDEF HVDEF_text "ESDPD30*") hvdef_i...

Executing: esdpd30_hvdef_ok = geomGetTexted(HVDEF HVDEF_text "ESDPD30_REV_1.0")

Executing: esdpd30_bad_2 = geomAndNot(esdpd30_hvdef esdpd30_hvdef_ok)
	   errorLayer(esdpd30_bad_2 "HVR001 : Version of ESDPD30 obsolete or missing")

Executing: esdpd30_bad_3 = geomAvoiding(ESDPD30_device_raw esdpd30_hvdef)
	   errorLayer(esdpd30_bad_3 "HVR001 : HVDEF has illegal name on ESDPD30")

Executing: esdgcpi5_hvdef = geomAndNot(geomGetTexted(HVDEF HVDEF_text "ESDGCPI5_*") hvde...

Executing: esdgcpi5_hvdef_ok = geomGetTexted(HVDEF HVDEF_text "ESDGCPI5_REV_1.0")

Executing: esdgcpi5_bad_2 = geomAndNot(esdgcpi5_hvdef esdgcpi5_hvdef_ok)
	   errorLayer(esdgcpi5_bad_2 "HVR001 : Version of ESDGCPI5 obsolete or missing")

Executing: esdgcpi5_bad_3 = geomAvoiding(ESDGCPI5_device_raw esdgcpi5_hvdef)
	   errorLayer(esdgcpi5_bad_3 "HVR001 : HVDEF has illegal name on ESDGCPI5")

Executing: esdfdni5_hvdef = geomAndNot(geomGetTexted(HVDEF HVDEF_text "ESDFDNI5_*") hvde...

Executing: esdfdni5_hvdef_ok = geomGetTexted(HVDEF HVDEF_text "ESDFDNI5_REV_1.0")

Executing: esdfdni5_bad_2 = geomAndNot(esdfdni5_hvdef esdfdni5_hvdef_ok)
	   errorLayer(esdfdni5_bad_2 "HVR001 : Version of ESDFDNI5 obsolete or missing")

Executing: esdfdni5_bad_3 = geomAvoiding(ESDFDNI5_device_raw esdfdni5_hvdef)
	   errorLayer(esdfdni5_bad_3 "HVR001 : HVDEF has illegal name on ESDFDNI5")

Executing: esdfdpi5_hvdef = geomAndNot(geomGetTexted(HVDEF HVDEF_text "ESDFDPI5_*") hvde...

Executing: esdfdpi5_hvdef_ok = geomGetTexted(HVDEF HVDEF_text "ESDFDPI5_REV_1.0")

Executing: esdfdpi5_bad_2 = geomAndNot(esdfdpi5_hvdef esdfdpi5_hvdef_ok)
	   errorLayer(esdfdpi5_bad_2 "HVR001 : Version of ESDFDPI5 obsolete or missing")

Executing: esdfdpi5_bad_3 = geomAvoiding(ESDFDPI5_device_raw esdfdpi5_hvdef)
	   errorLayer(esdfdpi5_bad_3 "HVR001 : HVDEF has illegal name on ESDFDPI5")

Executing: esdgcn5_hvdef = geomAndNot(geomGetTexted(HVDEF HVDEF_text "ESDGCN5*") hvdef_i...

Executing: esdgcn5_hvdef_ok = geomGetTexted(HVDEF HVDEF_text "ESDGCN5_REV_1.0")

Executing: esdgcn5_bad_2 = geomAndNot(esdgcn5_hvdef esdgcn5_hvdef_ok)
	   errorLayer(esdgcn5_bad_2 "HVR001 : Version of ESDGCN5 obsolete or missing")

Executing: esdgcn5_bad_3 = geomAvoiding(ESDGCN5_device_raw esdgcn5_hvdef)
	   errorLayer(esdgcn5_bad_3 "HVR001 : HVDEF has illegal name on ESDGCN5")

Executing: esdgcp5_hvdef = geomAndNot(geomGetTexted(HVDEF HVDEF_text "ESDGCP5*") hvdef_i...

Executing: esdgcp5_hvdef_ok = geomGetTexted(HVDEF HVDEF_text "ESDGCP5_REV_1.0")

Executing: esdgcp5_bad_2 = geomAndNot(esdgcp5_hvdef esdgcp5_hvdef_ok)
	   errorLayer(esdgcp5_bad_2 "HVR001 : Version of ESDGCP5 obsolete or missing")

Executing: esdgcp5_bad_3 = geomAvoiding(ESDGCP5_device_raw esdgcp5_hvdef)
	   errorLayer(esdgcp5_bad_3 "HVR001 : HVDEF has illegal name on ESDGCP5")

Executing: esdfdp5_hvdef = geomAndNot(geomGetTexted(HVDEF HVDEF_text "ESDFDP5*") hvdef_i...

Executing: esdfdp5_hvdef_ok = geomGetTexted(HVDEF HVDEF_text "ESDFDP5_REV_1.0")

Executing: esdfdp5_bad_2 = geomAndNot(esdfdp5_hvdef esdfdp5_hvdef_ok)
	   errorLayer(esdfdp5_bad_2 "HVR001 : Version of ESDFDP5 obsolete or missing")

Executing: esdfdp5_bad_3 = geomAvoiding(ESDFDP5_device_raw esdfdp5_hvdef)
	   errorLayer(esdfdp5_bad_3 "HVR001 : HVDEF has illegal name on ESDFDP5")

Executing: esdfdn5_hvdef = geomAndNot(geomGetTexted(HVDEF HVDEF_text "ESDFDN5*") hvdef_i...

Executing: esdfdn5_hvdef_ok = geomGetTexted(HVDEF HVDEF_text "ESDFDN5_REV_1.0")

Executing: esdfdn5_bad_2 = geomAndNot(esdfdn5_hvdef esdfdn5_hvdef_ok)
	   errorLayer(esdfdn5_bad_2 "HVR001 : Version of ESDFDN5 obsolete or missing")

Executing: esdfdn5_bad_3 = geomAvoiding(ESDFDN5_device_raw esdfdn5_hvdef)
	   errorLayer(esdfdn5_bad_3 "HVR001 : HVDEF has illegal name on ESDFDN5")

Executing: esdpnp40_hvdef = geomAndNot(geomGetTexted(HVDEF HVDEF_text "ESDPNP40*") hvdef...

Executing: esdpnp40_hvdef_ok = geomGetTexted(HVDEF HVDEF_text "ESDPNP40_REV_1.0")

Executing: esdpnp40_bad_2 = geomAndNot(esdpnp40_hvdef esdpnp40_hvdef_ok)
	   errorLayer(esdpnp40_bad_2 "HVR001 : Version of ESDPNP40 obsolete or missing")

Executing: esdpnp40_bad_3 = geomAvoiding(ESDPNP40_device_raw esdpnp40_hvdef)
	   errorLayer(esdpnp40_bad_3 "HVR001 : HVDEF has illegal name on ESDPNP40")

Executing: esdpnp42_hvdef = geomAndNot(geomGetTexted(HVDEF HVDEF_text "ESDPNP42*") hvdef...

Executing: esdpnp42_hvdef_ok = geomGetTexted(HVDEF HVDEF_text "ESDPNP42_REV_1.0")

Executing: esdpnp42_bad_2 = geomAndNot(esdpnp42_hvdef esdpnp42_hvdef_ok)
	   errorLayer(esdpnp42_bad_2 "HVR001 : Version of ESDPNP42 obsolete or missing")

Executing: esdpnp42_bad_3 = geomAvoiding(ESDPNP42_device_raw esdpnp42_hvdef)
	   errorLayer(esdpnp42_bad_3 "HVR001 : HVDEF has illegal name on ESDPNP42")

Executing: esdscr14_sn_hvdef_def = geomAndNot(geomGetTexted(HVDEF HVDEF_text "ESDSCR14_S...

Executing: esdscr14_sn_dptub_holed = geomAnd(geomGetHoled(DPTUB) esdscr14_sn_hvdef_def)

Executing: esdscr14_sn_pdiff_d_ntub = geomAnd(geomAnd(net_pdiff_d_ntub geomHoles(esdscr1...

Executing: esdscr14_sn_vio = geomAvoiding(geomAnd(DIFF esdscr14_sn_pdiff_d_ntub) FIDEF)

Executing: esdscr14_sn_hvdef = geomAndNot(geomGetTexted(HVDEF HVDEF_text "ESDSCR14_SN*")...

Executing: esdscr14_sn_hvdef_ok = geomGetTexted(HVDEF HVDEF_text "ESDSCR14_SN_REV_1.0")

Executing: esdscr14_sn_bad_2 = geomAndNot(esdscr14_sn_hvdef esdscr14_sn_hvdef_ok)
	   errorLayer(esdscr14_sn_bad_2 "HVR001 : Version of ESDSCR14_SN obsolete or missing")

Executing: esdscr14_sn_bad_3 = geomAvoiding(ESDSCR14_SN_device_raw esdscr14_sn_hvdef)
	   errorLayer(esdscr14_sn_bad_3 "HVR001 : HVDEF has illegal name on ESDSCR14_SN")

Executing: esdscr55_sn_hvdef_def = geomAndNot(geomGetTexted(HVDEF HVDEF_text "ESDSCR55_S...

Executing: esdscr55_sn_dptub_holed = geomAnd(geomGetHoled(DPTUB) esdscr55_sn_hvdef_def)

Executing: esdscr55_sn_pdiff_d_ntub = geomAnd(geomAnd(net_pdiff_d_ntub geomHoles(esdscr5...

Executing: esdscr55_sn_vio = geomInside(geomAnd(DIFF esdscr55_sn_pdiff_d_ntub) FIDEF)

Executing: esdscr55_sn_hvdef = geomAndNot(geomGetTexted(HVDEF HVDEF_text "ESDSCR55_SN*")...

Executing: esdscr55_sn_hvdef_ok = geomGetTexted(HVDEF HVDEF_text "ESDSCR55_SN_REV_1.0")

Executing: esdscr55_sn_bad_2 = geomAndNot(esdscr55_sn_hvdef esdscr55_sn_hvdef_ok)
	   errorLayer(esdscr55_sn_bad_2 "HVR001 : Version of ESDSCR55_SN obsolete or missing")

Executing: esdscr55_sn_bad_3 = geomAvoiding(ESDSCR55_SN_device_raw esdscr55_sn_hvdef)
	   errorLayer(esdscr55_sn_bad_3 "HVR001 : HVDEF has illegal name on ESDSCR55_SN")

Executing: esddevice_01_hvdef = geomGetTexted(HVDEF HVDEF_text "ESD_01*")

Executing: esddevice_02_hvdef = geomGetTexted(HVDEF HVDEF_text "ESD_02*")

Executing: esddevice_03_hvdef = geomGetTexted(HVDEF HVDEF_text "ESD_03*")

Executing: esddevice_04_hvdef = geomGetTexted(HVDEF HVDEF_text "ESD_04*")

Executing: esddevice_05_hvdef = geomGetTexted(HVDEF HVDEF_text "ESD_05*")

Executing: esddevice_06_hvdef = geomGetTexted(HVDEF HVDEF_text "ESD_06*")

Executing: esddevice_all_hvdef = geomOr(esddevice_01_hvdef geomOr(esddevice_02_hvdef geo...

Executing: esddevice_unknown_hvdef = geomAndNot(geomGetTexted(HVDEF HVDEF_text "ESD_*") ...
	   errorLayer(esddevice_unknown_hvdef "Illegal Device : This ESD device is not supported ( no ESD_01/02/03/04/05/06)")

Executing: nmos50s_hv_devices_all = geomOr(NMOS50TS_device geomOr(NMOS50MS_device NMOS50...

Executing: nmosi50_hv_devices_all = geomOr(NMOSI50T_device geomOr(NMOSI50M_device NMOSI5...

Executing: nmosdi50_hv_devices_all = geomOr(NMOSDI50T_device geomOr(NMOSDI50M_device NMO...

Executing: nmosfi25_hv_devices_all = geomOr(NMOSFI25T_device geomOr(NMOSFI25M_device NMO...

Executing: nmosfi25s_hv_devices_all = geomOr(NMOSFI25TS_device geomOr(NMOSFI25MS_device ...

Executing: pmos50_hv_devices_all = geomOr(PMOS50T_device geomOr(PMOS50M_device PMOS50H_d...

Executing: pmos50s_hv_devices_all = geomOr(PMOS50TS_device geomOr(PMOS50MS_device PMOS50...

Executing: pmos20_hv_devices_all = geomOr(PMOS20T_device geomOr(geomOr(PMOS20M_device ge...

Executing: pmos20s_hv_devices_all = geomOr(PMOS20TS_device geomOr(PMOS20MS_device PMOS20...

Executing: nmosi20_hv_devices_all = geomOr(NMOSI20T_device geomOr(NMOSI20M_device NMOSI2...

Executing: nmosdi20_hv_devices_all = geomOr(NMOSDI20T_device geomOr(NMOSDI20M_device NMO...

Executing: nmos20_hv_devices_all = geomOr(NMOS20T_device geomOr(NMOS20M_device geomOr(NM...

Executing: nmos20s_hv_devices_all = geomOr(NMOS20TS_device geomOr(NMOS20MS_device NMOS20...

Executing: pmos120_hv_devices_all = geomOr(PMOS120T_device geomOr(PMOS120M_device PMOS12...

Executing: nmosi120_hv_devices_all = geomOr(NMOSI120T_device geomOr(NMOSI120M_device NMO...

Executing: bip_hv_devices_all = geomOr(geomOr(VERTN1_device VERTPH_device_raw) PJFET_dev...

Executing: cap_hv_devices_all = geomCat(CWPM_device)

Executing: res_hv_devices_all = geomOr(RPWELLR_device RNWELLS_device)

Executing: nmos10mh_hv_devices_all = geomOr(NMOS10MH_device NMOSD10MH_device)

Executing: pmos10mh_hv_devices_all = geomOr(PMOS10MH_device PMOSD10MH_device)

Executing: pmosvst_hv_devices_all = geomCat(PMOSVST_device)

Executing: pmosdvst_hv_devices_all = geomCat(PMOSDVST_device)

Executing: nmosdivst_hv_devices_all = geomCat(NMOSDIVST_device)

Executing: nmosivst_hv_devices_all = geomCat(NMOSIVST_device)

Executing: hv_devices_all_1 = geomOr(nmos50_hv_devices_all geomOr(nmosi50_hv_devices_all...

Executing: hv_devices_all_2 = geomOr(pmos50_hv_devices_all geomOr(pmos50s_hv_devices_all...

Executing: hv_devices_all_3 = geomOr(nmos20_hv_devices_all geomOr(nmosdi50_hv_devices_al...

Executing: hv_devices_all_trans = geomOr(hv_devices_all_1 geomOr(hv_devices_all_2 hv_dev...

Executing: esd_protection_elements = geomOr(ESDGCI3_device_raw geomOr(ESDGCNI5_device_ra...

Executing: hv_devices_all_4 = geomOr(bip_hv_devices_all geomOr(cap_hv_devices_all res_hv...

Executing: hv_devices_all = geomOr(hv_devices_all_trans geomOr(hv_devices_all_4 esd_prot...

Executing: hvdef_bad_1 = geomAndNot(geomAvoiding(HVDEF hv_devices_all) geomOr(hvdef_iso_...

Executing: cvarih_hvdef_xx = geomGetTexted(HVDEF HVDEF_text "CVARIH*")

Executing: hvdef_bad = geomAndNot(hvdef_bad_1 cvarih_hvdef_xx)
	   errorLayer(hvdef_bad "HVR001 : HVDEF does not enclose a valid HV-device, bad HVDEF or bad device")

Executing: nmos50_for_stamp = geomSize(nmos50_hv_devices_all 0.1)

Executing: geomStamp(nmos50_for_stamp net_ndiff_d_ptub multConnect "HVR003 NMOS50 sources must be connected together")

Executing: nmos20_for_stamp = geomSize(nmos20_hv_devices_all 0.1)

Executing: geomStamp(nmos20_for_stamp net_ndiff_d_ptub multConnect "HVR003 NMOS20 sources must be connected together")

Executing: nmos10mh_for_stamp = geomSize(nmos10mh_hv_devices_all 0.1)

Executing: geomStamp(nmos10mh_for_stamp net_ndiff_d_ptub multConnect "HVR003 NMOS10MH sources must be connected together")

Executing: nmosi50_for_stamp = geomSize(nmosi50_hv_devices_all 0.1)

Executing: geomStamp(nmosi50_for_stamp net_ndiff_d_ptub multConnect "HVR003 NMOSI50 sources must be connected together")

Executing: nmosdi50_for_stamp = geomSize(nmosdi50_hv_devices_all 0.1)

Executing: geomStamp(nmosdi50_for_stamp net_ndiff_d_ptub multConnect "HVR003 NMOSDI50 sources must be connected together")

Executing: nmosfi25_for_stamp = geomSize(nmosfi25_hv_devices_all 0.1)

Executing: geomStamp(nmosfi25t_source net_ndiff_d_ptub)

Executing: geomStamp(nmosfi25_for_stamp nmosfi25t_source multConnect "HVR003 NMOSFI25 sources must be connected together")

Executing: nmosi20_for_stamp = geomSize(nmosi20_hv_devices_all 0.1)

Executing: geomStamp(nmosi20_for_stamp net_ndiff_d_ptub multConnect "HVR003 NMOSI20 sources must be connected together")

Executing: nmosdi20_for_stamp = geomSize(nmosdi20_hv_devices_all 0.1)

Executing: geomStamp(nmosdi20_for_stamp net_ndiff_d_ptub multConnect "HVR003 NMOSDI20 sources must be connected together")

Executing: nmosi120_for_stamp = geomSize(nmosi120_hv_devices_all 0.1)

Executing: geomStamp(nmosi120_for_stamp net_ndiff_d_ptub multConnect "HVR003 NMOSI120 sources must be connected together")

Executing: pmos50_for_stamp = geomSize(pmos50_hv_devices_all 0.1)

Executing: geomStamp(pmos50_for_stamp net_pdiff_d_ntub multConnect "HVR003 PMOS50 sources must be connected together")

Executing: pmos20_for_stamp = geomSize(pmos20_hv_devices_all 0.1)

Executing: geomStamp(pmos20_for_stamp net_pdiff_d_ntub multConnect "HVR003 PMOS20 sources must be connected together")

Executing: esdpmos18t_for_stamp = geomSize(ESDPMOS18T_device 0.1)

Executing: geomStamp(esdpmos18t_for_stamp net_pdiff_d_ntub multConnect "HVR003 ESDPMOS18T sources must be connected together")

Executing: pmos120_for_stamp = geomSize(pmos120_hv_devices_all 0.1)

Executing: geomStamp(pmos120_for_stamp net_pdiff_d_ntub multConnect "HVR003 PMOS120 sources must be connected together")

Executing: pmos10mh_for_stamp = geomSize(pmos10mh_hv_devices_all 0.1)

Executing: geomStamp(pmos10mh_for_stamp net_pdiff_d_ntub multConnect "HVR003 PMOS10MH sources must be connected together")

Executing: nmosi20_bulkdiff = geomButtOrOver(net_pdiff_c_ptub nmosi20_hv_devices_all)

Executing: nmosi20_sourcediff = geomButtOrOver(net_ndiff_d_ptub nmosi20_hv_devices_all)

Executing: nmosi20_met1 = geomAnd(net_met1 nmosi20_hv_devices_all)

Executing: nmosi20_met1_s = geomButtOrOver(nmosi20_met1 nmosi20_sourcediff)

Executing: nmosi20_met1_b = geomButtOrOver(nmosi20_met1 nmosi20_bulkdiff)

Executing: geomStamp(nmosi20_met1_b net_pdiff_c_ptub)

Executing: geomStamp(nmosi20_met1_s net_ndiff_d_ptub)

Executing: nmosi20_uncon = drc(nmosi20_met1_s nmosi20_met1_b (sep < 2) diffNet)

Executing: errorLayer(geomAndNot(substrate_all geomAndNot(substrate_all layer)) message)

Executing: nmosi50_bulkdiff = geomButtOrOver(net_pdiff_c_ptub nmosi50_hv_devices_all)

Executing: nmosi50_sourcediff = geomButtOrOver(net_ndiff_d_ptub nmosi50_hv_devices_all)

Executing: nmosi50_met1 = geomAnd(net_met1 nmosi50_hv_devices_all)

Executing: nmosi50_met1_s = geomButtOrOver(nmosi50_met1 nmosi50_sourcediff)

Executing: nmosi50_met1_b = geomButtOrOver(nmosi50_met1 nmosi50_bulkdiff)

Executing: geomStamp(nmosi50_met1_b net_pdiff_c_ptub)

Executing: geomStamp(nmosi50_met1_s net_ndiff_d_ptub)

Executing: nmosi50_uncon = drc(nmosi50_met1_s nmosi50_met1_b (sep < 2) diffNet)

Executing: errorLayer(geomAndNot(substrate_all geomAndNot(substrate_all layer)) message)

Executing: nmosi120_bulkdiff = geomButtOrOver(net_pdiff_c_ptub nmosi120_hv_devices_all)

Executing: nmosi120_sourcediff = geomButtOrOver(net_ndiff_d_ptub nmosi120_hv_devices_all)

Executing: nmosi120_met1 = geomAnd(net_met1 nmosi120_hv_devices_all)

Executing: nmosi120_met1_s = geomButtOrOver(nmosi120_met1 nmosi120_sourcediff)

Executing: nmosi120_met1_b = geomButtOrOver(nmosi120_met1 nmosi120_bulkdiff)

Executing: geomStamp(nmosi120_met1_b net_pdiff_c_ptub)

Executing: geomStamp(nmosi120_met1_s net_ndiff_d_ptub)

Executing: nmosi120_uncon = drc(nmosi120_met1_s nmosi120_met1_b (sep < 2) diffNet)

Executing: errorLayer(geomAndNot(substrate_all geomAndNot(substrate_all layer)) message)

Executing: nmosdi20_bulkdiff = geomButtOrOver(net_pdiff_c_ptub nmosdi20_hv_devices_all)

Executing: nmosdi20_sourcediff = geomButtOrOver(net_ndiff_d_ptub nmosdi20_hv_devices_all)

Executing: nmosdi20_met1 = geomAnd(net_met1 nmosdi20_hv_devices_all)

Executing: nmosdi20_met1_s = geomAnd(nmosdi20_met1 nmosdi20_sourcediff)

Executing: nmosdi20_met1_b = geomAnd(nmosdi20_met1 nmosdi20_bulkdiff)

Executing: nmosdi20_uncon = drc(nmosdi20_met1_s nmosdi20_met1_b ((0 < sep) < 2))

Executing: errorLayer(geomAndNot(substrate_all geomAndNot(substrate_all layer)) message)

Executing: nmosdi50_bulkdiff = geomButtOrOver(net_pdiff_c_ptub NMOSDI50H_device)

Executing: nmosdi50_sourcediff = geomButtOrOver(net_ndiff_d_ptub NMOSDI50H_device)

Executing: nmosdi50_met1_s = geomAnd(MET1 nmosdi50_sourcediff)

Executing: nmosdi50_met1_b = geomAnd(MET1 nmosdi50_bulkdiff)

Executing: nmosdi50_uncon = drc(nmosdi50_met1_s nmosdi50_met1_b ((0 < sep) < 2))

Executing: errorLayer(geomAndNot(substrate_all geomAndNot(substrate_all layer)) message)

Executing: x_nmosd10mh_devlay_ele = geomCat(NMOSD10MH_device)

Executing: x_nmosd10mh_holes_ele = geomButtOrOver(x_nmosd10mh_holes_ele_2 geomButtOrOver...

Executing: x_nmosd10mh_holes_rect_ele = geomGetRectangle(x_nmosd10mh_holes_ele)

Executing: x_nmosd10mh_ndiff_ele = geomButtOrOver(geomAnd(net_ndiff_d_ptub geomAnd(SPTUB...

Executing: x_nmosd10mh_buttdiff_ele = geomButtOrOver(x_nmosd10mh_ndiff_ele x_nmosd10mh_h...

Executing: x_nmosd10mh_x = geomOr(x_nmosd10mh_buttdiff_ele x_nmosd10mh_holes_rect_ele)

Executing: x_nmosd10mh_x1 = geomSize(geomSize(x_nmosd10mh_x 0.7) -0.7)

Executing: x_nmosd10mh_y = geomAnd(x_nmosd10mh_x1 net_met1)

Executing: x_nmosd10mh_err = geomEnclose(x_nmosd10mh_x1 x_nmosd10mh_y (keep > 1))

Executing: errorLayer(geomAndNot(substrate_all geomAndNot(substrate_all layer)) message)

Executing: x_pmosd10mh_devlay_ele = geomCat(PMOSD10MH_device)

Executing: x_pmosd10mh_holes_ele = geomButtOrOver(x_pmosd10mh_holes_ele_2 geomButtOrOver...

Executing: x_pmosd10mh_holes_rect_ele = geomGetRectangle(x_pmosd10mh_holes_ele)

Executing: x_pmosd10mh_pdiff_ele = geomButtOrOver(geomAnd(net_pdiff_d_ntub SNTUB) x_pmos...

Executing: x_pmosd10mh_buttdiff_ele = geomButtOrOver(x_pmosd10mh_pdiff_ele x_pmosd10mh_h...

Executing: x_pmosd10mh_x = geomOr(x_pmosd10mh_buttdiff_ele x_pmosd10mh_holes_rect_ele)

Executing: x_pmosd10mh_x1 = geomSize(geomSize(x_pmosd10mh_x 0.7) -0.7)

Executing: x_pmosd10mh_y = geomAnd(x_pmosd10mh_x1 net_met1)

Executing: x_pmosd10mh_err = geomEnclose(x_pmosd10mh_x1 x_pmosd10mh_y (keep > 1))

Executing: errorLayer(geomAndNot(substrate_all geomAndNot(substrate_all layer)) message)

Executing: extractMOS("NMOS4" NMOS_device (net_poly1 "G") (net_ndiff_d_sub "S" "D") (net...
         1 'NMOS4' created in cell 'inv layout INV'.

Executing: saveRecognition(NMOS_device "device")

Executing: w = measureParameter(length (NMOS_device butting net_ndiff_d_sub) 5e-07)

Executing: l = measureParameter(length (NMOS_device outside net_ndiff_d_sub) 5e-07)

Executing: w_bends90 = measureParameter(bends_full (NMOS_device butting net_ndiff_d_sub))

Executing: w_bends45 = measureParameter(bends_part (NMOS_device butting net_ndiff_d_sub))

Executing: l_bends90 = measureParameter(bends_full (NMOS_device outside net_ndiff_d_sub))

Executing: l_bends45 = measureParameter(bends_part (NMOS_device outside net_ndiff_d_sub))

Executing: weff = calculateParameter(if((w > (l * (1 + (w_bends90 * 0.5) + (w_bends45 * ...

Executing: leff = calculateParameter(if((l > (w * (1 + (l_bends90 * 0.5) + (l_bends45 * ...

Executing: nameParameter(leff "l")

Executing: nameParameter(weff "w")

Executing: nameParameter(weff "wtot")

Executing: extractMOS("NMOSM4" NMOSM_device (net_poly1 "G") (net_ndiff_d_sub "S" "D") (n...

Executing: saveRecognition(NMOSM_device "device")

Executing: w = measureParameter(length (NMOSM_device butting net_ndiff_d_sub) 5e-07)

Executing: l = measureParameter(length (NMOSM_device outside net_ndiff_d_sub) 5e-07)

Executing: w_bends90 = measureParameter(bends_full (NMOSM_device butting net_ndiff_d_sub))

Executing: w_bends45 = measureParameter(bends_part (NMOSM_device butting net_ndiff_d_sub))

Executing: l_bends90 = measureParameter(bends_full (NMOSM_device outside net_ndiff_d_sub))

Executing: l_bends45 = measureParameter(bends_part (NMOSM_device outside net_ndiff_d_sub))

Executing: weff = calculateParameter(if((w > (l * (1 + (w_bends90 * 0.5) + (w_bends45 * ...

Executing: leff = calculateParameter(if((l > (w * (1 + (l_bends90 * 0.5) + (l_bends45 * ...

Executing: nameParameter(leff "l")

Executing: nameParameter(weff "w")

Executing: nameParameter(weff "wtot")

Executing: extractMOS("PMOS4" PMOS_device (net_poly1 "G") (net_pdiff_d_ntub "S" "D") (ne...
         1 'PMOS4' created in cell 'inv layout INV'.

Executing: saveRecognition(PMOS_device "device")

Executing: w = measureParameter(length (PMOS_device butting net_pdiff_d_ntub) 5e-07)

Executing: l = measureParameter(length (PMOS_device outside net_pdiff_d_ntub) 5e-07)

Executing: w_bends90 = measureParameter(bends_full (PMOS_device butting net_pdiff_d_ntub))

Executing: w_bends45 = measureParameter(bends_part (PMOS_device butting net_pdiff_d_ntub))

Executing: l_bends90 = measureParameter(bends_full (PMOS_device outside net_pdiff_d_ntub))

Executing: l_bends45 = measureParameter(bends_part (PMOS_device outside net_pdiff_d_ntub))

Executing: weff = calculateParameter(if((w > (l * (1 + (w_bends90 * 0.5) + (w_bends45 * ...

Executing: leff = calculateParameter(if((l > (w * (1 + (l_bends90 * 0.5) + (l_bends45 * ...

Executing: nameParameter(leff "l")

Executing: nameParameter(weff "w")

Executing: nameParameter(weff "wtot")

Executing: extractMOS("PMOSM4" PMOSM_device (net_poly1 "G") (net_pdiff_d_ntub "S" "D") (...

Executing: saveRecognition(PMOSM_device "device")

Executing: w = measureParameter(length (PMOSM_device butting net_pdiff_d_ntub) 5e-07)

Executing: l = measureParameter(length (PMOSM_device outside net_pdiff_d_ntub) 5e-07)

Executing: w_bends90 = measureParameter(bends_full (PMOSM_device butting net_pdiff_d_ntub))

Executing: w_bends45 = measureParameter(bends_part (PMOSM_device butting net_pdiff_d_ntub))

Executing: l_bends90 = measureParameter(bends_full (PMOSM_device outside net_pdiff_d_ntub))

Executing: l_bends45 = measureParameter(bends_part (PMOSM_device outside net_pdiff_d_ntub))

Executing: weff = calculateParameter(if((w > (l * (1 + (w_bends90 * 0.5) + (w_bends45 * ...

Executing: leff = calculateParameter(if((l > (w * (1 + (l_bends90 * 0.5) + (l_bends45 * ...

Executing: nameParameter(leff "l")

Executing: nameParameter(weff "w")

Executing: nameParameter(weff "wtot")

Executing: nmosi_isovolt_definition_volt5_area = geomAnd(isovolt_definition_volt5 NMOSI_...

Executing: nmosi_isovolt_definition_volt20_area = geomAnd(isovolt_definition_volt20 NMOS...

Executing: nmosi_isovolt_definition_volt50_area = geomAnd(isovolt_definition_volt50 NMOS...

Executing: nmosi_isovolt_definition_volt120_area = geomAnd(isovolt_definition_volt120 NM...

Executing: nmosi_isovolt_definition_volt50_area_default = geomAndNot(NMOSI_device HVDEF_...

Executing: nmosi_isotype_definition_type1_area = geomAnd(isotype_definition_type1 NMOSI_...

Executing: nmosi_isotype_definition_type2_area = geomAnd(isotype_definition_type2 NMOSI_...

Executing: nmosi_isotype_definition_type1_area_default = geomAndNot(NMOSI_device HVDEF_i...

Executing: isovolt_isotype_definition_all = geomCat(isovolt_definition_volt5 isovolt_def...

Executing: NMOSI_device_hv = geomInside(NMOSI_device isovolt_isotype_definition_all)

Executing: NMOSI_device_not_hv = geomAndNot(NMOSI_device NMOSI_device_hv)

Executing: nmosi_bad_isovolt = geomGetEdge(isovolt_definition_volt_all inside NMOSI_device)
	   errorLayer(nmosi_bad_isovolt "HVDEF_IsoVoltage : nmosi device must be inside iso volt definition layer")

Executing: nmosi_bad_isotype = geomGetEdge(isotype_definition_type_all inside NMOSI_device)
	   errorLayer(nmosi_bad_isotype "HVDEF_IsoType : nmosi device must be inside iso type definition layer")

Executing: nmosim_isovolt_definition_volt5_area = geomAnd(isovolt_definition_volt5 NMOSI...

Executing: nmosim_isovolt_definition_volt20_area = geomAnd(isovolt_definition_volt20 NMO...

Executing: nmosim_isovolt_definition_volt50_area = geomAnd(isovolt_definition_volt50 NMO...

Executing: nmosim_isovolt_definition_volt120_area = geomAnd(isovolt_definition_volt120 N...

Executing: nmosim_isovolt_definition_volt50_area_default = geomAndNot(NMOSIM_device HVDE...

Executing: nmosim_isotype_definition_type1_area = geomAnd(isotype_definition_type1 NMOSI...

Executing: nmosim_isotype_definition_type2_area = geomAnd(isotype_definition_type2 NMOSI...

Executing: nmosim_isotype_definition_type1_area_default = geomAndNot(NMOSIM_device HVDEF...

Executing: isovolt_isotype_definition_all = geomCat(isovolt_definition_volt5 isovolt_def...

Executing: NMOSIM_device_hv = geomInside(NMOSIM_device isovolt_isotype_definition_all)

Executing: NMOSIM_device_not_hv = geomAndNot(NMOSIM_device NMOSIM_device_hv)

Executing: nmosim_bad_isovolt = geomGetEdge(isovolt_definition_volt_all inside NMOSIM_de...
	   errorLayer(nmosim_bad_isovolt "HVDEF_IsoVoltage : nmosi device must be inside iso volt definition layer")

Executing: nmosim_bad_isotype = geomGetEdge(isotype_definition_type_all inside NMOSIM_de...
	   errorLayer(nmosim_bad_isotype "HVDEF_IsoType : nmosi device must be inside iso type definition layer")

Executing: pmosi_isovolt_definition_volt5_area = geomAnd(isovolt_definition_volt5 PMOSI_...

Executing: pmosi_isovolt_definition_volt20_area = geomAnd(isovolt_definition_volt20 PMOS...

Executing: pmosi_isovolt_definition_volt50_area = geomAnd(isovolt_definition_volt50 PMOS...

Executing: pmosi_isovolt_definition_volt120_area = geomAnd(isovolt_definition_volt120 PM...

Executing: pmosi_isovolt_definition_volt50_area_default = geomAndNot(PMOSI_device HVDEF_...

Executing: pmosi_isotype_definition_type1_area = geomAnd(isotype_definition_type1 PMOSI_...

Executing: pmosi_isotype_definition_type2_area = geomAnd(isotype_definition_type2 PMOSI_...

Executing: pmosi_isotype_definition_type1_area_default = geomAndNot(PMOSI_device HVDEF_i...

Executing: isovolt_isotype_definition_all = geomCat(isovolt_definition_volt5 isovolt_def...

Executing: PMOSI_device_hv = geomInside(PMOSI_device isovolt_isotype_definition_all)

Executing: PMOSI_device_not_hv = geomAndNot(PMOSI_device PMOSI_device_hv)

Executing: pmosi_bad_isovolt = geomGetEdge(isovolt_definition_volt_all inside PMOSI_device)
	   errorLayer(pmosi_bad_isovolt "HVDEF_IsoVoltage : pmosi device must be inside iso volt definition layer")

Executing: pmosi_bad_isotype = geomGetEdge(isotype_definition_type_all inside PMOSI_device)
	   errorLayer(pmosi_bad_isotype "HVDEF_IsoType : pmosi device must be inside iso type definition layer")

Executing: pmosim_isovolt_definition_volt5_area = geomAnd(isovolt_definition_volt5 PMOSI...

Executing: pmosim_isovolt_definition_volt20_area = geomAnd(isovolt_definition_volt20 PMO...

Executing: pmosim_isovolt_definition_volt50_area = geomAnd(isovolt_definition_volt50 PMO...

Executing: pmosim_isovolt_definition_volt120_area = geomAnd(isovolt_definition_volt120 P...

Executing: pmosim_isovolt_definition_volt50_area_default = geomAndNot(PMOSIM_device HVDE...

Executing: pmosim_isotype_definition_type1_area = geomAnd(isotype_definition_type1 PMOSI...

Executing: pmosim_isotype_definition_type2_area = geomAnd(isotype_definition_type2 PMOSI...

Executing: pmosim_isotype_definition_type1_area_default = geomAndNot(PMOSIM_device HVDEF...

Executing: isovolt_isotype_definition_all = geomCat(isovolt_definition_volt5 isovolt_def...

Executing: PMOSIM_device_hv = geomInside(PMOSIM_device isovolt_isotype_definition_all)

Executing: PMOSIM_device_not_hv = geomAndNot(PMOSIM_device PMOSIM_device_hv)

Executing: pmosim_bad_isovolt = geomGetEdge(isovolt_definition_volt_all inside PMOSIM_de...
	   errorLayer(pmosim_bad_isovolt "HVDEF_IsoVoltage : pmosi device must be inside iso volt definition layer")

Executing: pmosim_bad_isotype = geomGetEdge(isotype_definition_type_all inside PMOSIM_de...
	   errorLayer(pmosim_bad_isotype "HVDEF_IsoType : pmosi device must be inside iso type definition layer")

Executing: extractDevice("NMOSI" NMOSI_device_hv (net_poly1 "G") (net_ndiff_d_ptub "S" "...

Executing: saveRecognition(NMOSI_device_hv "device")

Executing: attachParameter(isoType "isoType" NMOSI_device_hv)

Executing: attachParameter(isoVoltage "isoVoltage" NMOSI_device_hv)

Executing: w = measureParameter(length (NMOSI_device_hv butting net_ndiff_d_ptub) 5e-07)

Executing: l = measureParameter(length (NMOSI_device_hv outside net_ndiff_d_ptub) 5e-07)

Executing: w_bends90 = measureParameter(bends_full (NMOSI_device_hv butting net_ndiff_d_...

Executing: w_bends45 = measureParameter(bends_part (NMOSI_device_hv butting net_ndiff_d_...

Executing: l_bends90 = measureParameter(bends_full (NMOSI_device_hv outside net_ndiff_d_...

Executing: l_bends45 = measureParameter(bends_part (NMOSI_device_hv outside net_ndiff_d_...

Executing: weff = calculateParameter(if((w > (l * (1 + (w_bends90 * 0.5) + (w_bends45 * ...

Executing: leff = calculateParameter(if((l > (w * (1 + (l_bends90 * 0.5) + (l_bends45 * ...

Executing: nameParameter(leff "l")

Executing: nameParameter(weff "w")

Executing: nameParameter(weff "wtot")

Executing: saveProperty(NMOSI_device_hv "extracted" "1")

Executing: extractDevice("NMOSI" NMOSI_device_not_hv (net_poly1 "G") (net_ndiff_d_ptub "...
         5 'NMOSI' created in cell 'XOR2X1_DCV_HV layout CORELIBD_DCV_HV'.
         5 'NMOSI' created in cell 'XNOR2X2_DCV_HV layout CORELIBD_DCV_HV'.
         2 'NMOSI' created in cell 'NOR2X4_DCV_HV layout CORELIBD_DCV_HV'.
         1 'NMOSI' created in cell 'INVX4_DCV_HV layout CORELIBD_DCV_HV'.
         3 'NMOSI' created in cell 'INVX16_DCV_HV layout CORELIBD_DCV_HV'.
         7 'NMOSI' created in cell 'HAX3_DCV_HV layout CORELIBD_DCV_HV'.
         1 'NMOSI' created in cell 'FILLCAPX8_DCV_HV layout CORELIBD_DCV_HV'.
         1 'NMOSI' created in cell 'FILLCAPX4_DCV_HV layout CORELIBD_DCV_HV'.
         1 'NMOSI' created in cell 'FILLCAPX16_DCV_HV layout CORELIBD_DCV_HV'.
         4 'NMOSI' created in cell 'DLY1X1_DCV_HV layout CORELIBD_DCV_HV'.
        13 'NMOSI' created in cell 'DFX1_DCV_HV layout CORELIBD_DCV_HV'.
         3 'NMOSI' created in cell 'CLKBUFX8_DCV_HV layout CORELIBD_DCV_HV'.
         3 'NMOSI' created in cell 'CLKBUFX6_DCV_HV layout CORELIBD_DCV_HV'.
         2 'NMOSI' created in cell 'CLKBUFX3_DCV_HV layout CORELIBD_DCV_HV'.
         2 'NMOSI' created in cell 'CLKBUFX2_DCV_HV layout CORELIBD_DCV_HV'.
         7 'NMOSI' created in cell 'CLKBUFX24_DCV_HV layout CORELIBD_DCV_HV'.
         5 'NMOSI' created in cell 'CLKBUFX16_DCV_HV layout CORELIBD_DCV_HV'.
         4 'NMOSI' created in cell 'CLKBUFX12_DCV_HV layout CORELIBD_DCV_HV'.
         3 'NMOSI' created in cell 'BUFX8_DCV_HV layout CORELIBD_DCV_HV'.
         2 'NMOSI' created in cell 'BUFX6_DCV_HV layout CORELIBD_DCV_HV'.
         2 'NMOSI' created in cell 'BUFX4_DCV_HV layout CORELIBD_DCV_HV'.
         2 'NMOSI' created in cell 'BUFX2_DCV_HV layout CORELIBD_DCV_HV'.
         4 'NMOSI' created in cell 'BUFX16_DCV_HV layout CORELIBD_DCV_HV'.
         3 'NMOSI' created in cell 'BUFX12_DCV_HV layout CORELIBD_DCV_HV'.
         4 'NMOSI' created in cell 'AOI22X4_DCV_HV layout CORELIBD_DCV_HV'.
         4 'NMOSI' created in cell 'AOI22X3_DCV_HV layout CORELIBD_DCV_HV'.
        10 'NMOSI' created in cell 'VSUBALLP_HV layout IOLIB_HV_4M'.
        10 'NMOSI' created in cell 'VDD3ALLP_HV layout IOLIB_HV_4M'.
        12 'NMOSI' created in cell 'ICP_HV layout IOLIB_HV_4M'.
        10 'NMOSI' created in cell 'GND3ALLP_HV layout IOLIB_HV_4M'.
        13 'NMOSI' created in cell 'BU2P_HV layout IOLIB_HV_4M'.
        10 'NMOSI' created in cell 'AVDD3ALLP_HV layout IOLIB_ANA_HV_4M'.
        10 'NMOSI' created in cell 'AGND3ALLP_HV layout IOLIB_ANA_HV_4M'.

Executing: saveRecognition(NMOSI_device_not_hv "device")

Executing: w = measureParameter(length (NMOSI_device_not_hv butting net_ndiff_d_ptub) 5e...

Executing: l = measureParameter(length (NMOSI_device_not_hv outside net_ndiff_d_ptub) 5e...

Executing: w_bends90 = measureParameter(bends_full (NMOSI_device_not_hv butting net_ndif...

Executing: w_bends45 = measureParameter(bends_part (NMOSI_device_not_hv butting net_ndif...

Executing: l_bends90 = measureParameter(bends_full (NMOSI_device_not_hv outside net_ndif...

Executing: l_bends45 = measureParameter(bends_part (NMOSI_device_not_hv outside net_ndif...

Executing: weff = calculateParameter(if((w > (l * (1 + (w_bends90 * 0.5) + (w_bends45 * ...

Executing: leff = calculateParameter(if((l > (w * (1 + (l_bends90 * 0.5) + (l_bends45 * ...

Executing: nameParameter(leff "l")

Executing: nameParameter(weff "w")

Executing: nameParameter(weff "wtot")

Executing: saveProperty(NMOSI_device_not_hv "isoVoltage" 50)

Executing: saveProperty(NMOSI_device_not_hv "isoType" 1)

Executing: saveProperty(NMOSI_device_not_hv "extracted" "1")

Executing: extractDevice("RCX_DUMMY" NMOSIL_device (net_poly1 "PLUS" "MINUS") (cellView ...

Executing: extractDevice("NMOSIM" NMOSIM_device_hv (net_poly1 "G") (net_ndiff_d_ptub "S"...

Executing: saveRecognition(NMOSIM_device_hv "device")

Executing: attachParameter(isoType "isoType" NMOSIM_device_hv)

Executing: attachParameter(isoVoltage "isoVoltage" NMOSIM_device_hv)

Executing: w = measureParameter(length (NMOSIM_device_hv butting net_ndiff_d_ptub) 5e-07)

Executing: l = measureParameter(length (NMOSIM_device_hv outside net_ndiff_d_ptub) 5e-07)

Executing: w_bends90 = measureParameter(bends_full (NMOSIM_device_hv butting net_ndiff_d...

Executing: w_bends45 = measureParameter(bends_part (NMOSIM_device_hv butting net_ndiff_d...

Executing: l_bends90 = measureParameter(bends_full (NMOSIM_device_hv outside net_ndiff_d...

Executing: l_bends45 = measureParameter(bends_part (NMOSIM_device_hv outside net_ndiff_d...

Executing: weff = calculateParameter(if((w > (l * (1 + (w_bends90 * 0.5) + (w_bends45 * ...

Executing: leff = calculateParameter(if((l > (w * (1 + (l_bends90 * 0.5) + (l_bends45 * ...

Executing: nameParameter(leff "l")

Executing: nameParameter(weff "w")

Executing: nameParameter(weff "wtot")

Executing: saveProperty(NMOSIM_device_hv "extracted" "1")

Executing: extractDevice("NMOSIM" NMOSIM_device_not_hv (net_poly1 "G") (net_ndiff_d_ptub...

Executing: saveRecognition(NMOSIM_device_not_hv "device")

Executing: w = measureParameter(length (NMOSIM_device_not_hv butting net_ndiff_d_ptub) 5...

Executing: l = measureParameter(length (NMOSIM_device_not_hv outside net_ndiff_d_ptub) 5...

Executing: w_bends90 = measureParameter(bends_full (NMOSIM_device_not_hv butting net_ndi...

Executing: w_bends45 = measureParameter(bends_part (NMOSIM_device_not_hv butting net_ndi...

Executing: l_bends90 = measureParameter(bends_full (NMOSIM_device_not_hv outside net_ndi...

Executing: l_bends45 = measureParameter(bends_part (NMOSIM_device_not_hv outside net_ndi...

Executing: weff = calculateParameter(if((w > (l * (1 + (w_bends90 * 0.5) + (w_bends45 * ...

Executing: leff = calculateParameter(if((l > (w * (1 + (l_bends90 * 0.5) + (l_bends45 * ...

Executing: nameParameter(leff "l")

Executing: nameParameter(weff "w")

Executing: nameParameter(weff "wtot")

Executing: saveProperty(NMOSIM_device_not_hv "isoVoltage" 50)

Executing: saveProperty(NMOSIM_device_not_hv "isoType" 1)

Executing: saveProperty(NMOSIM_device_not_hv "extracted" "1")

Executing: extractDevice("RCX_DUMMY" NMOSIML_device (net_poly1 "PLUS" "MINUS") (cellView...

Executing: extractMOS("PMOSI" PMOSI_device_hv (net_poly1 "G") (net_pdiff_d_ntub "S" "D")...

Executing: saveRecognition(PMOSI_device_hv "device")

Executing: attachParameter(isoType "isoType" PMOSI_device_hv)

Executing: attachParameter(isoVoltage "isoVoltage" PMOSI_device_hv)

Executing: w = measureParameter(length (PMOSI_device_hv butting net_pdiff_d_ntub) 5e-07)

Executing: l = measureParameter(length (PMOSI_device_hv outside net_pdiff_d_ntub) 5e-07)

Executing: w_bends90 = measureParameter(bends_full (PMOSI_device_hv butting net_pdiff_d_...

Executing: w_bends45 = measureParameter(bends_part (PMOSI_device_hv butting net_pdiff_d_...

Executing: l_bends90 = measureParameter(bends_full (PMOSI_device_hv outside net_pdiff_d_...

Executing: l_bends45 = measureParameter(bends_part (PMOSI_device_hv outside net_pdiff_d_...

Executing: weff = calculateParameter(if((w > (l * (1 + (w_bends90 * 0.5) + (w_bends45 * ...

Executing: leff = calculateParameter(if((l > (w * (1 + (l_bends90 * 0.5) + (l_bends45 * ...

Executing: nameParameter(leff "l")

Executing: nameParameter(weff "w")

Executing: nameParameter(weff "wtot")

Executing: saveProperty(PMOSI_device_hv "extracted" "1")

Executing: extractMOS("PMOSI" PMOSI_device_not_hv (net_poly1 "G") (net_pdiff_d_ntub "S" ...
         5 'PMOSI' created in cell 'XOR2X1_DCV_HV layout CORELIBD_DCV_HV'.
         5 'PMOSI' created in cell 'XNOR2X2_DCV_HV layout CORELIBD_DCV_HV'.
         2 'PMOSI' created in cell 'NOR2X4_DCV_HV layout CORELIBD_DCV_HV'.
         1 'PMOSI' created in cell 'INVX4_DCV_HV layout CORELIBD_DCV_HV'.
         4 'PMOSI' created in cell 'INVX16_DCV_HV layout CORELIBD_DCV_HV'.
         7 'PMOSI' created in cell 'HAX3_DCV_HV layout CORELIBD_DCV_HV'.
         1 'PMOSI' created in cell 'FILLCAPX8_DCV_HV layout CORELIBD_DCV_HV'.
         1 'PMOSI' created in cell 'FILLCAPX4_DCV_HV layout CORELIBD_DCV_HV'.
         1 'PMOSI' created in cell 'FILLCAPX16_DCV_HV layout CORELIBD_DCV_HV'.
         5 'PMOSI' created in cell 'DLY1X1_DCV_HV layout CORELIBD_DCV_HV'.
        13 'PMOSI' created in cell 'DFX1_DCV_HV layout CORELIBD_DCV_HV'.
         3 'PMOSI' created in cell 'CLKBUFX8_DCV_HV layout CORELIBD_DCV_HV'.
         3 'PMOSI' created in cell 'CLKBUFX6_DCV_HV layout CORELIBD_DCV_HV'.
         2 'PMOSI' created in cell 'CLKBUFX3_DCV_HV layout CORELIBD_DCV_HV'.
         2 'PMOSI' created in cell 'CLKBUFX2_DCV_HV layout CORELIBD_DCV_HV'.
         8 'PMOSI' created in cell 'CLKBUFX24_DCV_HV layout CORELIBD_DCV_HV'.
         5 'PMOSI' created in cell 'CLKBUFX16_DCV_HV layout CORELIBD_DCV_HV'.
         4 'PMOSI' created in cell 'CLKBUFX12_DCV_HV layout CORELIBD_DCV_HV'.
         3 'PMOSI' created in cell 'BUFX8_DCV_HV layout CORELIBD_DCV_HV'.
         3 'PMOSI' created in cell 'BUFX6_DCV_HV layout CORELIBD_DCV_HV'.
         2 'PMOSI' created in cell 'BUFX4_DCV_HV layout CORELIBD_DCV_HV'.
         2 'PMOSI' created in cell 'BUFX2_DCV_HV layout CORELIBD_DCV_HV'.
         6 'PMOSI' created in cell 'BUFX16_DCV_HV layout CORELIBD_DCV_HV'.
         4 'PMOSI' created in cell 'BUFX12_DCV_HV layout CORELIBD_DCV_HV'.
         4 'PMOSI' created in cell 'AOI22X4_DCV_HV layout CORELIBD_DCV_HV'.
         4 'PMOSI' created in cell 'AOI22X3_DCV_HV layout CORELIBD_DCV_HV'.
        21 'PMOSI' created in cell 'ICP_HV layout IOLIB_HV_4M'.
        21 'PMOSI' created in cell 'BU2P_HV layout IOLIB_HV_4M'.

Executing: saveRecognition(PMOSI_device_not_hv "device")

Executing: w = measureParameter(length (PMOSI_device_not_hv butting net_pdiff_d_ntub) 5e...

Executing: l = measureParameter(length (PMOSI_device_not_hv outside net_pdiff_d_ntub) 5e...

Executing: w_bends90 = measureParameter(bends_full (PMOSI_device_not_hv butting net_pdif...

Executing: w_bends45 = measureParameter(bends_part (PMOSI_device_not_hv butting net_pdif...

Executing: l_bends90 = measureParameter(bends_full (PMOSI_device_not_hv outside net_pdif...

Executing: l_bends45 = measureParameter(bends_part (PMOSI_device_not_hv outside net_pdif...

Executing: weff = calculateParameter(if((w > (l * (1 + (w_bends90 * 0.5) + (w_bends45 * ...

Executing: leff = calculateParameter(if((l > (w * (1 + (l_bends90 * 0.5) + (l_bends45 * ...

Executing: nameParameter(leff "l")

Executing: nameParameter(weff "w")

Executing: nameParameter(weff "wtot")

Executing: saveProperty(PMOSI_device_not_hv "isoVoltage" 50)

Executing: saveProperty(PMOSI_device_not_hv "isoType" 1)

Executing: saveProperty(PMOSI_device_not_hv "extracted" "1")

Executing: extractDevice("RCX_DUMMY" PMOSIL_device (net_poly1 "PLUS" "MINUS") (cellView ...

Executing: extractMOS("PMOSIM" PMOSIM_device_hv (net_poly1 "G") (net_pdiff_d_ntub "S" "D...

Executing: saveRecognition(PMOSIM_device_hv "device")

Executing: attachParameter(isoType "isoType" PMOSIM_device_hv)

Executing: attachParameter(isoVoltage "isoVoltage" PMOSIM_device_hv)

Executing: w = measureParameter(length (PMOSIM_device_hv butting net_pdiff_d_ntub) 5e-07)

Executing: l = measureParameter(length (PMOSIM_device_hv outside net_pdiff_d_ntub) 5e-07)

Executing: w_bends90 = measureParameter(bends_full (PMOSIM_device_hv butting net_pdiff_d...

Executing: w_bends45 = measureParameter(bends_part (PMOSIM_device_hv butting net_pdiff_d...

Executing: l_bends90 = measureParameter(bends_full (PMOSIM_device_hv outside net_pdiff_d...

Executing: l_bends45 = measureParameter(bends_part (PMOSIM_device_hv outside net_pdiff_d...

Executing: weff = calculateParameter(if((w > (l * (1 + (w_bends90 * 0.5) + (w_bends45 * ...

Executing: leff = calculateParameter(if((l > (w * (1 + (l_bends90 * 0.5) + (l_bends45 * ...

Executing: nameParameter(leff "l")

Executing: nameParameter(weff "w")

Executing: nameParameter(weff "wtot")

Executing: saveProperty(PMOSIM_device_hv "extracted" "1")

Executing: extractMOS("PMOSIM" PMOSIM_device_not_hv (net_poly1 "G") (net_pdiff_d_ntub "S...

Executing: saveRecognition(PMOSIM_device_not_hv "device")

Executing: w = measureParameter(length (PMOSIM_device_not_hv butting net_pdiff_d_ntub) 5...

Executing: l = measureParameter(length (PMOSIM_device_not_hv outside net_pdiff_d_ntub) 5...

Executing: w_bends90 = measureParameter(bends_full (PMOSIM_device_not_hv butting net_pdi...

Executing: w_bends45 = measureParameter(bends_part (PMOSIM_device_not_hv butting net_pdi...

Executing: l_bends90 = measureParameter(bends_full (PMOSIM_device_not_hv outside net_pdi...

Executing: l_bends45 = measureParameter(bends_part (PMOSIM_device_not_hv outside net_pdi...

Executing: weff = calculateParameter(if((w > (l * (1 + (w_bends90 * 0.5) + (w_bends45 * ...

Executing: leff = calculateParameter(if((l > (w * (1 + (l_bends90 * 0.5) + (l_bends45 * ...

Executing: nameParameter(leff "l")

Executing: nameParameter(weff "w")

Executing: nameParameter(weff "wtot")

Executing: saveProperty(PMOSIM_device_not_hv "isoVoltage" 50)

Executing: saveProperty(PMOSIM_device_not_hv "isoType" 1)

Executing: saveProperty(PMOSIM_device_not_hv "extracted" "1")

Executing: extractDevice("RCX_DUMMY" PMOSIML_device (net_poly1 "PLUS" "MINUS") (cellView...

Executing: extractDevice("RCX_DUMMY" PMOSSML_device (net_poly1 "PLUS" "MINUS") (cellView...

Executing: extractDevice("RCX_DUMMY" PMOSSL_device (net_poly1 "PLUS" "MINUS") (cellView ...

Executing: extractDevice("NMOSI" poa_nmos_waffle_2x (net_poly1 "G") (net_ndiff_d_ptub "S...

Executing: saveRecognition(poa_nmos_waffle_2x "device")

Executing: w = measureParameter(length (poa_nmos_waffle_2x butting net_ndiff_d_ptub) 5e-07)

Executing: l = measureParameter(length (poa_nmos_waffle_2x outside net_ndiff_d_ptub) 5e-07)

Executing: w_bends90 = measureParameter(bends_full (poa_nmos_waffle_2x butting net_ndiff...

Executing: w_bends45 = measureParameter(bends_part (poa_nmos_waffle_2x butting net_ndiff...

Executing: l_bends90 = measureParameter(bends_full (poa_nmos_waffle_2x outside net_ndiff...

Executing: l_bends45 = measureParameter(bends_part (poa_nmos_waffle_2x outside net_ndiff...

Executing: weff = calculateParameter(if((w > (l * (1 + (w_bends90 * 0.5) + (w_bends45 * ...

Executing: leff = calculateParameter(if((l > (w * (1 + (l_bends90 * 0.5) + (l_bends45 * ...

Executing: nameParameter(leff "l")

Executing: nameParameter(weff "w")

Executing: nameParameter(weff "wtot")

Executing: saveProperty(poa_nmos_waffle_2x "isoVoltage" 50)

Executing: saveProperty(poa_nmos_waffle_2x "isoType" 1)

Executing: saveProperty(poa_nmos_waffle_2x "SUBTYPE" "W_2N")

Executing: saveProperty(poa_nmos_waffle_2x "extracted" "1")

Executing: saveProperty(poa_nmos_waffle_2x "model" "nmosiw_2n")

Executing: extractDevice("NMOSI" poa_nmos_waffle_3x (net_poly1 "G") (net_ndiff_d_ptub "S...

Executing: saveRecognition(poa_nmos_waffle_3x "device")

Executing: w = measureParameter(length (poa_nmos_waffle_3x butting net_ndiff_d_ptub) 5e-07)

Executing: l = measureParameter(length (poa_nmos_waffle_3x outside net_ndiff_d_ptub) 5e-07)

Executing: w_bends90 = measureParameter(bends_full (poa_nmos_waffle_3x butting net_ndiff...

Executing: w_bends45 = measureParameter(bends_part (poa_nmos_waffle_3x butting net_ndiff...

Executing: l_bends90 = measureParameter(bends_full (poa_nmos_waffle_3x outside net_ndiff...

Executing: l_bends45 = measureParameter(bends_part (poa_nmos_waffle_3x outside net_ndiff...

Executing: weff = calculateParameter(if((w > (l * (1 + (w_bends90 * 0.5) + (w_bends45 * ...

Executing: leff = calculateParameter(if((l > (w * (1 + (l_bends90 * 0.5) + (l_bends45 * ...

Executing: nameParameter(leff "l")

Executing: nameParameter(weff "w")

Executing: nameParameter(weff "wtot")

Executing: saveProperty(poa_nmos_waffle_3x "isoVoltage" 50)

Executing: saveProperty(poa_nmos_waffle_3x "isoType" 1)

Executing: saveProperty(poa_nmos_waffle_3x "SUBTYPE" "W_3N")

Executing: saveProperty(poa_nmos_waffle_3x "extracted" "1")

Executing: saveProperty(poa_nmos_waffle_3x "model" "nmosiw_3n")

Executing: extractDevice("NMOSI" poa_nmos_waffle_4x (net_poly1 "G") (net_ndiff_d_ptub "S...

Executing: saveRecognition(poa_nmos_waffle_4x "device")

Executing: w = measureParameter(length (poa_nmos_waffle_4x butting net_ndiff_d_ptub) 5e-07)

Executing: l = measureParameter(length (poa_nmos_waffle_4x outside net_ndiff_d_ptub) 5e-07)

Executing: w_bends90 = measureParameter(bends_full (poa_nmos_waffle_4x butting net_ndiff...

Executing: w_bends45 = measureParameter(bends_part (poa_nmos_waffle_4x butting net_ndiff...

Executing: l_bends90 = measureParameter(bends_full (poa_nmos_waffle_4x outside net_ndiff...

Executing: l_bends45 = measureParameter(bends_part (poa_nmos_waffle_4x outside net_ndiff...

Executing: weff = calculateParameter(if((w > (l * (1 + (w_bends90 * 0.5) + (w_bends45 * ...

Executing: leff = calculateParameter(if((l > (w * (1 + (l_bends90 * 0.5) + (l_bends45 * ...

Executing: nameParameter(leff "l")

Executing: nameParameter(weff "w")

Executing: nameParameter(weff "wtot")

Executing: saveProperty(poa_nmos_waffle_4x "isoVoltage" 50)

Executing: saveProperty(poa_nmos_waffle_4x "isoType" 1)

Executing: saveProperty(poa_nmos_waffle_4x "SUBTYPE" "W_4N")

Executing: saveProperty(poa_nmos_waffle_4x "extracted" "1")

Executing: saveProperty(poa_nmos_waffle_4x "model" "nmosiw_4n")

Executing: extractDevice("NMOSIM" poa_nmos_midox_waffle_2x (net_poly1 "G") (net_ndiff_d_...

Executing: saveRecognition(poa_nmos_midox_waffle_2x "device")

Executing: w = measureParameter(length (poa_nmos_midox_waffle_2x butting net_ndiff_d_ptu...

Executing: l = measureParameter(length (poa_nmos_midox_waffle_2x outside net_ndiff_d_ptu...

Executing: w_bends90 = measureParameter(bends_full (poa_nmos_midox_waffle_2x butting net...

Executing: w_bends45 = measureParameter(bends_part (poa_nmos_midox_waffle_2x butting net...

Executing: l_bends90 = measureParameter(bends_full (poa_nmos_midox_waffle_2x outside net...

Executing: l_bends45 = measureParameter(bends_part (poa_nmos_midox_waffle_2x outside net...

Executing: weff = calculateParameter(if((w > (l * (1 + (w_bends90 * 0.5) + (w_bends45 * ...

Executing: leff = calculateParameter(if((l > (w * (1 + (l_bends90 * 0.5) + (l_bends45 * ...

Executing: nameParameter(leff "l")

Executing: nameParameter(weff "w")

Executing: nameParameter(weff "wtot")

Executing: saveProperty(poa_nmos_midox_waffle_2x "isoVoltage" 50)

Executing: saveProperty(poa_nmos_midox_waffle_2x "isoType" 1)

Executing: saveProperty(poa_nmos_midox_waffle_2x "SUBTYPE" "W_2N")

Executing: saveProperty(poa_nmos_midox_waffle_2x "extracted" "1")

Executing: saveProperty(poa_nmos_midox_waffle_2x "model" "nmosimw_2n")

Executing: extractDevice("NMOSIM" poa_nmos_midox_waffle_3x (net_poly1 "G") (net_ndiff_d_...

Executing: saveRecognition(poa_nmos_midox_waffle_3x "device")

Executing: w = measureParameter(length (poa_nmos_midox_waffle_3x butting net_ndiff_d_ptu...

Executing: l = measureParameter(length (poa_nmos_midox_waffle_3x outside net_ndiff_d_ptu...

Executing: w_bends90 = measureParameter(bends_full (poa_nmos_midox_waffle_3x butting net...

Executing: w_bends45 = measureParameter(bends_part (poa_nmos_midox_waffle_3x butting net...

Executing: l_bends90 = measureParameter(bends_full (poa_nmos_midox_waffle_3x outside net...

Executing: l_bends45 = measureParameter(bends_part (poa_nmos_midox_waffle_3x outside net...

Executing: weff = calculateParameter(if((w > (l * (1 + (w_bends90 * 0.5) + (w_bends45 * ...

Executing: leff = calculateParameter(if((l > (w * (1 + (l_bends90 * 0.5) + (l_bends45 * ...

Executing: nameParameter(leff "l")

Executing: nameParameter(weff "w")

Executing: nameParameter(weff "wtot")

Executing: saveProperty(poa_nmos_midox_waffle_3x "isoVoltage" 50)

Executing: saveProperty(poa_nmos_midox_waffle_3x "isoType" 1)

Executing: saveProperty(poa_nmos_midox_waffle_3x "SUBTYPE" "W_3N")

Executing: saveProperty(poa_nmos_midox_waffle_3x "extracted" "1")

Executing: saveProperty(poa_nmos_midox_waffle_3x "model" "nmosimw_3n")

Executing: extractDevice("NMOSIM" poa_nmos_midox_waffle_4x (net_poly1 "G") (net_ndiff_d_...

Executing: saveRecognition(poa_nmos_midox_waffle_4x "device")

Executing: w = measureParameter(length (poa_nmos_midox_waffle_4x butting net_ndiff_d_ptu...

Executing: l = measureParameter(length (poa_nmos_midox_waffle_4x outside net_ndiff_d_ptu...

Executing: w_bends90 = measureParameter(bends_full (poa_nmos_midox_waffle_4x butting net...

Executing: w_bends45 = measureParameter(bends_part (poa_nmos_midox_waffle_4x butting net...

Executing: l_bends90 = measureParameter(bends_full (poa_nmos_midox_waffle_4x outside net...

Executing: l_bends45 = measureParameter(bends_part (poa_nmos_midox_waffle_4x outside net...

Executing: weff = calculateParameter(if((w > (l * (1 + (w_bends90 * 0.5) + (w_bends45 * ...

Executing: leff = calculateParameter(if((l > (w * (1 + (l_bends90 * 0.5) + (l_bends45 * ...

Executing: nameParameter(leff "l")

Executing: nameParameter(weff "w")

Executing: nameParameter(weff "wtot")

Executing: saveProperty(poa_nmos_midox_waffle_4x "isoVoltage" 50)

Executing: saveProperty(poa_nmos_midox_waffle_4x "isoType" 1)

Executing: saveProperty(poa_nmos_midox_waffle_4x "SUBTYPE" "W_4N")

Executing: saveProperty(poa_nmos_midox_waffle_4x "extracted" "1")

Executing: saveProperty(poa_nmos_midox_waffle_4x "model" "nmosimw_4n")

Executing: extractDevice("PMOSI" poa_pmos_waffle_2x (net_poly1 "G") (net_pdiff_d_ntub "S...

Executing: saveRecognition(poa_pmos_waffle_2x "device")

Executing: w = measureParameter(length (poa_pmos_waffle_2x butting net_pdiff_d_ntub) 5e-07)

Executing: l = measureParameter(length (poa_pmos_waffle_2x outside net_pdiff_d_ntub) 5e-07)

Executing: w_bends90 = measureParameter(bends_full (poa_pmos_waffle_2x butting net_pdiff...

Executing: w_bends45 = measureParameter(bends_part (poa_pmos_waffle_2x butting net_pdiff...

Executing: l_bends90 = measureParameter(bends_full (poa_pmos_waffle_2x outside net_pdiff...

Executing: l_bends45 = measureParameter(bends_part (poa_pmos_waffle_2x outside net_pdiff...

Executing: weff = calculateParameter(if((w > (l * (1 + (w_bends90 * 0.5) + (w_bends45 * ...

Executing: leff = calculateParameter(if((l > (w * (1 + (l_bends90 * 0.5) + (l_bends45 * ...

Executing: nameParameter(leff "l")

Executing: nameParameter(weff "w")

Executing: nameParameter(weff "wtot")

Executing: saveProperty(poa_pmos_waffle_2x "isoVoltage" 50)

Executing: saveProperty(poa_pmos_waffle_2x "isoType" 1)

Executing: saveProperty(poa_pmos_waffle_2x "SUBTYPE" "W_2N")

Executing: saveProperty(poa_pmos_waffle_2x "extracted" "1")

Executing: saveProperty(poa_pmos_waffle_2x "model" "pmosiw_2n")

Executing: extractDevice("PMOSI" poa_pmos_waffle_3x (net_poly1 "G") (net_pdiff_d_ntub "S...

Executing: saveRecognition(poa_pmos_waffle_3x "device")

Executing: w = measureParameter(length (poa_pmos_waffle_3x butting net_pdiff_d_ntub) 5e-07)

Executing: l = measureParameter(length (poa_pmos_waffle_3x outside net_pdiff_d_ntub) 5e-07)

Executing: w_bends90 = measureParameter(bends_full (poa_pmos_waffle_3x butting net_pdiff...

Executing: w_bends45 = measureParameter(bends_part (poa_pmos_waffle_3x butting net_pdiff...

Executing: l_bends90 = measureParameter(bends_full (poa_pmos_waffle_3x outside net_pdiff...

Executing: l_bends45 = measureParameter(bends_part (poa_pmos_waffle_3x outside net_pdiff...

Executing: weff = calculateParameter(if((w > (l * (1 + (w_bends90 * 0.5) + (w_bends45 * ...

Executing: leff = calculateParameter(if((l > (w * (1 + (l_bends90 * 0.5) + (l_bends45 * ...

Executing: nameParameter(leff "l")

Executing: nameParameter(weff "w")

Executing: nameParameter(weff "wtot")

Executing: saveProperty(poa_pmos_waffle_3x "isoVoltage" 50)

Executing: saveProperty(poa_pmos_waffle_3x "isoType" 1)

Executing: saveProperty(poa_pmos_waffle_3x "SUBTYPE" "W_3N")

Executing: saveProperty(poa_pmos_waffle_3x "extracted" "1")

Executing: saveProperty(poa_pmos_waffle_3x "model" "pmosiw_3n")

Executing: extractDevice("PMOSI" poa_pmos_waffle_4x (net_poly1 "G") (net_pdiff_d_ntub "S...

Executing: saveRecognition(poa_pmos_waffle_4x "device")

Executing: w = measureParameter(length (poa_pmos_waffle_4x butting net_pdiff_d_ntub) 5e-07)

Executing: l = measureParameter(length (poa_pmos_waffle_4x outside net_pdiff_d_ntub) 5e-07)

Executing: w_bends90 = measureParameter(bends_full (poa_pmos_waffle_4x butting net_pdiff...

Executing: w_bends45 = measureParameter(bends_part (poa_pmos_waffle_4x butting net_pdiff...

Executing: l_bends90 = measureParameter(bends_full (poa_pmos_waffle_4x outside net_pdiff...

Executing: l_bends45 = measureParameter(bends_part (poa_pmos_waffle_4x outside net_pdiff...

Executing: weff = calculateParameter(if((w > (l * (1 + (w_bends90 * 0.5) + (w_bends45 * ...

Executing: leff = calculateParameter(if((l > (w * (1 + (l_bends90 * 0.5) + (l_bends45 * ...

Executing: nameParameter(leff "l")

Executing: nameParameter(weff "w")

Executing: nameParameter(weff "wtot")

Executing: saveProperty(poa_pmos_waffle_4x "isoVoltage" 50)

Executing: saveProperty(poa_pmos_waffle_4x "isoType" 1)

Executing: saveProperty(poa_pmos_waffle_4x "SUBTYPE" "W_4N")

Executing: saveProperty(poa_pmos_waffle_4x "extracted" "1")

Executing: saveProperty(poa_pmos_waffle_4x "model" "pmosiw_4n")

Executing: extractDevice("PMOSIM" poa_pmos_midox_waffle_2x (net_poly1 "G") (net_pdiff_d_...

Executing: saveRecognition(poa_pmos_midox_waffle_2x "device")

Executing: w = measureParameter(length (poa_pmos_midox_waffle_2x butting net_pdiff_d_ntu...

Executing: l = measureParameter(length (poa_pmos_midox_waffle_2x outside net_pdiff_d_ntu...

Executing: w_bends90 = measureParameter(bends_full (poa_pmos_midox_waffle_2x butting net...

Executing: w_bends45 = measureParameter(bends_part (poa_pmos_midox_waffle_2x butting net...

Executing: l_bends90 = measureParameter(bends_full (poa_pmos_midox_waffle_2x outside net...

Executing: l_bends45 = measureParameter(bends_part (poa_pmos_midox_waffle_2x outside net...

Executing: weff = calculateParameter(if((w > (l * (1 + (w_bends90 * 0.5) + (w_bends45 * ...

Executing: leff = calculateParameter(if((l > (w * (1 + (l_bends90 * 0.5) + (l_bends45 * ...

Executing: nameParameter(leff "l")

Executing: nameParameter(weff "w")

Executing: nameParameter(weff "wtot")

Executing: saveProperty(poa_pmos_midox_waffle_2x "isoVoltage" 50)

Executing: saveProperty(poa_pmos_midox_waffle_2x "isoType" 1)

Executing: saveProperty(poa_pmos_midox_waffle_2x "SUBTYPE" "W_2N")

Executing: saveProperty(poa_pmos_midox_waffle_2x "extracted" "1")

Executing: saveProperty(poa_pmos_midox_waffle_2x "model" "pmosimw_2n")

Executing: extractDevice("PMOSIM" poa_pmos_midox_waffle_3x (net_poly1 "G") (net_pdiff_d_...

Executing: saveRecognition(poa_pmos_midox_waffle_3x "device")

Executing: w = measureParameter(length (poa_pmos_midox_waffle_3x butting net_pdiff_d_ntu...

Executing: l = measureParameter(length (poa_pmos_midox_waffle_3x outside net_pdiff_d_ntu...

Executing: w_bends90 = measureParameter(bends_full (poa_pmos_midox_waffle_3x butting net...

Executing: w_bends45 = measureParameter(bends_part (poa_pmos_midox_waffle_3x butting net...

Executing: l_bends90 = measureParameter(bends_full (poa_pmos_midox_waffle_3x outside net...

Executing: l_bends45 = measureParameter(bends_part (poa_pmos_midox_waffle_3x outside net...

Executing: weff = calculateParameter(if((w > (l * (1 + (w_bends90 * 0.5) + (w_bends45 * ...

Executing: leff = calculateParameter(if((l > (w * (1 + (l_bends90 * 0.5) + (l_bends45 * ...

Executing: nameParameter(leff "l")

Executing: nameParameter(weff "w")

Executing: nameParameter(weff "wtot")

Executing: saveProperty(poa_pmos_midox_waffle_3x "isoVoltage" 50)

Executing: saveProperty(poa_pmos_midox_waffle_3x "isoType" 1)

Executing: saveProperty(poa_pmos_midox_waffle_3x "SUBTYPE" "W_3N")

Executing: saveProperty(poa_pmos_midox_waffle_3x "extracted" "1")

Executing: saveProperty(poa_pmos_midox_waffle_3x "model" "pmosimw_3n")

Executing: extractDevice("PMOSIM" poa_pmos_midox_waffle_4x (net_poly1 "G") (net_pdiff_d_...

Executing: saveRecognition(poa_pmos_midox_waffle_4x "device")

Executing: w = measureParameter(length (poa_pmos_midox_waffle_4x butting net_pdiff_d_ntu...

Executing: l = measureParameter(length (poa_pmos_midox_waffle_4x outside net_pdiff_d_ntu...

Executing: w_bends90 = measureParameter(bends_full (poa_pmos_midox_waffle_4x butting net...

Executing: w_bends45 = measureParameter(bends_part (poa_pmos_midox_waffle_4x butting net...

Executing: l_bends90 = measureParameter(bends_full (poa_pmos_midox_waffle_4x outside net...

Executing: l_bends45 = measureParameter(bends_part (poa_pmos_midox_waffle_4x outside net...

Executing: weff = calculateParameter(if((w > (l * (1 + (w_bends90 * 0.5) + (w_bends45 * ...

Executing: leff = calculateParameter(if((l > (w * (1 + (l_bends90 * 0.5) + (l_bends45 * ...

Executing: nameParameter(leff "l")

Executing: nameParameter(weff "w")

Executing: nameParameter(weff "wtot")

Executing: saveProperty(poa_pmos_midox_waffle_4x "isoVoltage" 50)

Executing: saveProperty(poa_pmos_midox_waffle_4x "isoType" 1)

Executing: saveProperty(poa_pmos_midox_waffle_4x "SUBTYPE" "W_4N")

Executing: saveProperty(poa_pmos_midox_waffle_4x "extracted" "1")

Executing: saveProperty(poa_pmos_midox_waffle_4x "model" "pmosimw_4n")

Executing: nmosh_dummy = geomAnd(NMOSH_device net_nwell)

Executing: extractDevice("NMOSH" NMOSH_device (net_poly1 "G") (net_ndiff_d_sub "S") (net...

Executing: saveRecognition(NMOSH_device "device")

Executing: attachParameter(l1 "l" NMOSH_device)

Executing: attachParameter(w1 "w" NMOSH_device)

Executing: nmosmh_dummy = geomAnd(NMOSMH_device net_nwell)

Executing: extractDevice("NMOSMH" NMOSMH_device (net_poly1 "G") (net_ndiff_d_sub "S") (n...

Executing: saveRecognition(NMOSMH_device "device")

Executing: attachParameter(l1 "l" NMOSMH_device)

Executing: attachParameter(w1 "w" NMOSMH_device)

Executing: extractRES("RPWELLR" RPWELLR_device (net_pwell "PLUS" "MINUS") (net_nwell "B"...

Executing: saveRecognition(RPWELLR_device "device")

Executing: w = measureParameter(length (RPWELLR_device butting pwres_r_trm) 5e-07)

Executing: bends90 = measureParameter(bends_full (RPWELLR_device over net_psub outside p...

Executing: bends45 = measureParameter(bends_part (RPWELLR_device over net_psub))

Executing: l = measureParameter(length (RPWELLR_device outside pwres_r_trm) 5e-07)

Executing: leff = calculateParameter((l - (w * ((bends90 * 0.5) + (bends45 * 0.084)))))

Executing: r = calculateParameter(((leff / (w - (-0.5 * 1e-06))) * 1700))

Executing: nameParameter(leff "l")

Executing: nameParameter(w "w")

Executing: nameParameter(r "r")

Executing: saveProperty(RPWELLR_device "isoVoltage" 50)

Executing: saveProperty(RPWELLR_device "isoType" 1)

Executing: extractRES("RNWELL" RNWELL_device (net_nwell "PLUS" "MINUS") (net_psub "B") (...

Executing: saveRecognition(RNWELL_device "device")

Executing: w = measureParameter(length (RNWELL_device butting nwres_trm) 5e-07)

Executing: bends90 = measureParameter(bends_full (RNWELL_device over net_psub outside nw...

Executing: bends45 = measureParameter(bends_part (RNWELL_device over net_psub))

Executing: l = measureParameter(length (RNWELL_device outside nwres_trm) 5e-07)

Executing: leff = calculateParameter((l - (w * ((bends90 * 0.5) + (bends45 * 0.084)))))

Executing: r = calculateParameter(((leff / (w - (1.15 * 1e-06))) * 1000))

Executing: nameParameter(leff "l")

Executing: nameParameter(w "w")

Executing: nameParameter(r "r")

Executing: extractRES("RNWELLS" RNWELLS_device (net_nwell "PLUS" "MINUS") (net_psub "B")...

Executing: saveRecognition(RNWELLS_device "device")

Executing: w = measureParameter(length (RNWELLS_device butting nwres_s_trm) 5e-07)

Executing: bends90 = measureParameter(bends_full (RNWELLS_device over net_psub outside n...

Executing: bends45 = measureParameter(bends_part (RNWELLS_device over net_psub))

Executing: l = measureParameter(length (RNWELLS_device outside nwres_s_trm) 5e-07)

Executing: leff = calculateParameter((l - (w * ((bends90 * 0.5) + (bends45 * 0.084)))))

Executing: r = calculateParameter(((leff / (w - (-0.3 * 1e-06))) * 1330))

Executing: nameParameter(leff "l")

Executing: nameParameter(w "w")

Executing: nameParameter(r "r")

Executing: extractRES("RDIFFP3" RDIFFP_device (net_pdiff_d_ntub "PLUS" "MINUS") (net_nwe...

Executing: saveRecognition(RDIFFP_device "device")

Executing: w = measureParameter(length (RDIFFP_device butting pdres_trm) 5e-07)

Executing: bends90 = measureParameter(bends_full (RDIFFP_device over net_psub outside pd...

Executing: bends45 = measureParameter(bends_part (RDIFFP_device over net_psub))

Executing: l = measureParameter(length (RDIFFP_device outside pdres_trm) 5e-07)

Executing: leff = calculateParameter((l - (w * ((bends90 * 0.5) + (bends45 * 0.084)))))

Executing: r = calculateParameter(((leff / (w - (-0.1 * 1e-06))) * 140))

Executing: nameParameter(leff "l")

Executing: nameParameter(w "w")

Executing: nameParameter(r "r")

Executing: rdiffps_isovolt_definition_volt5_area = geomAnd(isovolt_definition_volt5 RDIF...

Executing: rdiffps_isovolt_definition_volt20_area = geomAnd(isovolt_definition_volt20 RD...

Executing: rdiffps_isovolt_definition_volt50_area = geomAnd(isovolt_definition_volt50 RD...

Executing: rdiffps_isovolt_definition_volt120_area = geomAnd(isovolt_definition_volt120 ...

Executing: rdiffps_isovolt_definition_volt50_area_default = geomAndNot(RDIFFPS_device HV...

Executing: rdiffps_isotype_definition_type1_area = geomAnd(isotype_definition_type1 RDIF...

Executing: rdiffps_isotype_definition_type2_area = geomAnd(isotype_definition_type2 RDIF...

Executing: rdiffps_isotype_definition_type1_area_default = geomAndNot(RDIFFPS_device HVD...

Executing: isovolt_isotype_definition_all = geomCat(isovolt_definition_volt5 isovolt_def...

Executing: RDIFFPS_device_hv = geomInside(RDIFFPS_device isovolt_isotype_definition_all)

Executing: RDIFFPS_device_not_hv = geomAndNot(RDIFFPS_device RDIFFPS_device_hv)

Executing: rdiffps_bad_isovolt = geomGetEdge(isovolt_definition_volt_all inside RDIFFPS_...
	   errorLayer(rdiffps_bad_isovolt "HVDEF_IsoVoltage : rdiffps device must be inside iso volt definition layer")

Executing: rdiffps_bad_isotype = geomGetEdge(isotype_definition_type_all inside RDIFFPS_...
	   errorLayer(rdiffps_bad_isotype "HVDEF_IsoType : rdiffps device must be inside iso type definition layer")

Executing: extractRES("RDIFFPS" RDIFFPS_device_hv (net_pdiff_d_ntub "PLUS" "MINUS") (net...

Executing: saveRecognition(RDIFFPS_device_hv "device")

Executing: attachParameter(isoType "isoType" RDIFFPS_device_hv)

Executing: attachParameter(isoVoltage "isoVoltage" RDIFFPS_device_hv)

Executing: w = measureParameter(length (RDIFFPS_device_hv butting pdres_s_trm) 5e-07)

Executing: bends90 = measureParameter(bends_full (RDIFFPS_device_hv over net_psub outsid...

Executing: bends45 = measureParameter(bends_part (RDIFFPS_device_hv over net_psub))

Executing: l = measureParameter(length (RDIFFPS_device_hv outside pdres_s_trm) 5e-07)

Executing: leff = calculateParameter((l - (w * ((bends90 * 0.5) + (bends45 * 0.084)))))

Executing: r = calculateParameter(((leff / (w - (-0.1 * 1e-06))) * 140))

Executing: nameParameter(leff "l")

Executing: nameParameter(w "w")

Executing: nameParameter(r "r")

Executing: extractRES("RDIFFPS" RDIFFPS_device_not_hv (net_pdiff_d_ntub "PLUS" "MINUS") ...
         2 'RDIFFPS' created in cell 'ICP_HV layout IOLIB_HV_4M'.
         2 'RDIFFPS' created in cell 'BU2P_HV layout IOLIB_HV_4M'.

Executing: saveRecognition(RDIFFPS_device_not_hv "device")

Executing: w = measureParameter(length (RDIFFPS_device_not_hv butting pdres_s_trm) 5e-07)

Executing: bends90 = measureParameter(bends_full (RDIFFPS_device_not_hv over net_psub ou...

Executing: bends45 = measureParameter(bends_part (RDIFFPS_device_not_hv over net_psub))

Executing: l = measureParameter(length (RDIFFPS_device_not_hv outside pdres_s_trm) 5e-07)

Executing: leff = calculateParameter((l - (w * ((bends90 * 0.5) + (bends45 * 0.084)))))

Executing: r = calculateParameter(((leff / (w - (-0.1 * 1e-06))) * 140))

Executing: nameParameter(leff "l")

Executing: nameParameter(w "w")

Executing: nameParameter(r "r")

Executing: saveProperty(RDIFFPS_device_not_hv "isoVoltage" 50)

Executing: saveProperty(RDIFFPS_device_not_hv "isoType" 1)

Executing: extractRES("RDIFFN3" RDIFFN_device (net_ndiff_d_sub "PLUS" "MINUS") (net_psub...

Executing: saveRecognition(RDIFFN_device "device")

Executing: w = measureParameter(length (RDIFFN_device butting ndres_trm) 5e-07)

Executing: bends90 = measureParameter(bends_full (RDIFFN_device over net_psub outside nd...

Executing: bends45 = measureParameter(bends_part (RDIFFN_device over net_psub))

Executing: l = measureParameter(length (RDIFFN_device outside ndres_trm) 5e-07)

Executing: leff = calculateParameter((l - (w * ((bends90 * 0.5) + (bends45 * 0.084)))))

Executing: r = calculateParameter(((leff / (w - (-0.1 * 1e-06))) * 75))

Executing: nameParameter(leff "l")

Executing: nameParameter(w "w")

Executing: nameParameter(r "r")

Executing: extractDevice("RDIFFNR" RDIFFNR_device (net_ndiff_d_ptub "PLUS" "MINUS") (net...

Executing: saveRecognition(RDIFFNR_device "device")

Executing: w = measureParameter(length (RDIFFNR_device butting ndres_r_trm) 5e-07)

Executing: bends90 = measureParameter(bends_full (RDIFFNR_device over net_pwell outside ...

Executing: bends45 = measureParameter(bends_part (RDIFFNR_device over net_pwell))

Executing: l = measureParameter(length (RDIFFNR_device outside ndres_r_trm) 5e-07)

Executing: leff = calculateParameter((l - (w * ((bends90 * 0.5) + (bends45 * 0.084)))))

Executing: r = calculateParameter(((leff / (w - (-0.1 * 1e-06))) * 75))

Executing: nameParameter(leff "l")

Executing: nameParameter(w "w")

Executing: nameParameter(r "r")

Executing: saveProperty(RDIFFNR_device "isoVoltage" 50)

Executing: saveProperty(RDIFFNR_device "isoType" 1)

Executing: RPOLY2_PTUB_device = geomAndNot(geomInside(pres net_pwell) RFDEF)

Executing: RPOLY2_PTUB_resmat = geomAnd(RPOLY2_PTUB_device RESMAT)

Executing: RPOLY2_NTUB_device = geomAndNot(geomInside(geomAndNot(pres RPOLY2_PTUB_device...

Executing: RPOLY2_NTUB_resmat = geomAnd(RPOLY2_NTUB_device RESMAT)

Executing: RPOLY2_PSUB_device = geomAndNot(geomAndNot(geomAndNot(pres RPOLY2_NTUB_device...

Executing: RPOLY2_PSUB_resmat = geomAnd(RPOLY2_PSUB_device RESMAT)

Executing: pres_ptub_trm = geomButting(pres_trm RPOLY2_PTUB_device)

Executing: pres_ntub_trm = geomButting(pres_trm RPOLY2_NTUB_device)

Executing: pres_psub_trm = geomButting(pres_trm RPOLY2_PSUB_device)

Executing: extractRES("RPOLY2" RPOLY2_PSUB_device (net_poly2 "PLUS" "MINUS") (net_psub "...

Executing: saveRecognition(RPOLY2_PSUB_device "device")

Executing: w = measureParameter(length (RPOLY2_PSUB_device butting pres_psub_trm) 5e-07)

Executing: bends90 = measureParameter(bends_full (RPOLY2_PSUB_device over net_psub outsi...

Executing: bends45 = measureParameter(bends_part (RPOLY2_PSUB_device over net_psub))

Executing: l = measureParameter(length (RPOLY2_PSUB_device outside pres_psub_trm) 5e-07)

Executing: leff = calculateParameter((l - (w * ((bends90 * 0.5) + (bends45 * 0.084)))))

Executing: r = calculateParameter(((leff / (w - (0.25 * 1e-06))) * 50))

Executing: ca = measureParameter(area (RPOLY2_PSUB_device) 1.19e-16)

Executing: cp = measureParameter(length (RPOLY2_PSUB_device outside pres_psub_trm) 5.3e-17)

Executing: c = calculateParameter((ca + cp))

Executing: nameParameter(c "cap")

Executing: nameParameter(leff "l")

Executing: nameParameter(w "w")

Executing: nameParameter(r "r")

Executing: attachParameter(resmat "RESMAT" RPOLY2_PSUB_device)

Executing: saveProperty(RPOLY2_PSUB_device "gwell" "Substrate")

Executing: extractRES("RPOLY2" RPOLY2_NTUB_device (net_poly2 "PLUS" "MINUS") (net_nwell ...
         9 'RPOLY2' created in cell 'APRIOP_HV layout IOLIB_ANA_HV_4M'.
         9 'RPOLY2' created in cell 'APRIO200P_HV layout IOLIB_ANA_HV_4M'.

Executing: saveRecognition(RPOLY2_NTUB_device "device")

Executing: w = measureParameter(length (RPOLY2_NTUB_device butting pres_ntub_trm) 5e-07)

Executing: bends90 = measureParameter(bends_full (RPOLY2_NTUB_device over net_psub outsi...

Executing: bends45 = measureParameter(bends_part (RPOLY2_NTUB_device over net_psub))

Executing: l = measureParameter(length (RPOLY2_NTUB_device outside pres_ntub_trm) 5e-07)

Executing: leff = calculateParameter((l - (w * ((bends90 * 0.5) + (bends45 * 0.084)))))

Executing: r = calculateParameter(((leff / (w - (0.25 * 1e-06))) * 50))

Executing: ca = measureParameter(area (RPOLY2_NTUB_device) 1.19e-16)

Executing: cp = measureParameter(length (RPOLY2_NTUB_device outside pres_ntub_trm) 5.3e-17)

Executing: c = calculateParameter((ca + cp))

Executing: nameParameter(c "cap")

Executing: nameParameter(leff "l")

Executing: nameParameter(w "w")

Executing: nameParameter(r "r")

Executing: attachParameter(resmat "RESMAT" RPOLY2_NTUB_device)

Executing: saveProperty(RPOLY2_NTUB_device "gwell" "N-Well")

Executing: extractRES("RPOLY2" RPOLY2_PTUB_device (net_poly2 "PLUS" "MINUS") (net_pwell ...

Executing: saveRecognition(RPOLY2_PTUB_device "device")

Executing: w = measureParameter(length (RPOLY2_PTUB_device butting pres_ptub_trm) 5e-07)

Executing: bends90 = measureParameter(bends_full (RPOLY2_PTUB_device over net_psub outsi...

Executing: bends45 = measureParameter(bends_part (RPOLY2_PTUB_device over net_psub))

Executing: l = measureParameter(length (RPOLY2_PTUB_device outside pres_ptub_trm) 5e-07)

Executing: leff = calculateParameter((l - (w * ((bends90 * 0.5) + (bends45 * 0.084)))))

Executing: r = calculateParameter(((leff / (w - (0.25 * 1e-06))) * 50))

Executing: ca = measureParameter(area (RPOLY2_PTUB_device) 1.19e-16)

Executing: cp = measureParameter(length (RPOLY2_PTUB_device outside pres_ptub_trm) 5.3e-17)

Executing: c = calculateParameter((ca + cp))

Executing: nameParameter(c "cap")

Executing: nameParameter(leff "l")

Executing: nameParameter(w "w")

Executing: nameParameter(r "r")

Executing: attachParameter(resmat "RESMAT" RPOLY2_PTUB_device)

Executing: saveProperty(RPOLY2_PTUB_device "gwell" "P-Well")

Executing: RPOLY2P_PTUB_device = geomAndNot(geomInside(presp net_pwell) RFDEF)

Executing: RPOLY2P_NTUB_device = geomAndNot(geomInside(geomAndNot(presp RPOLY2P_PTUB_dev...

Executing: RPOLY2P_PSUB_device = geomAndNot(geomAndNot(geomAndNot(presp RPOLY2P_NTUB_dev...

Executing: extractDevice("RCX_DUMMY" RPOLY2P_PSUB_device (net_poly2 "PLUS" "MINUS") (cel...

Executing: extractDevice("RCX_DUMMY" RPOLY2P_PTUB_device (net_poly2 "PLUS" "MINUS") (cel...

Executing: extractDevice("RCX_DUMMY" RPOLY2P_NTUB_device (net_poly2 "PLUS" "MINUS") (cel...

Executing: RPOLY2PH_PTUB_device = geomAndNot(geomInside(presph net_pwell) RFDEF)

Executing: RPOLY2PH_PTUB_resmat = geomAnd(RPOLY2PH_PTUB_device RESMAT)

Executing: RPOLY2PH_NTUB_device = geomAndNot(geomInside(geomAndNot(presph RPOLY2PH_PTUB_...

Executing: RPOLY2PH_NTUB_resmat = geomAnd(RPOLY2PH_NTUB_device RESMAT)

Executing: RPOLY2PH_PSUB_device = geomAndNot(geomAndNot(geomAndNot(presph RPOLY2PH_NTUB_...

Executing: RPOLY2PH_PSUB_resmat = geomAnd(RPOLY2PH_PSUB_device RESMAT)

Executing: presph_ptub_trm = geomButting(presph_trm RPOLY2PH_PTUB_device)

Executing: presph_ntub_trm = geomButting(presph_trm RPOLY2PH_NTUB_device)

Executing: presph_psub_trm = geomButting(presph_trm RPOLY2PH_PSUB_device)

Executing: extractRES("RPOLY2PH" RPOLY2PH_PSUB_device (net_poly2 "PLUS" "MINUS") (net_ps...

Executing: saveRecognition(RPOLY2PH_PSUB_device "device")

Executing: w = measureParameter(length (RPOLY2PH_PSUB_device butting presph_psub_trm) 5e...

Executing: bends90 = measureParameter(bends_full (RPOLY2PH_PSUB_device over net_psub out...

Executing: bends45 = measureParameter(bends_part (RPOLY2PH_PSUB_device over net_psub))

Executing: l = measureParameter(length (RPOLY2PH_PSUB_device outside presph_psub_trm) 5e...

Executing: leff = calculateParameter((l - (w * ((bends90 * 0.5) + (bends45 * 0.084)))))

Executing: r = calculateParameter(((leff / (w - (0.25 * 1e-06))) * 50))

Executing: ca = measureParameter(area (RPOLY2PH_PSUB_device) 1.19e-16)

Executing: cp = measureParameter(length (RPOLY2PH_PSUB_device outside presph_psub_trm) 5...

Executing: c = calculateParameter((ca + cp))

Executing: nameParameter(c "cap")

Executing: nameParameter(leff "l")

Executing: nameParameter(w "w")

Executing: nameParameter(r "r")

Executing: attachParameter(resmat "RESMAT" RPOLY2PH_PSUB_device)

Executing: saveProperty(RPOLY2PH_PSUB_device "gwell" "Substrate")

Executing: extractRES("RPOLY2PH" RPOLY2PH_PTUB_device (net_poly2 "PLUS" "MINUS") (net_pw...

Executing: saveRecognition(RPOLY2PH_PTUB_device "device")

Executing: w = measureParameter(length (RPOLY2PH_PTUB_device butting presph_ptub_trm) 5e...

Executing: bends90 = measureParameter(bends_full (RPOLY2PH_PTUB_device over net_pwell ou...

Executing: bends45 = measureParameter(bends_part (RPOLY2PH_PTUB_device over net_pwell))

Executing: l = measureParameter(length (RPOLY2PH_PTUB_device outside presph_ptub_trm) 5e...

Executing: leff = calculateParameter((l - (w * ((bends90 * 0.5) + (bends45 * 0.084)))))

Executing: r = calculateParameter(((leff / (w - (0.25 * 1e-06))) * 50))

Executing: ca = measureParameter(area (RPOLY2PH_PTUB_device) 1.19e-16)

Executing: cp = measureParameter(length (RPOLY2PH_PTUB_device outside presph_ptub_trm) 5...

Executing: c = calculateParameter((ca + cp))

Executing: nameParameter(c "cap")

Executing: nameParameter(leff "l")

Executing: nameParameter(w "w")

Executing: nameParameter(r "r")

Executing: attachParameter(resmat "RESMAT" RPOLY2PH_PTUB_device)

Executing: saveProperty(RPOLY2PH_PTUB_device "gwell" "P-Well")

Executing: extractRES("RPOLY2PH" RPOLY2PH_NTUB_device (net_poly2 "PLUS" "MINUS") (net_nw...

Executing: saveRecognition(RPOLY2PH_NTUB_device "device")

Executing: w = measureParameter(length (RPOLY2PH_NTUB_device butting presph_ntub_trm) 5e...

Executing: bends90 = measureParameter(bends_full (RPOLY2PH_NTUB_device over net_psub out...

Executing: bends45 = measureParameter(bends_part (RPOLY2PH_NTUB_device over net_psub))

Executing: l = measureParameter(length (RPOLY2PH_NTUB_device outside presph_ntub_trm) 5e...

Executing: leff = calculateParameter((l - (w * ((bends90 * 0.5) + (bends45 * 0.084)))))

Executing: r = calculateParameter(((leff / (w - (0.25 * 1e-06))) * 50))

Executing: ca = measureParameter(area (RPOLY2PH_NTUB_device) 1.19e-16)

Executing: cp = measureParameter(length (RPOLY2PH_NTUB_device outside presph_ntub_trm) 5...

Executing: c = calculateParameter((ca + cp))

Executing: nameParameter(c "cap")

Executing: nameParameter(leff "l")

Executing: nameParameter(w "w")

Executing: nameParameter(r "r")

Executing: attachParameter(resmat "RESMAT" RPOLY2PH_NTUB_device)

Executing: saveProperty(RPOLY2PH_NTUB_device "gwell" "N-Well")

Executing: RPOLYH_PTUB_device = geomInside(presh net_pwell)

Executing: RPOLYH_PTUB_resmat = geomAnd(RPOLYH_PTUB_device RESMAT)

Executing: RPOLYH_NTUB_device = geomInside(geomAndNot(presh RPOLYH_PTUB_device) net_nwell)

Executing: RPOLYH_NTUB_resmat = geomAnd(RPOLYH_NTUB_device RESMAT)

Executing: RPOLYH_PSUB_device = geomAndNot(geomAndNot(presh RPOLYH_PTUB_device) RPOLYH_N...

Executing: RPOLYH_PSUB_resmat = geomAnd(RPOLYH_PSUB_device RESMAT)

Executing: presh_ptub_trm = geomButting(presh_trm RPOLYH_PTUB_device)

Executing: presh_ntub_trm = geomButting(presh_trm RPOLYH_NTUB_device)

Executing: presh_psub_trm = geomButting(presh_trm RPOLYH_PSUB_device)

Executing: extractRES("RPOLYH" RPOLYH_PSUB_device (net_poly2 "PLUS" "MINUS") (net_psub "...

Executing: saveRecognition(RPOLYH_PSUB_device "device")

Executing: w = measureParameter(length (RPOLYH_PSUB_device butting presh_psub_trm) 5e-07)

Executing: bends90 = measureParameter(bends_full (RPOLYH_PSUB_device over net_psub outsi...

Executing: bends45 = measureParameter(bends_part (RPOLYH_PSUB_device over net_psub))

Executing: l = measureParameter(length (RPOLYH_PSUB_device outside presh_psub_trm) 5e-07)

Executing: leff = calculateParameter((l - (w * ((bends90 * 0.5) + (bends45 * 0.084)))))

Executing: r = calculateParameter(((leff / (w - (0.2 * 1e-06))) * 1200))

Executing: ca = measureParameter(area (RPOLYH_PSUB_device) 1.19e-16)

Executing: cp = measureParameter(length (RPOLYH_PSUB_device outside presh_psub_trm) 5.3e...

Executing: c = calculateParameter((ca + cp))

Executing: nameParameter(c "cap")

Executing: nameParameter(leff "l")

Executing: nameParameter(w "w")

Executing: nameParameter(r "r")

Executing: attachParameter(resmat "RESMAT" RPOLYH_PSUB_device)

Executing: saveProperty(RPOLYH_PSUB_device "gwell" "Substrate")

Executing: extractRES("RPOLYH" RPOLYH_NTUB_device (net_poly2 "PLUS" "MINUS") (net_nwell ...

Executing: saveRecognition(RPOLYH_NTUB_device "device")

Executing: w = measureParameter(length (RPOLYH_NTUB_device butting presh_ntub_trm) 5e-07)

Executing: bends90 = measureParameter(bends_full (RPOLYH_NTUB_device over net_psub outsi...

Executing: bends45 = measureParameter(bends_part (RPOLYH_NTUB_device over net_psub))

Executing: l = measureParameter(length (RPOLYH_NTUB_device outside presh_ntub_trm) 5e-07)

Executing: leff = calculateParameter((l - (w * ((bends90 * 0.5) + (bends45 * 0.084)))))

Executing: r = calculateParameter(((leff / (w - (0.2 * 1e-06))) * 1200))

Executing: ca = measureParameter(area (RPOLYH_NTUB_device) 1.19e-16)

Executing: cp = measureParameter(length (RPOLYH_NTUB_device outside presh_ntub_trm) 5.3e...

Executing: c = calculateParameter((ca + cp))

Executing: nameParameter(c "cap")

Executing: nameParameter(leff "l")

Executing: nameParameter(w "w")

Executing: nameParameter(r "r")

Executing: attachParameter(resmat "RESMAT" RPOLYH_NTUB_device)

Executing: saveProperty(RPOLYH_NTUB_device "gwell" "N-Well")

Executing: extractRES("RPOLYH" RPOLYH_PTUB_device (net_poly2 "PLUS" "MINUS") (net_pwell ...

Executing: saveRecognition(RPOLYH_PTUB_device "device")

Executing: w = measureParameter(length (RPOLYH_PTUB_device butting presh_ptub_trm) 5e-07)

Executing: bends90 = measureParameter(bends_full (RPOLYH_PTUB_device over net_psub outsi...

Executing: bends45 = measureParameter(bends_part (RPOLYH_PTUB_device over net_psub))

Executing: l = measureParameter(length (RPOLYH_PTUB_device outside presh_ptub_trm) 5e-07)

Executing: leff = calculateParameter((l - (w * ((bends90 * 0.5) + (bends45 * 0.084)))))

Executing: r = calculateParameter(((leff / (w - (0.2 * 1e-06))) * 1200))

Executing: ca = measureParameter(area (RPOLYH_PTUB_device) 1.19e-16)

Executing: cp = measureParameter(length (RPOLYH_PTUB_device outside presh_ptub_trm) 5.3e...

Executing: c = calculateParameter((ca + cp))

Executing: nameParameter(c "cap")

Executing: nameParameter(leff "l")

Executing: nameParameter(w "w")

Executing: nameParameter(r "r")

Executing: attachParameter(resmat "RESMAT" RPOLYH_PTUB_device)

Executing: saveProperty(RPOLYH_PTUB_device "gwell" "P-Well")

Executing: RPOLY1_PTUB_device = geomAndNot(geomInside(pres1 net_pwell) RFDEF)

Executing: RPOLY1_NTUB_device = geomAndNot(geomInside(geomAndNot(pres1 RPOLY1_PTUB_devic...

Executing: RPOLY1_PSUB_device = geomAndNot(geomAndNot(geomAndNot(pres1 RPOLY1_NTUB_devic...

Executing: pres1_ptub_trm = geomButting(pres1_trm RPOLY1_PTUB_device)

Executing: pres1_ntub_trm = geomButting(pres1_trm RPOLY1_NTUB_device)

Executing: pres1_psub_trm = geomButting(pres1_trm RPOLY1_PSUB_device)

Executing: extractRES("RPOLY1" RPOLY1_PSUB_device (net_poly1 "PLUS" "MINUS") (net_psub "...

Executing: saveRecognition(RPOLY1_PSUB_device "device")

Executing: w = measureParameter(length (RPOLY1_PSUB_device butting pres1_psub_trm) 5e-07)

Executing: bends90 = measureParameter(bends_full (RPOLY1_PSUB_device over net_psub outsi...

Executing: bends45 = measureParameter(bends_part (RPOLY1_PSUB_device over net_psub))

Executing: l = measureParameter(length (RPOLY1_PSUB_device outside pres1_psub_trm) 5e-07)

Executing: leff = calculateParameter((l - (w * ((bends90 * 0.5) + (bends45 * 0.084)))))

Executing: r = calculateParameter(((leff / (w - (0.05 * 1e-06))) * 8))

Executing: ca = measureParameter(area (RPOLY1_PSUB_device) 1.19e-16)

Executing: cp = measureParameter(length (RPOLY1_PSUB_device outside pres1_psub_trm) 5.3e...

Executing: c = calculateParameter((ca + cp))

Executing: nameParameter(c "cap")

Executing: nameParameter(leff "l")

Executing: nameParameter(w "w")

Executing: nameParameter(r "r")

Executing: saveProperty(RPOLY1_PSUB_device "gwell" "Substrate")

Executing: extractRES("RPOLY1" RPOLY1_NTUB_device (net_poly1 "PLUS" "MINUS") (net_nwell ...
         1 'RPOLY1' created in cell 'VSUBALLP_HV layout IOLIB_HV_4M'.
         1 'RPOLY1' created in cell 'VDD3ALLP_HV layout IOLIB_HV_4M'.
         1 'RPOLY1' created in cell 'ICP_HV layout IOLIB_HV_4M'.
         1 'RPOLY1' created in cell 'GND3ALLP_HV layout IOLIB_HV_4M'.
         1 'RPOLY1' created in cell 'BU2P_HV layout IOLIB_HV_4M'.
         1 'RPOLY1' created in cell 'AVDD3ALLP_HV layout IOLIB_ANA_HV_4M'.
         1 'RPOLY1' created in cell 'AGND3ALLP_HV layout IOLIB_ANA_HV_4M'.

Executing: saveRecognition(RPOLY1_NTUB_device "device")

Executing: w = measureParameter(length (RPOLY1_NTUB_device butting pres1_ntub_trm) 5e-07)

Executing: bends90 = measureParameter(bends_full (RPOLY1_NTUB_device over net_psub outsi...

Executing: bends45 = measureParameter(bends_part (RPOLY1_NTUB_device over net_psub))

Executing: l = measureParameter(length (RPOLY1_NTUB_device outside pres1_ntub_trm) 5e-07)

Executing: leff = calculateParameter((l - (w * ((bends90 * 0.5) + (bends45 * 0.084)))))

Executing: r = calculateParameter(((leff / (w - (0.05 * 1e-06))) * 8))

Executing: ca = measureParameter(area (RPOLY1_NTUB_device) 1.19e-16)

Executing: cp = measureParameter(length (RPOLY1_NTUB_device outside pres1_ntub_trm) 5.3e...

Executing: c = calculateParameter((ca + cp))

Executing: nameParameter(c "cap")

Executing: nameParameter(leff "l")

Executing: nameParameter(w "w")

Executing: nameParameter(r "r")

Executing: saveProperty(RPOLY1_NTUB_device "gwell" "N-Well")

Executing: extractRES("RPOLY1" RPOLY1_PTUB_device (net_poly1 "PLUS" "MINUS") (net_pwell ...

Executing: saveRecognition(RPOLY1_PTUB_device "device")

Executing: w = measureParameter(length (RPOLY1_PTUB_device butting pres1_ptub_trm) 5e-07)

Executing: bends90 = measureParameter(bends_full (RPOLY1_PTUB_device over net_psub outsi...

Executing: bends45 = measureParameter(bends_part (RPOLY1_PTUB_device over net_psub))

Executing: l = measureParameter(length (RPOLY1_PTUB_device outside pres1_ptub_trm) 5e-07)

Executing: leff = calculateParameter((l - (w * ((bends90 * 0.5) + (bends45 * 0.084)))))

Executing: r = calculateParameter(((leff / (w - (0.05 * 1e-06))) * 8))

Executing: ca = measureParameter(area (RPOLY1_PTUB_device) 1.19e-16)

Executing: cp = measureParameter(length (RPOLY1_PTUB_device outside pres1_ptub_trm) 5.3e...

Executing: c = calculateParameter((ca + cp))

Executing: nameParameter(c "cap")

Executing: nameParameter(leff "l")

Executing: nameParameter(w "w")

Executing: nameParameter(r "r")

Executing: saveProperty(RPOLY1_PTUB_device "gwell" "P-Well")

Executing: extractRES("PFUSE" PFUSE_device (net_poly1 "PLUS" "MINUS") (cellView "pfuse a...

Executing: saveRecognition(PFUSE_device "device")

Executing: w = measureParameter(length (PFUSE_device butting net_poly1) 5e-07)

Executing: l = measureParameter(length (PFUSE_device outside net_poly1) 5e-07)

Executing: r = calculateParameter(((l / (w - (0.05 * 1e-06))) * 8))

Executing: nameParameter(r "r")

Executing: nameParameter(l "l")

Executing: nameParameter(w "w")

Executing: geomStamp(rmet1_trm net_met1)

Executing: extractRES("SHORT" RMET1_device (rmet1_trm "PLUS" "MINUS") (cellView "short a...

Executing: w = measureParameter(length (RMET1_device butting rmet1_trm) 5e-07)

Executing: l = measureParameter(length (RMET1_device outside rmet1_trm) 5e-07)

Executing: r = calculateParameter(((l / (w - (0.04 * 1e-06))) * 0.075))

Executing: nameParameter(r "r")

Executing: geomStamp(rmet2_trm net_met2)

Executing: extractRES("SHORT" RMET2_device (rmet2_trm "PLUS" "MINUS") (cellView "short a...

Executing: w = measureParameter(length (RMET2_device butting rmet2_trm) 5e-07)

Executing: l = measureParameter(length (RMET2_device outside rmet2_trm) 5e-07)

Executing: r = calculateParameter(((l / (w - (0.08 * 1e-06))) * 0.07))

Executing: nameParameter(r "r")

Executing: geomStamp(rmet3_trm net_met3)

Executing: extractRES("SHORT" RMET3_device (rmet3_trm "PLUS" "MINUS") (cellView "short a...
         1 'SHORT' created in cell 'GND3ALLP_HV layout IOLIB_HV_4M'.
         1 'SHORT' created in cell 'AGND3ALLP_HV layout IOLIB_ANA_HV_4M'.

Executing: w = measureParameter(length (RMET3_device butting rmet3_trm) 5e-07)

Executing: l = measureParameter(length (RMET3_device outside rmet3_trm) 5e-07)

Executing: r = calculateParameter(((l / (w - (0.08 * 1e-06))) * 0.07))

Executing: nameParameter(r "r")

Executing: geomStamp(rmet4_trm net_met4)

Executing: extractRES("SHORT" RMET4_device (rmet4_trm "PLUS" "MINUS") (cellView "short a...

Executing: w = measureParameter(length (RMET4_device butting rmet4_trm) 5e-07)

Executing: l = measureParameter(length (RMET4_device outside rmet4_trm) 5e-07)

Executing: r = calculateParameter(((l / (w - (0.3 * 1e-06))) * 0.0114))

Executing: nameParameter(r "r")

Executing: extractRES("SHORT" RVIA1_device (net_met2 "PLUS") (net_met1 "MINUS") (cellVie...
         6 'SHORT' created in cell 'VDD3ALLP_HV layout IOLIB_HV_4M'.
         5 'SHORT' created in cell 'GND3ALLP_HV layout IOLIB_HV_4M'.
         6 'SHORT' created in cell 'AVDD3ALLP_HV layout IOLIB_ANA_HV_4M'.
         5 'SHORT' created in cell 'AGND3ALLP_HV layout IOLIB_ANA_HV_4M'.

Executing: count_vias = measureParameter(figCount (RVIA1_device enclosing VIA1))

Executing: vias = calculateParameter(count_vias)

Executing: r = calculateParameter((1.5 / count_vias))

Executing: nameParameter(vias "via1_count")

Executing: nameParameter(r "r")

Executing: extractRES("SHORT" RVIA2_device (net_met3 "PLUS") (net_met2 "MINUS") (cellVie...
        22 'SHORT' created in cell 'VDD3ALLP_HV layout IOLIB_HV_4M'.
        16 'SHORT' created in cell 'GND3ALLP_HV layout IOLIB_HV_4M'.
        22 'SHORT' created in cell 'AVDD3ALLP_HV layout IOLIB_ANA_HV_4M'.
        16 'SHORT' created in cell 'AGND3ALLP_HV layout IOLIB_ANA_HV_4M'.

Executing: count_vias = measureParameter(figCount (RVIA2_device enclosing VIA2))

Executing: vias = calculateParameter(count_vias)

Executing: r = calculateParameter((1.5 / count_vias))

Executing: nameParameter(vias "via2_count")

Executing: nameParameter(r "r")

Executing: extractRES("SHORT" RVIA3_device (net_met4 "PLUS") (net_met3 "MINUS") (cellVie...

Executing: count_vias = measureParameter(figCount (RVIA3_device enclosing VIA3))

Executing: vias = calculateParameter(count_vias)

Executing: r = calculateParameter((1.2 / count_vias))

Executing: nameParameter(vias "via3_count")

Executing: nameParameter(r "r")

Executing: extractDevice("RCX_DUMMY" RVIA_PIN_NDIFF (net_ndiff "PLUS") (net_pin_ndiff "M...

Executing: extractDevice("RCX_DUMMY" RVIA_PIN_PDIFF (net_pdiff "PLUS") (net_pin_pdiff "M...

Executing: geomStamp(pnplat2_c net_pdiff_d_ntub)

Executing: geomStamp(pnplat2_e net_pdiff_d_ntub)

Executing: extractDevice("LAT2" LAT2_device (net_poly1 "G") (pnplat2_e "E") (pnplat2_c "...

Executing: saveRecognition(LAT2_device "device")

Executing: saveProperty(LAT2_device "m" "1.0")

Executing: saveProperty(LAT2_device "area" 1)

Executing: geomStamp(pnpvert10_e net_pdiff_d_ntub)

Executing: pnpvert10_c = geomCat(net_psub)

Executing: geomStamp(pnpvert10_c net_psub)

Executing: extractBJT("PNPVERT10" VERT10_device (pnpvert10_c "C") (net_ndiff_c_ntub "B")...

Executing: saveRecognition(VERT10_device "device")

Executing: saveProperty(VERT10_device "m" "1.0")

Executing: saveProperty(VERT10_device "area" 1.0)

Executing: saveProperty(VERT10_device "ea" 1.0)

Executing: extractBJT("VERTN1" VERTN1_device (net_nwell "C") (net_pdiff_c_ptub "B") (net...

Executing: saveRecognition(VERTN1_device "device")

Executing: saveProperty(VERTN1_device "m" "1.0")

Executing: saveProperty(VERTN1_device "area" 1.0)

Executing: saveProperty(VERTN1_device "ea" 1.0)

Executing: geomStamp(vertph_c net_psub)

Executing: extractBJT("VERTPH" VERTPH_device (vertph_c "C") (net_ndiff_c_ntub "B") (net_...

Executing: saveRecognition(VERTPH_device "device")

Executing: saveProperty(VERTPH_device "m" "1.0")

Executing: saveProperty(VERTPH_device "area" 1.0)

Executing: saveProperty(VERTPH_device "ea" 1.0)

Executing: pjfet_dummy = geomAnd(PJFET_device pjfet_sntubmid_ele)

Executing: extractDevice("PJFET" PJFET_device (net_pdiff_c_ptub "S") (net_nwell "G") (ne...

Executing: saveRecognition(PJFET_device "device")

Executing: attachParameter(l "l" PJFET_device)

Executing: attachParameter(w "w" PJFET_device)

Executing: attachParameter(wstripe "wstripe" PJFET_device)

Executing: attachParameter(mult "mult" PJFET_device)

Executing: CPOLY_NTUB_device = geomAndNot(geomAnd(cpoly net_nwell) RFDEF)

Executing: CPOLY_PSUB_device = geomAndNot(geomAndNot(cpoly net_nwell) RFDEF)

Executing: extractCAP("CPOLYA" CPOLY_PSUB_device (net_poly2 "PLUS") (net_poly1 "MINUS") ...

Executing: saveRecognition(CPOLY_PSUB_device "device")

Executing: a = measureParameter(area (CPOLY_PSUB_device) 1e-12)

Executing: p = measureParameter(perimeter (CPOLY_PSUB_device) 1e-06)

Executing: c = calculateParameter(((a * 8.6e-16 * 1e+12) + (p * 8.6e-17 * 1000000.0)))

Executing: nameParameter(c "c")

Executing: nameParameter(a "area")

Executing: nameParameter(p "perimeter")

Executing: nameParameter(a "a")

Executing: nameParameter(p "p")

Executing: saveProperty(CPOLY_PSUB_device "gwell" "Substrate")

Executing: extractCAP("CPOLYA" CPOLY_NTUB_device (net_poly2 "PLUS") (net_poly1 "MINUS") ...

Executing: saveRecognition(CPOLY_NTUB_device "device")

Executing: a = measureParameter(area (CPOLY_NTUB_device) 1e-12)

Executing: p = measureParameter(perimeter (CPOLY_NTUB_device) 1e-06)

Executing: c = calculateParameter(((a * 8.6e-16 * 1e+12) + (p * 8.6e-17 * 1000000.0)))

Executing: nameParameter(c "c")

Executing: nameParameter(a "area")

Executing: nameParameter(p "perimeter")

Executing: nameParameter(a "a")

Executing: nameParameter(p "p")

Executing: saveProperty(CPOLY_NTUB_device "gwell" "N-Well")

Executing: extractCAP("CWPM" CWPM_device (net_poly1 "PLUS") (net_met1 "MINUS") (cellView...

Executing: a = measureParameter(area (CWPM_device) 1e-12)

Executing: p = measureParameter(perimeter (CWPM_device) 1e-06)

Executing: c = calculateParameter(((a * 2.46e-16 * 1e+12) + (p * 1.04e-16 * 1000000.0)))

Executing: nameParameter(c "c")

Executing: nameParameter(a "area")

Executing: nameParameter(p "perimeter")

Executing: nameParameter(a "a")

Executing: nameParameter(p "p")

Executing: saveProperty(CWPM_device "isoVoltage" 50)

Executing: saveProperty(CWPM_device "isoType" 1)

Executing: extractCAP("CPM" CPM_device (net_met1 "PLUS") (net_poly1 "MINUS") (cellView "...

Executing: a = measureParameter(area (CPM_device) 1e-12)

Executing: p = measureParameter(perimeter (CPM_device) 1e-06)

Executing: c = calculateParameter(((a * 1.27e-16 * 1e+12) + (p * 7.7e-17 * 1000000.0)))

Executing: nameParameter(c "c")

Executing: nameParameter(a "area")

Executing: nameParameter(p "perimeter")

Executing: nameParameter(a "a")

Executing: nameParameter(p "p")

Executing: extractDevice("RCX_DUMMY" CMIM_device (net_met2 "PLUS" "MINUS") (cellView "pc...

Executing: extractDevice("RCX_DUMMY" CMIM20_device (net_met2 "PLUS" "MINUS") (cellView "...

Executing: PROBE_device = geomCat(PROBE)

Executing: extractDevice("probepad" PROBE_device (net_met4 "PAD") (cellView "probepad au...

Executing: saveRecognition(PROBE_device "device")

Executing: extractDevice("RCX_DUMMY" CVART_device (net_poly1 "PLUS" "MINUS") (cellView "...

Executing: extractDevice("RCX_DUMMY" CVARM_device (net_poly1 "PLUS" "MINUS") (cellView "...

Executing: extractDevice("RCX_DUMMY" CVARIM_device (net_poly1 "PLUS" "MINUS") (cellView ...

Executing: extractDIODE("ND" ND_device (net_psub "PLUS") (net_ndiff_d_sub "MINUS") (cell...

Executing: saveRecognition(ND_device "device")

Executing: area = measureParameter(area (ND_device) 1e-12)

Executing: perimeter1 = measureParameter(length (ND_device coincident DIFF) 1e-06)

Executing: perimeter = calculateParameter(((area - area) + perimeter1))

Executing: nameParameter(area "area")

Executing: nameParameter(perimeter "perimeter")

Executing: nameParameter(perimeter "pj")

Executing: p_nd_1 = geomAndNot(ndiode_1 DIODE)

Executing: p_nd_2 = geomAndNot(p_nd_1 nmosh_d)

Executing: P_ND_device_raw = geomAndNot(p_nd_2 diodes_modeled)

Executing: P_ND_device = geomCat(P_ND_device_raw)

Executing: extractDevice("RCX_DUMMY" P_ND_device (net_ndiff_d_sub "PLUS" "MINUS") (cellV...

Executing: extractDIODE("PD" PD_device (net_pdiff_d_ntub "PLUS") (net_nwell "MINUS") (ce...

Executing: saveRecognition(PD_device "device")

Executing: area = measureParameter(area (PD_device) 1e-12)

Executing: perimeter1 = measureParameter(length (PD_device coincident DIFF) 1e-06)

Executing: perimeter = calculateParameter(((area - area) + perimeter1))

Executing: nameParameter(area "area")

Executing: nameParameter(perimeter "perimeter")

Executing: nameParameter(perimeter "pj")

Executing: p_pd_1 = geomAndNot(pdiode_1 DIODE)

Executing: p_pd_2 = geomAndNot(geomOutside(p_pd_1 ZD2SM24_device) pnpvert10_e)

Executing: p_pd_3 = geomAndNot(geomAndNot(p_pd_2 pnplat2_e) pnplat2_c)

Executing: P_PD_device_raw = geomAndNot(p_pd_3 diodes_modeled)

Executing: P_PD_device = geomCat(P_PD_device_raw)

Executing: extractDevice("RCX_DUMMY" P_PD_device (net_pdiff_d_ntub "PLUS" "MINUS") (cell...

Executing: extractDIODE("NWD" NWD_device (net_psub "PLUS") (net_nwell "MINUS") (cellView...

Executing: saveRecognition(NWD_device "device")

Executing: area = measureParameter(area (NWD_device) 1e-12)

Executing: perimeter1 = measureParameter(length (NWD_device coincident NTUB) 1e-06)

Executing: perimeter = calculateParameter(((area - area) + perimeter1))

Executing: nameParameter(area "area")

Executing: nameParameter(perimeter "perimeter")

Executing: nameParameter(perimeter "pj")

Executing: p_nwd_1 = geomAndNot(geomAnd(net_nwell NTUB) DIODE)

Executing: p_nwd_2 = geomAndNot(p_nwd_1 geomOverlap(p_nwd_1 pnpvert10_e))

Executing: p_nwd_3 = geomAndNot(p_nwd_2 geomOverlap(p_nwd_1 pnplat2_e))

Executing: p_nwd_4 = geomAndNot(p_nwd_3 geomStraddle(p_nwd_2 ZD2SM24_device))

Executing: P_NWD_device_raw = geomAndNot(p_nwd_4 diodes_modeled)

Executing: P_NWD_device = geomCat(P_NWD_device_raw)

Executing: extractDevice("RCX_DUMMY" P_NWD_device (net_nwell "PLUS" "MINUS") (cellView "...

Executing: extractDevice("RCX_DUMMY" ZD2SM24_device (net_pdiff_d_ntub "PLUS" "MINUS") (c...

Executing: extractDevice("RCX_DUMMY" PHDPINB750_device (net_nwell "PLUS" "MINUS") (cellV...

Executing: geomStamp(PDI1N01S002_cath net_ndiff error)

Executing: extractDevice("PDI1N01S002" PDI1N01S002_device (PDI1N01S002_cath "MINUS") (ne...

Executing: attachParameter(w "Wunits" PDI1N01S002_device)

Executing: attachParameter(l "Lunits" PDI1N01S002_device)

Executing: saveRecognition(PDI1N01S002_device "device")

Executing: geomStamp(PDI1N13S002_cath net_ndiff error)

Executing: extractDevice("PDI1N13S002" PDI1N13S002_device (PDI1N13S002_cath "MINUS") (ne...

Executing: attachParameter(w "Wunits" PDI1N13S002_device)

Executing: attachParameter(l "Lunits" PDI1N13S002_device)

Executing: saveRecognition(PDI1N13S002_device "device")

Executing: extractDIODE("ND_SP" ND_SP_device (net_pwell "PLUS") (net_ndiff_d_ptub "MINUS...
         1 'ND_SP' created in cell 'ICP_HV layout IOLIB_HV_4M'.
         1 'ND_SP' created in cell 'BU2P_HV layout IOLIB_HV_4M'.
         1 'ND_SP' created in cell 'APRIOP_HV layout IOLIB_ANA_HV_4M'.
         1 'ND_SP' created in cell 'APRIOP_HV_VAR1 layout IOLIB_ANA_HV_4M'.
         1 'ND_SP' created in cell 'APRIO200P_HV layout IOLIB_ANA_HV_4M'.

Executing: saveRecognition(ND_SP_device "device")

Executing: area = measureParameter(area (ND_SP_device) 1e-12)

Executing: perimeter1 = measureParameter(length (ND_SP_device coincident DIFF) 1e-06)

Executing: perimeter = calculateParameter(((area - area) + perimeter1))

Executing: nameParameter(area "area")

Executing: nameParameter(perimeter "perimeter")

Executing: nameParameter(perimeter "pj")

Executing: p_nd_sp_diode_1 = geomAnd(net_ndiff_d_ptub geomAndNot(SPTUB DIODE))

Executing: p_nd_sp_diode = geomAvoiding(p_nd_sp_diode_1 trans)

Executing: P_ND_SP_device_raw = geomAndNot(p_nd_sp_diode diodes_modeled)

Executing: P_ND_SP_device = geomCat(P_ND_SP_device_raw)

Executing: extractDevice("RCX_DUMMY" P_ND_SP_device (net_pwell "PLUS" "MINUS") (cellView...

Executing: extractDIODE("PD_SN" PD_SN_device (net_pdiff_d_ntub "PLUS") (net_nwell "MINUS...
        26 'PD_SN' created in cell 'PWRCUT_DIG_P_DXS_HV layout IOLIB_HV_4M'.
         1 'PD_SN' created in cell 'ICP_HV layout IOLIB_HV_4M'.
         1 'PD_SN' created in cell 'BU2P_HV layout IOLIB_HV_4M'.
        33 'PD_SN' created in cell 'APRIOP_HV layout IOLIB_ANA_HV_4M'.
        33 'PD_SN' created in cell 'APRIOP_HV_VAR1 layout IOLIB_ANA_HV_4M'.
        33 'PD_SN' created in cell 'APRIO200P_HV layout IOLIB_ANA_HV_4M'.

Executing: saveRecognition(PD_SN_device "device")

Executing: area = measureParameter(area (PD_SN_device) 1e-12)

Executing: perimeter1 = measureParameter(length (PD_SN_device coincident DIFF) 1e-06)

Executing: perimeter = calculateParameter(((area - area) + perimeter1))

Executing: nameParameter(area "area")

Executing: nameParameter(perimeter "perimeter")

Executing: nameParameter(perimeter "pj")

Executing: p_pd_sn_diode_1 = geomAnd(net_pdiff_d_ntub geomAndNot(SNTUB DIODE))

Executing: p_pd_sn_diode = geomAvoiding(p_pd_sn_diode_1 trans)

Executing: P_PD_SN_device_raw = geomAndNot(p_pd_sn_diode diodes_modeled)

Executing: P_PD_SN_device = geomCat(P_PD_SN_device_raw)

Executing: extractDevice("RCX_DUMMY" P_PD_SN_device (net_nwell "PLUS" "MINUS") (cellView...

Executing: extractDIODE("DP_DN" DP_DN_device (net_pwell "PLUS") (net_nwell "MINUS") (cel...
         1 'DP_DN' created in cell 'VSUBALLP_HV layout IOLIB_HV_4M'.
         1 'DP_DN' created in cell 'VDD3ALLP_HV layout IOLIB_HV_4M'.
         2 'DP_DN' created in cell 'ICP_HV layout IOLIB_HV_4M'.
         1 'DP_DN' created in cell 'GND3ALLP_HV layout IOLIB_HV_4M'.
         2 'DP_DN' created in cell 'BU2P_HV layout IOLIB_HV_4M'.
         1 'DP_DN' created in cell 'AVDD3ALLP_HV layout IOLIB_ANA_HV_4M'.
         2 'DP_DN' created in cell 'APRIOP_HV layout IOLIB_ANA_HV_4M'.
         2 'DP_DN' created in cell 'APRIOP_HV_VAR1 layout IOLIB_ANA_HV_4M'.
         2 'DP_DN' created in cell 'APRIO200P_HV layout IOLIB_ANA_HV_4M'.
         1 'DP_DN' created in cell 'AGND3ALLP_HV layout IOLIB_ANA_HV_4M'.

Executing: saveRecognition(DP_DN_device "device")

Executing: area = measureParameter(area (DP_DN_device) 1e-12)

Executing: perimeter1 = measureParameter(length (DP_DN_device coincident DPTUB) 1e-06)

Executing: perimeter = calculateParameter(((area - area) + perimeter1))

Executing: nameParameter(area "area")

Executing: nameParameter(perimeter "perimeter")

Executing: nameParameter(perimeter "pj")

Executing: p_dp_dn_diode = geomAndNot(geomAnd(geomAnd(net_nwell DNTUB) geomAnd(net_pwell...

Executing: P_DP_DN_device_raw = geomAndNot(p_dp_dn_diode diodes_modeled)

Executing: P_DP_DN_device = geomCat(P_DP_DN_device_raw)

Executing: extractDevice("RCX_DUMMY" P_DP_DN_device (net_pwell "PLUS" "MINUS") (cellView...

Executing: dn_ps_isovolt_definition_volt5_area = geomAnd(isovolt_definition_volt5 DN_PS_...

Executing: dn_ps_isovolt_definition_volt20_area = geomAnd(isovolt_definition_volt20 DN_P...

Executing: dn_ps_isovolt_definition_volt50_area = geomAnd(isovolt_definition_volt50 DN_P...

Executing: dn_ps_isovolt_definition_volt120_area = geomAnd(isovolt_definition_volt120 DN...

Executing: dn_ps_isovolt_definition_volt50_area_default = geomAndNot(DN_PS_device HVDEF_...

Executing: dn_ps_isotype_definition_type1_area = geomAnd(isotype_definition_type1 DN_PS_...

Executing: dn_ps_isotype_definition_type2_area = geomAnd(isotype_definition_type2 DN_PS_...

Executing: dn_ps_isotype_definition_type1_area_default = geomAndNot(DN_PS_device HVDEF_i...

Executing: isovolt_isotype_definition_all = geomCat(isovolt_definition_volt5 isovolt_def...

Executing: DN_PS_device_hv = geomInside(DN_PS_device isovolt_isotype_definition_all)

Executing: DN_PS_device_not_hv = geomAndNot(DN_PS_device DN_PS_device_hv)

Executing: dn_ps_bad_isovolt = geomGetEdge(isovolt_definition_volt_all inside DN_PS_device)
	   errorLayer(dn_ps_bad_isovolt "HVDEF_IsoVoltage : dn_ps device must be inside iso volt definition layer")

Executing: dn_ps_bad_isotype = geomGetEdge(isotype_definition_type_all inside DN_PS_device)
	   errorLayer(dn_ps_bad_isotype "HVDEF_IsoType : dn_ps device must be inside iso type definition layer")

Executing: extractDIODE("DN_PS" DN_PS_device_hv (net_psub "PLUS") (net_nwell "MINUS") (c...

Executing: saveRecognition(DN_PS_device_hv "device")

Executing: attachParameter(isoType "isoType" DN_PS_device_hv)

Executing: attachParameter(isoVoltage "isoVoltage" DN_PS_device_hv)

Executing: area = measureParameter(area (DN_PS_device_hv) 1e-12)

Executing: perimeter1 = measureParameter(length (DN_PS_device_hv coincident DNTUB) 1e-06)

Executing: perimeter = calculateParameter(((area - area) + perimeter1))

Executing: nameParameter(area "area")

Executing: nameParameter(perimeter "perimeter")

Executing: nameParameter(perimeter "pj")

Executing: extractDIODE("DN_PS" DN_PS_device_not_hv (net_psub "PLUS") (net_nwell "MINUS"...
         1 'DN_PS' created in cell 'VSUBALLP_HV layout IOLIB_HV_4M'.
         1 'DN_PS' created in cell 'VDD3ALLP_HV layout IOLIB_HV_4M'.
         6 'DN_PS' created in cell 'PWRCUT_DIG_P_DXS_HV layout IOLIB_HV_4M'.
         2 'DN_PS' created in cell 'ICP_HV layout IOLIB_HV_4M'.
         1 'DN_PS' created in cell 'GND3ALLP_HV layout IOLIB_HV_4M'.
         2 'DN_PS' created in cell 'BU2P_HV layout IOLIB_HV_4M'.
         1 'DN_PS' created in cell 'AVDD3ALLP_HV layout IOLIB_ANA_HV_4M'.
         5 'DN_PS' created in cell 'APRIOP_HV layout IOLIB_ANA_HV_4M'.
         5 'DN_PS' created in cell 'APRIOP_HV_VAR1 layout IOLIB_ANA_HV_4M'.
         5 'DN_PS' created in cell 'APRIO200P_HV layout IOLIB_ANA_HV_4M'.
         1 'DN_PS' created in cell 'AGND3ALLP_HV layout IOLIB_ANA_HV_4M'.

Executing: saveRecognition(DN_PS_device_not_hv "device")

Executing: area = measureParameter(area (DN_PS_device_not_hv) 1e-12)

Executing: perimeter1 = measureParameter(length (DN_PS_device_not_hv coincident DNTUB) 1...

Executing: perimeter = calculateParameter(((area - area) + perimeter1))

Executing: nameParameter(area "area")

Executing: nameParameter(perimeter "perimeter")

Executing: nameParameter(perimeter "pj")

Executing: saveProperty(DN_PS_device_not_hv "isoVoltage" 50)

Executing: saveProperty(DN_PS_device_not_hv "isoType" 1)

Executing: p_dn_ps_diode = geomAndNot(geomAnd(net_nwell DNTUB) DIODE)

Executing: P_DN_PS_device_raw = geomOr(PJFET_modeled geomAndNot(p_dn_ps_diode diodes_mod...

Executing: P_DN_PS_device = geomCat(P_DN_PS_device_raw)

Executing: extractDevice("RCX_DUMMY" P_DN_PS_device (net_nwell "PLUS" "MINUS") (cellView...

Executing: extractDevice("RCX_DUMMY" SN_PS_device (net_psub "PLUS" "MINUS") (cellView "p...

Executing: p_sn_ps_diode = geomAndNot(geomAnd(net_nwell geomAndNot(SNTUB DNTUB)) DIODE)

Executing: P_SN_PS_device_raw = geomAndNot(p_sn_ps_diode diodes_modeled)

Executing: P_SN_PS_device = geomCat(P_SN_PS_device_raw)

Executing: extractDevice("RCX_DUMMY" P_SN_PS_device (net_nwell "PLUS" "MINUS") (cellView...

Executing: geomStamp(esdgci3_c_ndiff_d_ptub net_ndiff_d_ptub)

Executing: geomStamp(esdgci3_e_ndiff_d_ptub net_ndiff_d_ptub)

Executing: extractDevice("ESDGCI3" ESDGCI3_device (esdgci3_c_ndiff_d_ptub "C") (esdgci3_...

Executing: saveRecognition(ESDGCI3_device "device")

Executing: attachParameter(l "l" ESDGCI3_device)

Executing: attachParameter(w "w" ESDGCI3_device)

Executing: saveProperty(ESDGCI3_device "isoVoltage" 50)

Executing: saveProperty(ESDGCI3_device "isoType" 1)

Executing: geomStamp(esdgcni5_cath_ndiff_d_ptub net_ndiff_d_ptub)

Executing: extractDevice("ESDGCNI5" ESDGCNI5_device (net_pwell "A") (esdgcni5_cath_ndiff...

Executing: saveRecognition(ESDGCNI5_device "device")

Executing: attachParameter(w "w" ESDGCNI5_device)

Executing: attachParameter(l "l" ESDGCNI5_device)

Executing: saveProperty(ESDGCNI5_device "isoVoltage" 50)

Executing: saveProperty(ESDGCNI5_device "isoType" 1)

Executing: esdgci20_sntubx = geomButtOrOver(SNTUB ESDGCI20_device)

Executing: extractDevice("ESDGCI20" ESDGCI20_device (net_pwell "A") (net_nwell "C") (net...

Executing: saveRecognition(ESDGCI20_device "device")

Executing: attachParameter(w "w" ESDGCI20_device)

Executing: attachParameter(l "l" ESDGCI20_device)

Executing: saveProperty(ESDGCI20_device "isoVoltage" 50)

Executing: saveProperty(ESDGCI20_device "isoType" 1)

Executing: esdvsd_pdiff = geomButtOrOver(net_pdiff_c_ptub ESDVSD_device)

Executing: extractDevice("ESDVSD" ESDVSD_device (net_pwell "A") (net_nwell "C") (net_psu...

Executing: saveRecognition(ESDVSD_device "device")

Executing: attachParameter(w "w" ESDVSD_device)

Executing: attachParameter(l "l" ESDVSD_device)

Executing: attachParameter(ftd "FTD" ESDVSD_device)

Executing: saveProperty(ESDVSD_device "isoVoltage" 50)

Executing: saveProperty(ESDVSD_device "isoType" 1)

Executing: esdvss_pdiff = geomButtOrOver(net_pdiff_c_ptub ESDVSS_device)

Executing: extractDevice("ESDVSS" ESDVSS_device (net_pwell "A") (net_nwell "C") (net_psu...

Executing: saveRecognition(ESDVSS_device "device")

Executing: attachParameter(w "w" ESDVSS_device)

Executing: attachParameter(l "l" ESDVSS_device)

Executing: attachParameter(ftd "FTD" ESDVSS_device)

Executing: saveProperty(ESDVSS_device "isoVoltage" 50)

Executing: saveProperty(ESDVSS_device "isoType" 1)

Executing: extractDevice("ESDFDI50" ESDFDI50_device (net_pwell "A") (net_nwell "C") (net...

Executing: saveRecognition(ESDFDI50_device "device")

Executing: attachParameter(w "w" ESDFDI50_device)

Executing: attachParameter(l "l" ESDFDI50_device)

Executing: saveProperty(ESDFDI50_device "isoVoltage" 50)

Executing: saveProperty(ESDFDI50_device "isoType" 1)

Executing: extractDevice("ESDTD20" ESDTD20_device (net_pwell "A") (net_nwell "C") (net_p...

Executing: saveRecognition(ESDTD20_device "device")

Executing: attachParameter(w "w" ESDTD20_device)

Executing: attachParameter(l "l" ESDTD20_device)

Executing: saveProperty(ESDTD20_device "isoVoltage" 50)

Executing: saveProperty(ESDTD20_device "isoType" 1)

Executing: extractDevice("ESDTD50" ESDTD50_device (net_pwell "A") (net_nwell "C") (net_p...

Executing: saveRecognition(ESDTD50_device "device")

Executing: attachParameter(w "w" ESDTD50_device)

Executing: attachParameter(l "l" ESDTD50_device)

Executing: saveProperty(ESDTD50_device "isoVoltage" 50)

Executing: saveProperty(ESDTD50_device "isoType" 1)

Executing: extractDevice("ESDTD40" ESDTD40_device (net_pwell "A") (net_nwell "C") (net_p...

Executing: saveRecognition(ESDTD40_device "device")

Executing: attachParameter(w "w" ESDTD40_device)

Executing: attachParameter(l "l" ESDTD40_device)

Executing: saveProperty(ESDTD40_device "isoVoltage" 50)

Executing: saveProperty(ESDTD40_device "isoType" 1)

Executing: extractDevice("ESDTD42" ESDTD42_device (net_pwell "A") (net_nwell "C") (net_p...

Executing: saveRecognition(ESDTD42_device "device")

Executing: attachParameter(w "w" ESDTD42_device)

Executing: attachParameter(l "l" ESDTD42_device)

Executing: saveProperty(ESDTD42_device "isoVoltage" 50)

Executing: saveProperty(ESDTD42_device "isoType" 1)

Executing: extractDevice("ESDTD45" ESDTD45_device (net_pwell "A") (net_nwell "C") (net_p...

Executing: saveRecognition(ESDTD45_device "device")

Executing: attachParameter(w "w" ESDTD45_device)

Executing: attachParameter(l "l" ESDTD45_device)

Executing: saveProperty(ESDTD45_device "isoVoltage" 50)

Executing: saveProperty(ESDTD45_device "isoType" 1)

Executing: extractDevice("ESDTD60" ESDTD60_device (net_pwell "A") (net_nwell "C") (net_p...

Executing: saveRecognition(ESDTD60_device "device")

Executing: attachParameter(w "w" ESDTD60_device)

Executing: attachParameter(l "l" ESDTD60_device)

Executing: saveProperty(ESDTD60_device "isoVoltage" 50)

Executing: saveProperty(ESDTD60_device "isoType" 1)

Executing: extractDevice("ESDPD10" ESDPD10_device (net_pwell "A") (net_nwell "C") (net_p...

Executing: saveRecognition(ESDPD10_device "device")

Executing: attachParameter(w "w" ESDPD10_device)

Executing: attachParameter(l "l" ESDPD10_device)

Executing: saveProperty(ESDPD10_device "isoVoltage" 50)

Executing: saveProperty(ESDPD10_device "isoType" 1)

Executing: extractDevice("RCX_DUMMY" ESDPD18_device (net_poly1 "PLUS" "MINUS") (cellView...

Executing: extractDevice("RCX_DUMMY" ESDPD26_device (net_poly1 "PLUS" "MINUS") (cellView...

Executing: extractDevice("RCX_DUMMY" ESDPD30_device (net_poly1 "PLUS" "MINUS") (cellView...

Executing: extractDevice("ESDGCPI5" ESDGCPI5_device (net_pdiff_d_ntub "A") (net_nwell "C...

Executing: saveRecognition(ESDGCPI5_device "device")

Executing: attachParameter(w "w" ESDGCPI5_device)

Executing: attachParameter(l "l" ESDGCPI5_device)

Executing: saveProperty(ESDGCPI5_device "isoVoltage" 50)

Executing: saveProperty(ESDGCPI5_device "isoType" 1)

Executing: extractDevice("ESDFDPI5" ESDFDPI5_device (net_pdiff_d_ntub "A") (net_nwell "C...

Executing: saveRecognition(ESDFDPI5_device "device")

Executing: attachParameter(w "w" ESDFDPI5_device)

Executing: attachParameter(l "l" ESDFDPI5_device)

Executing: saveProperty(ESDFDPI5_device "isoVoltage" 50)

Executing: saveProperty(ESDFDPI5_device "isoType" 1)

Executing: extractDevice("ESDFDNI5" ESDFDNI5_device (net_pwell "A") (net_ndiff_d_ptub "C...

Executing: saveRecognition(ESDFDNI5_device "device")

Executing: attachParameter(w "w" ESDFDNI5_device)

Executing: attachParameter(l "l" ESDFDNI5_device)

Executing: saveProperty(ESDFDNI5_device "isoVoltage" 50)

Executing: saveProperty(ESDFDNI5_device "isoType" 1)

Executing: extractDevice("ESDFDN5" ESDFDN5_device (net_psub "A") (net_ndiff_d_sub "C") (...

Executing: saveRecognition(ESDFDN5_device "device")

Executing: attachParameter(w "w" ESDFDN5_device)

Executing: attachParameter(l "l" ESDFDN5_device)

Executing: extractDevice("ESDGCN5" ESDGCN5_device (net_psub "A") (net_ndiff_d_sub "C") (...

Executing: saveRecognition(ESDGCN5_device "device")

Executing: attachParameter(w "w" ESDGCN5_device)

Executing: attachParameter(l "l" ESDGCN5_device)

Executing: extractDevice("ESDFDP5" ESDFDP5_device (net_nwell "C") (net_pdiff_d_ntub "A")...

Executing: saveRecognition(ESDFDP5_device "device")

Executing: attachParameter(w "w" ESDFDP5_device)

Executing: attachParameter(l "l" ESDFDP5_device)

Executing: extractDevice("ESDGCP5" ESDGCP5_device (net_nwell "C") (net_pdiff_d_ntub "A")...

Executing: saveRecognition(ESDGCP5_device "device")

Executing: attachParameter(w "w" ESDGCP5_device)

Executing: attachParameter(l "l" ESDGCP5_device)

Executing: geomStamp(esdpnp40_ce_pdiff_c_ptub net_pdiff_c_ptub)

Executing: extractDevice("ESDPNP40" ESDPNP40_device (esdpnp40_ce_pdiff_c_ptub "C" "E") (...

Executing: saveRecognition(ESDPNP40_device "device")

Executing: attachParameter(l "l" ESDPNP40_device)

Executing: attachParameter(w "w" ESDPNP40_device)

Executing: saveProperty(ESDPNP40_device "isoVoltage" 50)

Executing: saveProperty(ESDPNP40_device "isoType" 1)

Executing: geomStamp(esdpnp42_ce_pdiff_c_ptub net_pdiff_c_ptub)

Executing: extractDevice("ESDPNP42" ESDPNP42_device (esdpnp42_ce_pdiff_c_ptub "C" "E") (...

Executing: saveRecognition(ESDPNP42_device "device")

Executing: attachParameter(l "l" ESDPNP42_device)

Executing: attachParameter(w "w" ESDPNP42_device)

Executing: saveProperty(ESDPNP42_device "isoVoltage" 50)

Executing: saveProperty(ESDPNP42_device "isoType" 1)

Executing: geomStamp(esdnpn_pn3_gnd net_met2)

Executing: geomStamp(esdnpn_pn3_vio net_met3)

Executing: extractDevice("esdnpn_pn3" ESDNPN_PN3_device (esdnpn_pn3_vio "VIO") (esdnpn_p...

Executing: saveRecognition(ESDNPN_PN3_device "device")

Executing: attachParameter(w "Wunits" ESDNPN_PN3_device)

Executing: attachParameter(l "Lunits" ESDNPN_PN3_device)

Executing: geomStamp(esdscr14_sn_vio net_met1 error)

Executing: extractDevice("esdscr14_sn" ESDSCR14_SN_device (esdscr14_sn_vio "VIO") (net_p...

Executing: saveRecognition(ESDSCR14_SN_device "device")

Executing: attachParameter(w "w" ESDSCR14_SN_device)

Executing: geomStamp(esdscr55_sn_vio net_met1 error)

Executing: extractDevice("esdscr55_sn" ESDSCR55_SN_device (esdscr55_sn_vio "VIO") (net_p...

Executing: saveRecognition(ESDSCR55_SN_device "device")

Executing: extractDevice("NMOS50T" NMOS50T_device (net_poly1 "G") (net_ndiff_d_ptub "S")...

Executing: saveRecognition(NMOS50T_device "device")

Executing: attachParameter(l "l" NMOS50T_device)

Executing: attachParameter(w "w" NMOS50T_device)

Executing: attachParameter(w "wtot" NMOS50T_device)

Executing: attachParameter(wg "wg" NMOS50T_device)

Executing: extractDevice("NMOS50M" NMOS50M_device (net_poly1 "G") (net_ndiff_d_ptub "S")...

Executing: saveRecognition(NMOS50M_device "device")

Executing: attachParameter(l "l" NMOS50M_device)

Executing: attachParameter(w "w" NMOS50M_device)

Executing: attachParameter(w "wtot" NMOS50M_device)

Executing: attachParameter(wg "wg" NMOS50M_device)

Executing: extractDevice("NMOS50H" NMOS50H_device (net_poly1 "G") (net_ndiff_d_ptub "S")...

Executing: saveRecognition(NMOS50H_device "device")

Executing: attachParameter(l "l" NMOS50H_device)

Executing: attachParameter(w "w" NMOS50H_device)

Executing: attachParameter(w "wtot" NMOS50H_device)

Executing: attachParameter(wg "wg" NMOS50H_device)

Executing: extractDevice("NMOS50HS" NMOS50HS_device (net_poly1 "G") (net_ndiff_c_ntub "S...

Executing: saveRecognition(NMOS50HS_device "device")

Executing: attachParameter(l "l" NMOS50HS_device)

Executing: attachParameter(w "w" NMOS50HS_device)

Executing: attachParameter(w "wtot" NMOS50HS_device)

Executing: attachParameter(w "wg" NMOS50HS_device)

Executing: extractDevice("NMOSI50T" NMOSI50T_device (net_poly1 "G") (net_ndiff_d_ptub "S...

Executing: saveRecognition(NMOSI50T_device "device")

Executing: attachParameter(l "l" NMOSI50T_device)

Executing: attachParameter(w "w" NMOSI50T_device)

Executing: attachParameter(w "wtot" NMOSI50T_device)

Executing: attachParameter(wg "wg" NMOSI50T_device)

Executing: saveProperty(NMOSI50T_device "isoVoltage" 50)

Executing: saveProperty(NMOSI50T_device "isoType" 1)

Executing: extractDevice("NMOSI50M" NMOSI50M_device (net_poly1 "G") (net_ndiff_d_ptub "S...

Executing: saveRecognition(NMOSI50M_device "device")

Executing: attachParameter(l "l" NMOSI50M_device)

Executing: attachParameter(w "w" NMOSI50M_device)

Executing: attachParameter(w "wtot" NMOSI50M_device)

Executing: attachParameter(wg "wg" NMOSI50M_device)

Executing: saveProperty(NMOSI50M_device "isoVoltage" 50)

Executing: saveProperty(NMOSI50M_device "isoType" 1)

Executing: extractDevice("NMOSI50H" NMOSI50H_device (net_poly1 "G") (net_ndiff_d_ptub "S...

Executing: saveRecognition(NMOSI50H_device "device")

Executing: attachParameter(l "l" NMOSI50H_device)

Executing: attachParameter(w "w" NMOSI50H_device)

Executing: attachParameter(w "wtot" NMOSI50H_device)

Executing: attachParameter(wg "wg" NMOSI50H_device)

Executing: saveProperty(NMOSI50H_device "isoVoltage" 50)

Executing: saveProperty(NMOSI50H_device "isoType" 1)

Executing: extractDevice("NMOSI20H" NMOSI20H_device (net_poly1 "G") (net_ndiff_d_ptub "S...

Executing: saveRecognition(NMOSI20H_device "device")

Executing: attachParameter(l "l" NMOSI20H_device)

Executing: attachParameter(w "w" NMOSI20H_device)

Executing: attachParameter(w "wtot" NMOSI20H_device)

Executing: attachParameter(wg "wg" NMOSI20H_device)

Executing: saveProperty(NMOSI20H_device "isoVoltage" 50)

Executing: saveProperty(NMOSI20H_device "isoType" 1)

Executing: extractDevice("NMOSI20T" NMOSI20T_device (net_poly1 "G") (net_ndiff_d_ptub "S...

Executing: saveRecognition(NMOSI20T_device "device")

Executing: attachParameter(l "l" NMOSI20T_device)

Executing: attachParameter(w "w" NMOSI20T_device)

Executing: attachParameter(w "wtot" NMOSI20T_device)

Executing: attachParameter(wg "wg" NMOSI20T_device)

Executing: saveProperty(NMOSI20T_device "isoVoltage" 50)

Executing: saveProperty(NMOSI20T_device "isoType" 1)

Executing: extractDevice("NMOSI20M" NMOSI20M_device (net_poly1 "G") (net_ndiff_d_ptub "S...

Executing: saveRecognition(NMOSI20M_device "device")

Executing: attachParameter(l "l" NMOSI20M_device)

Executing: attachParameter(w "w" NMOSI20M_device)

Executing: attachParameter(w "wtot" NMOSI20M_device)

Executing: attachParameter(wg "wg" NMOSI20M_device)

Executing: saveProperty(NMOSI20M_device "isoVoltage" 50)

Executing: saveProperty(NMOSI20M_device "isoType" 1)

Executing: extractDevice("NMOS10MH" NMOS10MH_device (net_poly1 "G") (net_ndiff_d_ptub "S...

Executing: saveRecognition(NMOS10MH_device "device")

Executing: attachParameter(l "l" NMOS10MH_device)

Executing: attachParameter(w "w" NMOS10MH_device)

Executing: attachParameter(w "wtot" NMOS10MH_device)

Executing: attachParameter(wg "wg" NMOS10MH_device)

Executing: extractDevice("NMOSD10MH" NMOSD10MH_device (net_poly1 "G") (net_ndiff_d_ptub ...

Executing: saveRecognition(NMOSD10MH_device "device")

Executing: attachParameter(l "l" NMOSD10MH_device)

Executing: attachParameter(w "w" NMOSD10MH_device)

Executing: attachParameter(w "wtot" NMOSD10MH_device)

Executing: attachParameter(wg "wg" NMOSD10MH_device)

Executing: saveProperty(NMOSD10MH_device "m" 1)

Executing: saveProperty(NMOSD10MH_device "mult" 1)

Executing: extractDevice("NMOS20T" NMOS20T_device (net_poly1 "G") (net_ndiff_d_ptub "S")...

Executing: saveRecognition(NMOS20T_device "device")

Executing: attachParameter(l "l" NMOS20T_device)

Executing: attachParameter(w "w" NMOS20T_device)

Executing: attachParameter(w "wtot" NMOS20T_device)

Executing: attachParameter(wg "wg" NMOS20T_device)

Executing: extractDevice("NMOS20M" NMOS20M_device (net_poly1 "G") (net_ndiff_d_ptub "S")...

Executing: saveRecognition(NMOS20M_device "device")

Executing: attachParameter(l "l" NMOS20M_device)

Executing: attachParameter(w "w" NMOS20M_device)

Executing: attachParameter(w "wtot" NMOS20M_device)

Executing: attachParameter(wg "wg" NMOS20M_device)

Executing: extractDevice("NMOSD20M" NMOSD20M_device (net_poly1 "G") (net_ndiff_d_ptub "S...

Executing: saveRecognition(NMOSD20M_device "device")

Executing: attachParameter(l "l" NMOSD20M_device)

Executing: attachParameter(w "w" NMOSD20M_device)

Executing: attachParameter(w "wtot" NMOSD20M_device)

Executing: attachParameter(wg "wg" NMOSD20M_device)

Executing: saveProperty(NMOSD20M_device "m" 1)

Executing: saveProperty(NMOSD20M_device "mult" 1)

Executing: extractDevice("NMOS20H" NMOS20H_device (net_poly1 "G") (net_ndiff_d_ptub "S")...

Executing: saveRecognition(NMOS20H_device "device")

Executing: attachParameter(l "l" NMOS20H_device)

Executing: attachParameter(w "w" NMOS20H_device)

Executing: attachParameter(w "wtot" NMOS20H_device)

Executing: attachParameter(wg "wg" NMOS20H_device)

Executing: extractDevice("NMOS20HS" NMOS20HS_device (net_poly1 "G") (net_ndiff_c_ntub "S...

Executing: saveRecognition(NMOS20HS_device "device")

Executing: attachParameter(l "l" NMOS20HS_device)

Executing: attachParameter(w "w" NMOS20HS_device)

Executing: attachParameter(w "wtot" NMOS20HS_device)

Executing: attachParameter(w "wg" NMOS20HS_device)

Executing: extractDevice("NMOSDI20M" NMOSDI20M_device (net_poly1 "G") (net_ndiff_d_ptub ...

Executing: saveRecognition(NMOSDI20M_device "device")

Executing: attachParameter(l "l" NMOSDI20M_device)

Executing: attachParameter(w "w" NMOSDI20M_device)

Executing: attachParameter(w "wtot" NMOSDI20M_device)

Executing: attachParameter(wg "wg" NMOSDI20M_device)

Executing: attachParameter(parts "parts" NMOSDI20M_device)

Executing: saveProperty(NMOSDI20M_device "isoVoltage" 50)

Executing: saveProperty(NMOSDI20M_device "isoType" 1)

Executing: saveProperty(NMOSDI20M_device "m" 1)

Executing: saveProperty(NMOSDI20M_device "mult" 1)

Executing: extractDevice("NMOSDI20T" NMOSDI20T_device (net_poly1 "G") (net_ndiff_d_ptub ...

Executing: saveRecognition(NMOSDI20T_device "device")

Executing: attachParameter(l "l" NMOSDI20T_device)

Executing: attachParameter(w "w" NMOSDI20T_device)

Executing: attachParameter(w "wtot" NMOSDI20T_device)

Executing: attachParameter(wg "wg" NMOSDI20T_device)

Executing: attachParameter(parts "parts" NMOSDI20T_device)

Executing: saveProperty(NMOSDI20T_device "isoVoltage" 50)

Executing: saveProperty(NMOSDI20T_device "isoType" 1)

Executing: saveProperty(NMOSDI20T_device "m" 1)

Executing: saveProperty(NMOSDI20T_device "mult" 1)

Executing: extractDevice("NMOSDI20H" NMOSDI20H_device (net_poly1 "G") (net_ndiff_d_ptub ...

Executing: saveRecognition(NMOSDI20H_device "device")

Executing: attachParameter(l "l" NMOSDI20H_device)

Executing: attachParameter(w "w" NMOSDI20H_device)

Executing: attachParameter(w "wtot" NMOSDI20H_device)

Executing: attachParameter(wg "wg" NMOSDI20H_device)

Executing: attachParameter(parts "parts" NMOSDI20H_device)

Executing: saveProperty(NMOSDI20H_device "isoVoltage" 50)

Executing: saveProperty(NMOSDI20H_device "isoType" 1)

Executing: saveProperty(NMOSDI20H_device "m" 1)

Executing: saveProperty(NMOSDI20H_device "mult" 1)

Executing: extractDevice("NMOSDI50H" NMOSDI50H_device (net_poly1 "G") (net_ndiff_d_ptub ...

Executing: saveRecognition(NMOSDI50H_device "device")

Executing: attachParameter(l "l" NMOSDI50H_device)

Executing: attachParameter(w "w" NMOSDI50H_device)

Executing: attachParameter(w "wtot" NMOSDI50H_device)

Executing: attachParameter(wg "wg" NMOSDI50H_device)

Executing: saveProperty(NMOSDI50H_device "isoVoltage" 50)

Executing: saveProperty(NMOSDI50H_device "isoType" 1)

Executing: saveProperty(NMOSDI50H_device "m" 1)

Executing: saveProperty(NMOSDI50H_device "mult" 1)

Executing: extractDevice("NMOSDI50T" NMOSDI50T_device (net_poly1 "G") (net_ndiff_d_ptub ...

Executing: saveRecognition(NMOSDI50T_device "device")

Executing: attachParameter(l "l" NMOSDI50T_device)

Executing: attachParameter(w "w" NMOSDI50T_device)

Executing: attachParameter(w "wtot" NMOSDI50T_device)

Executing: attachParameter(wg "wg" NMOSDI50T_device)

Executing: saveProperty(NMOSDI50T_device "isoVoltage" 50)

Executing: saveProperty(NMOSDI50T_device "isoType" 1)

Executing: saveProperty(NMOSDI50T_device "m" 1)

Executing: saveProperty(NMOSDI50T_device "mult" 1)

Executing: extractDevice("NMOSI120H" NMOSI120H_device (net_poly1 "G") (net_ndiff_d_ptub ...

Executing: saveRecognition(NMOSI120H_device "device")

Executing: attachParameter(l "l" NMOSI120H_device)

Executing: attachParameter(w "w" NMOSI120H_device)

Executing: attachParameter(w "wtot" NMOSI120H_device)

Executing: attachParameter(wg "wg" NMOSI120H_device)

Executing: saveProperty(NMOSI120H_device "isoVoltage" 120)

Executing: saveProperty(NMOSI120H_device "isoType" 1)

Executing: extractDevice("NMOSI120M" NMOSI120M_device (net_poly1 "G") (net_ndiff_d_ptub ...

Executing: saveRecognition(NMOSI120M_device "device")

Executing: attachParameter(l "l" NMOSI120M_device)

Executing: attachParameter(w "w" NMOSI120M_device)

Executing: attachParameter(w "wtot" NMOSI120M_device)

Executing: attachParameter(wg "wg" NMOSI120M_device)

Executing: saveProperty(NMOSI120M_device "isoVoltage" 120)

Executing: saveProperty(NMOSI120M_device "isoType" 1)

Executing: geomStamp(nmosfi25t_drain net_ndiff_d_ptub)

Executing: extractDevice("RCX_DUMMY" NMOSFI25H_device (nmosfi25t_drain "PLUS" "MINUS") (...

Executing: geomStamp(nmosfi25ts_drain net_ndiff_d_ptub)

Executing: extractDevice("RCX_DUMMY" NMOSFI25HS_device (nmosfi25ts_drain "PLUS" "MINUS")...

Executing: extractDevice("NMOSDIVST" NMOSDIVST_device (net_poly1 "G") (net_ndiff_d_ptub ...

Executing: saveRecognition(NMOSDIVST_device "device")

Executing: attachParameter(l "l" NMOSDIVST_device)

Executing: attachParameter(w "w" NMOSDIVST_device)

Executing: attachParameter(w "wtot" NMOSDIVST_device)

Executing: attachParameter(wg "wg" NMOSDIVST_device)

Executing: attachParameter(f "F" NMOSDIVST_device)

Executing: saveProperty(NMOSDIVST_device "isoVoltage" 50)

Executing: saveProperty(NMOSDIVST_device "isoType" 1)

Executing: saveProperty(NMOSDIVST_device "m" 1)

Executing: saveProperty(NMOSDIVST_device "mult" 1)

Executing: extractDevice("NMOSIVST" NMOSIVST_device (net_poly1 "G") (net_ndiff_d_ptub "S...

Executing: saveRecognition(NMOSIVST_device "device")

Executing: attachParameter(l "l" NMOSIVST_device)

Executing: attachParameter(w "w" NMOSIVST_device)

Executing: attachParameter(w "wtot" NMOSIVST_device)

Executing: attachParameter(wg "wg" NMOSIVST_device)

Executing: attachParameter(f "F" NMOSIVST_device)

Executing: saveProperty(NMOSIVST_device "isoVoltage" 50)

Executing: saveProperty(NMOSIVST_device "isoType" 1)

Executing: saveProperty(NMOSIVST_device "m" 1)

Executing: saveProperty(NMOSIVST_device "mult" 1)

Executing: extractDevice("PMOS50T" PMOS50T_device (net_poly1 "G") (net_pdiff_d_ntub "S")...

Executing: saveRecognition(PMOS50T_device "device")

Executing: attachParameter(l "l" PMOS50T_device)

Executing: attachParameter(w "w" PMOS50T_device)

Executing: attachParameter(w "wtot" PMOS50T_device)

Executing: attachParameter(wg "wg" PMOS50T_device)

Executing: saveProperty(PMOS50T_device "isoVoltage" 50)

Executing: saveProperty(PMOS50T_device "isoType" 1)

Executing: extractDevice("PMOS50M" PMOS50M_device (net_poly1 "G") (net_pdiff_d_ntub "S")...

Executing: saveRecognition(PMOS50M_device "device")

Executing: attachParameter(l "l" PMOS50M_device)

Executing: attachParameter(w "w" PMOS50M_device)

Executing: attachParameter(w "wtot" PMOS50M_device)

Executing: attachParameter(wg "wg" PMOS50M_device)

Executing: saveProperty(PMOS50M_device "isoVoltage" 50)

Executing: saveProperty(PMOS50M_device "isoType" 1)

Executing: extractDevice("PMOS50H" PMOS50H_device (net_poly1 "G") (net_pdiff_d_ntub "S")...

Executing: saveRecognition(PMOS50H_device "device")

Executing: attachParameter(l "l" PMOS50H_device)

Executing: attachParameter(w "w" PMOS50H_device)

Executing: attachParameter(w "wtot" PMOS50H_device)

Executing: attachParameter(wg "wg" PMOS50H_device)

Executing: saveProperty(PMOS50H_device "isoVoltage" 50)

Executing: saveProperty(PMOS50H_device "isoType" 1)

Executing: extractDevice("PMOS50HS" PMOS50HS_device (net_poly1 "G") (net_pdiff_c_ptub "S...

Executing: saveRecognition(PMOS50HS_device "device")

Executing: attachParameter(l "l" PMOS50HS_device)

Executing: attachParameter(w "w" PMOS50HS_device)

Executing: attachParameter(w "wtot" PMOS50HS_device)

Executing: attachParameter(w "wg" PMOS50HS_device)

Executing: saveProperty(PMOS50HS_device "isoVoltage" 50)

Executing: saveProperty(PMOS50HS_device "isoType" 1)

Executing: extractDevice("PMOS10MH" PMOS10MH_device (net_poly1 "G") (net_pdiff_d_ntub "S...

Executing: saveRecognition(PMOS10MH_device "device")

Executing: attachParameter(l "l" PMOS10MH_device)

Executing: attachParameter(w "w" PMOS10MH_device)

Executing: attachParameter(w "wtot" PMOS10MH_device)

Executing: attachParameter(wg "wg" PMOS10MH_device)

Executing: saveProperty(PMOS10MH_device "isoVoltage" 50)

Executing: saveProperty(PMOS10MH_device "isoType" 1)

Executing: extractDevice("PMOSD10MH" PMOSD10MH_device (net_poly1 "G") (net_pdiff_d_ntub ...

Executing: saveRecognition(PMOSD10MH_device "device")

Executing: attachParameter(l "l" PMOSD10MH_device)

Executing: attachParameter(w "w" PMOSD10MH_device)

Executing: attachParameter(w "wtot" PMOSD10MH_device)

Executing: attachParameter(wg "wg" PMOSD10MH_device)

Executing: saveProperty(PMOSD10MH_device "isoVoltage" 50)

Executing: saveProperty(PMOSD10MH_device "isoType" 1)

Executing: saveProperty(PMOSD10MH_device "m" 1)

Executing: saveProperty(PMOSD10MH_device "mult" 1)

Executing: extractDevice("PMOS20H" PMOS20H_device_rev4 (net_poly1 "G") (net_pdiff_d_ntub...

Executing: saveRecognition(PMOS20H_device_rev4 "device")

Executing: attachParameter(l "l" PMOS20H_device_rev4)

Executing: attachParameter(w "w" PMOS20H_device_rev4)

Executing: attachParameter(w "wtot" PMOS20H_device_rev4)

Executing: attachParameter(wg "wg" PMOS20H_device_rev4)

Executing: saveProperty(PMOS20H_device_rev4 "isoVoltage" 50)

Executing: saveProperty(PMOS20H_device_rev4 "isoType" 1)

Executing: extractDevice("PMOS20H" PMOS20H_device_rev3 (net_poly1 "G") (net_pdiff_d_ntub...

Executing: saveRecognition(PMOS20H_device_rev3 "device")

Executing: attachParameter(l "l" PMOS20H_device_rev3)

Executing: attachParameter(w "w" PMOS20H_device_rev3)

Executing: attachParameter(w "wtot" PMOS20H_device_rev3)

Executing: attachParameter(wg "wg" PMOS20H_device_rev3)

Executing: saveProperty(PMOS20H_device_rev3 "isoVoltage" 50)

Executing: saveProperty(PMOS20H_device_rev3 "isoType" 1)

Executing: extractDevice("PMOS20T" PMOS20T_device (net_poly1 "G") (net_pdiff_d_ntub "S")...

Executing: saveRecognition(PMOS20T_device "device")

Executing: attachParameter(l "l" PMOS20T_device)

Executing: attachParameter(w "w" PMOS20T_device)

Executing: attachParameter(w "wtot" PMOS20T_device)

Executing: attachParameter(wg "wg" PMOS20T_device)

Executing: saveProperty(PMOS20T_device "isoVoltage" 50)

Executing: saveProperty(PMOS20T_device "isoType" 1)

Executing: extractDevice("ESDPMOS18T" ESDPMOS18T_device (net_poly1 "G") (net_pdiff_d_ntu...

Executing: saveRecognition(ESDPMOS18T_device "device")

Executing: attachParameter(l "l" ESDPMOS18T_device)

Executing: attachParameter(w "w" ESDPMOS18T_device)

Executing: attachParameter(w "wtot" ESDPMOS18T_device)

Executing: attachParameter(wg "wg" ESDPMOS18T_device)

Executing: saveProperty(ESDPMOS18T_device "isoVoltage" 50)

Executing: saveProperty(ESDPMOS18T_device "isoType" 1)

Executing: extractDevice("PMOSD20T" PMOSD20T_device (net_poly1 "G") (net_pdiff_d_ntub "S...

Executing: saveRecognition(PMOSD20T_device "device")

Executing: attachParameter(l "l" PMOSD20T_device)

Executing: attachParameter(w "w" PMOSD20T_device)

Executing: attachParameter(w "wtot" PMOSD20T_device)

Executing: attachParameter(wg "wg" PMOSD20T_device)

Executing: saveProperty(PMOSD20T_device "isoVoltage" 50)

Executing: saveProperty(PMOSD20T_device "isoType" 1)

Executing: saveProperty(PMOSD20T_device "m" 1)

Executing: saveProperty(PMOSD20T_device "mult" 1)

Executing: extractDevice("PMOS20M" PMOS20M_device (net_poly1 "G") (net_pdiff_d_ntub "S")...

Executing: saveRecognition(PMOS20M_device "device")

Executing: attachParameter(l "l" PMOS20M_device)

Executing: attachParameter(w "w" PMOS20M_device)

Executing: attachParameter(w "wtot" PMOS20M_device)

Executing: attachParameter(wg "wg" PMOS20M_device)

Executing: saveProperty(PMOS20M_device "isoVoltage" 50)

Executing: saveProperty(PMOS20M_device "isoType" 1)

Executing: extractDevice("PMOSD20M" PMOSD20M_device (net_poly1 "G") (net_pdiff_d_ntub "S...

Executing: saveRecognition(PMOSD20M_device "device")

Executing: attachParameter(l "l" PMOSD20M_device)

Executing: attachParameter(w "w" PMOSD20M_device)

Executing: attachParameter(w "wtot" PMOSD20M_device)

Executing: attachParameter(wg "wg" PMOSD20M_device)

Executing: saveProperty(PMOSD20M_device "isoVoltage" 50)

Executing: saveProperty(PMOSD20M_device "isoType" 1)

Executing: saveProperty(PMOSD20M_device "m" 1)

Executing: saveProperty(PMOSD20M_device "mult" 1)

Executing: extractDevice("PMOS20HS" PMOS20HS_device (net_poly1 "G") (net_pdiff_c_ptub "S...

Executing: saveRecognition(PMOS20HS_device "device")

Executing: attachParameter(l "l" PMOS20HS_device)

Executing: attachParameter(w "w" PMOS20HS_device)

Executing: attachParameter(w "wtot" PMOS20HS_device)

Executing: attachParameter(w "wg" PMOS20HS_device)

Executing: saveProperty(PMOS20HS_device "isoVoltage" 50)

Executing: saveProperty(PMOS20HS_device "isoType" 1)

Executing: extractDevice("PMOS120H" PMOS120H_device (net_poly1 "G") (net_pdiff_d_ntub "S...

Executing: saveRecognition(PMOS120H_device "device")

Executing: attachParameter(l "l" PMOS120H_device)

Executing: attachParameter(w "w" PMOS120H_device)

Executing: attachParameter(w "wtot" PMOS120H_device)

Executing: attachParameter(wg "wg" PMOS120H_device)

Executing: saveProperty(PMOS120H_device "isoVoltage" 120)

Executing: saveProperty(PMOS120H_device "isoType" 1)

Executing: extractDevice("PMOS120M" PMOS120M_device (net_poly1 "G") (net_pdiff_d_ntub "S...

Executing: saveRecognition(PMOS120M_device "device")

Executing: attachParameter(l "l" PMOS120M_device)

Executing: attachParameter(w "w" PMOS120M_device)

Executing: attachParameter(w "wtot" PMOS120M_device)

Executing: attachParameter(wg "wg" PMOS120M_device)

Executing: saveProperty(PMOS120M_device "isoVoltage" 120)

Executing: saveProperty(PMOS120M_device "isoType" 1)

Executing: extractDevice("PMOSVST" PMOSVST_device (net_poly1 "G") (net_pdiff_d_ntub "S")...

Executing: saveRecognition(PMOSVST_device "device")

Executing: attachParameter(l "l" PMOSVST_device)

Executing: attachParameter(w "w" PMOSVST_device)

Executing: attachParameter(w "wtot" PMOSVST_device)

Executing: attachParameter(wg "wg" PMOSVST_device)

Executing: attachParameter(f "F" PMOSVST_device)

Executing: saveProperty(PMOSVST_device "isoVoltage" 120)

Executing: saveProperty(PMOSVST_device "isoType" 1)

Executing: extractDevice("PMOSDVST" PMOSDVST_device (net_poly1 "G") (net_pdiff_d_ntub "S...

Executing: saveRecognition(PMOSDVST_device "device")

Executing: attachParameter(l "l" PMOSDVST_device)

Executing: attachParameter(w "w" PMOSDVST_device)

Executing: attachParameter(w "wtot" PMOSDVST_device)

Executing: attachParameter(wg "wg" PMOSDVST_device)

Executing: attachParameter(f "F" PMOSDVST_device)

Executing: saveProperty(PMOSDVST_device "isoVoltage" 120)

Executing: saveProperty(PMOSDVST_device "isoType" 1)

Executing: extractDevice("HALL_XY12x12_Zx2_LN" HALL_XY12x12_Zx2_LN_device (net_pin_BFx "...

Executing: saveRecognition(HALL_XY12x12_Zx2_LN_device "device")

Executing: extractDevice("HALL_XY12x12_Zx2_STD" HALL_XY12x12_Zx2_STD_device (net_pin_BFx...

Executing: saveRecognition(HALL_XY12x12_Zx2_STD_device "device")

Executing: extractDevice("HALL_XY8x8_Zx2_LN" HALL_XY8x8_Zx2_LN_device (net_pin_BFx "BFx"...

Executing: saveRecognition(HALL_XY8x8_Zx2_LN_device "device")

Executing: extractDevice("HALL_XY8x8_Zx2_STD" HALL_XY8x8_Zx2_STD_device (net_pin_BFx "BF...

Executing: saveRecognition(HALL_XY8x8_Zx2_STD_device "device")

Executing: extractDevice("HALL_C1_H35" HALL_C1_H35_device (net_pin_BFz "BFz") (net_pin_B...

Executing: saveRecognition(HALL_C1_H35_device "device")

Executing: extractDevice("HALL_C1_H35X2" HALL_C1_H35X2_device (net_pin_BFz "BFz") (net_p...

Executing: saveRecognition(HALL_C1_H35X2_device "device")

Executing: extractDevice("HALL_C1_H35X4" HALL_C1_H35X4_device (net_pin_BFz "BFz") (net_p...

Executing: saveRecognition(HALL_C1_H35X4_device "device")

Executing: extractDevice("HALL_C2_H35" HALL_C2_H35_device (net_pin_BFz "BFz") (net_pin_B...

Executing: saveRecognition(HALL_C2_H35_device "device")

Executing: extractDevice("HALL_C2_H35X2" HALL_C2_H35X2_device (net_pin_BFz "BFz") (net_p...

Executing: saveRecognition(HALL_C2_H35X2_device "device")

Executing: extractDevice("HALL_C2_H35X4" HALL_C2_H35X4_device (net_pin_BFz "BFz") (net_p...

Executing: saveRecognition(HALL_C2_H35X4_device "device")

Executing: bkgnd = geomOr(substrate_all)

Executing: bkgnd1 = geomCat(bkgnd)
	   errorLayer(bkgnd1 "# INFO: Set -resimulate_extracted- Switch for QRC! #")

Finished running rules. Task processor time in main process:
cpu: 5.40  elap: 6  pf: 0  in: 0  out: 3696  virt: 2417M  phys: 1159M

No output post-processing: This is not a DRC run

Finished building the persistent database.
cpu: 0.01  elap: 0  pf: 0  in: 0  out: 6728  virt: 2417M  phys: 1159M


*****  aveng terminated normally  *****


Finished /opt/tools/cadence/installs/ASSURA41//tools.lnx86/assura/bin/aveng

Starting /opt/tools/cadence/installs/ASSURA41//tools.lnx86/assura/bin/avrpt /home/saul/projects/AMS35_H35_MINIMAL/ASSURA_LVS/top/top.rsf -exec1
Loading all available p-cell functions
AMS_DB set to cds
No mx check
ROD pcell code loaded
function genericcomp redefined
function getVal redefined
function getValCase redefined
function rel_comp redefined
function abs_comp redefined
function lvsCase redefined
function compCheckForErrors redefined

Loading tech rule set file : /opt/pdk/ams/5.10.1/X35/assura/h35b4/h35b4d3/techRuleSets

Loading tech rule set file : /opt/pdk/ams/5.10.1/X35/assura/h35b4/h35b4d3/techRuleSets
@(#)$CDS: avrpt_64 version av4.1:Production:dfII25.1-64b:IC25.1-64b.38 08/06/2025 03:32 (sjfdcl919) $
sub-version 4.1_USR7_HF3, integ signature 2025-08-06-0300

run on edatools from /opt/tools/cadence/installs/ASSURA41/tools.lnx86/assura/bin/64bit/avrpt on Wed Sep 30 06:41:56 2026


   Creating Error Database 'top'...

   Reading VDB ...
2026/09/30 06:41:56 INFO (/opt/tools/cadence/installs/ASSURA41/tools.lnx86/bin/cdnsEnvCheck): Rocky Linux release 8.10 (Green Obsidian) detected (set environment variable CDS_SKIP_OS_CHECK_ON_STARTUP=1 to suppress).
--------------------------------------------------------------------------------
Rule      Message                                    FlatCount     RealCount
--------------------------------------------------------------------------------
(    1)  dataAuditErrors                                     0            0
(    2)  DEVICE Error: Illegal nmosh device                  0            0
(    3)  Not Qualified CPMIM device                          0            0
(    4)  DEVICE Error illegal element : CVAR_devi            0            0
(    5)  INFO: unidentified diffusion = diff with            0            0
(    6)  Process Modules : PHDPINB750 not availab            0            0
(    7)  Illegal Device : nmos50ts not supported             0            0
(    8)  Illegal Device : nmos50ms not supported             0            0
(    9)  Illegal Device : nmos20ts not supported             0            0
(   10)  Illegal Device : nmos20ms not supported             0            0
(   11)  PMOSD20M INFO only : large device w > 20            0            0
(   12)  PMOSD20T INFO only : large device w > 20            0            0
(   13)  PMOSD20M INFO only : this device is iden            0            0
(   14)  PMOSD20T INFO only : this device is iden            0            0
(   15)  Illegal Device : pmos20ts not supported             0            0
(   16)  Illegal Device : pmos20ms not supported             0            0
(   17)  Illegal Device : pmos50ts not supported             0            0
(   18)  Illegal Device : pmos50ms not supported             0            0
(   19)  Illegal Device : pmos120t not supported             0            0
(   20)  Unsupported Device PMOSVS with HVOX                 0            0
(   21)  Unsupported Device PMOSVS with MIDOX                0            0
(   22)  Unsupported Device PMOSDVS with HVOX                0            0
(   23)  Unsupported Device PMOSDVS with MIDOX               0            0
(   24)  NMOSDI20H INFO only : large device w > 2            0            0
(   25)  NMOSDI20M INFO only : large device w > 2            0            0
(   26)  Unsupported Device NMOSDIVS with MIDOX              0            0
(   27)  Unsupported Device NMOSDIVS with HVOX               0            0
(   28)  Unsupported Device NMOSIVS with MIDOX               0            0
(   29)  Unsupported Device NMOSIVS with HVOX                0            0
(   30)  Illegal Device: NMOSFI25T not supported             0            0
(   31)  Illegal Device: NMOSFI25M not supported             0            0
(   32)  Illegal Device: NMOSFI25MS not supported            0            0
(   33)  Illegal Device: NMOSFI25TS not supported            0            0
(   34)  Error: MET1 resistors (shorts) must be r            0            0
(   35)  Error: Number of MET1 resistor terminals            0            0
(   36)  Error: MET1 resistor def layer METRES to            0            0
(   37)  Error: MET2 resistors (shorts) must be r            0            0
(   38)  Error: Number of MET2 resistor terminals            0            0
(   39)  Error: MET2 resistor def layer METRES to            0            0
(   40)  Error: MET3 resistors (shorts) must be r            0            0
(   41)  Error: Number of MET3 resistor terminals            0            0
(   42)  Error: MET3 resistor def layer METRES to            0            0
(   43)  Error: MET4 resistors (shorts) must be r            0            0
(   44)  Error: Number of MET4 resistor terminals            0            0
(   45)  Error: MET4 resistor def layer METRES to            0            0
(   46)  RVIA1 Definition layer: does not open al            0            0
(   47)  RVIA1 Definition layer: truncates via1,             0            0
(   48)  RVIA1 Definition layer: does not define             0            0
(   49)  RVIA1 Definition layer: over METRES                 0            0
(   50)  RVIA2 Definition layer: does not open al            0            0
(   51)  RVIA2 Definition layer: truncates via2,             0            0
(   52)  RVIA2 Definition layer : does not define            0            0
(   53)  RVIA2 Definition layer: over METRES                 0            0
(   54)  RVIA3 Definition layer: does not open al            0            0
(   55)  RVIA3 Definition layer: truncates via3,             0            0
(   56)  RVIA3 Definition layer : does not define            0            0
(   57)  RVIA3 Definition layer: over METRES                 0            0
(   58)  ERROR : POLY1 pin outside poly1                     0            0
(   59)  ERROR : MET1 pin outside met1                       0            0
(   60)  ERROR : MET2 pin outside met2                       0            0
(   61)  ERROR : MET3 pin outside met3                       0            0
(   62)  ERROR : MET4 pin outside met4                       0            0
(   63)  ERROR : PAD pin outside pad metal                   0            0
(   64)  HVDEF_isoVoltage layer does not have any            0            0
(   65)  HVDEF_isoType layer does not have any is            0            0
(   66)  INFO : isotype_definition_type1                     0            0
(   67)  INFO : isotype_definition_type2                     0            0
(   68)  INFO : isovolt_definition_volt5                     0            0
(   69)  INFO : isovolt_definition_volt20                    0            0
(   70)  INFO : isovolt_definition_volt50                    0            0
(   71)  INFO : isovolt_definition_volt120                   0            0
(   72)   IsoVolt 50/120 overlaps definition laye            0            0
(   73)   IsoVolt 20/120 overlaps definition laye            0            0
(   74)   IsoVolt 5/120 overlaps definition layer            0            0
(   75)   IsoVolt 5/120 overlaps definition layer            0            0
(   76)   IsoVolt 50/5 overlaps definition layer             0            0
(   77)   IsoVolt 50/5 overlaps definition layer             0            0
(   78)   IsoType 1/2  overlaps definition layer             0            0
(   79)  CPMIM Error: cpmim must be totally insid            0            0
(   80)  CPMIM Error: cpoly must enclose cmim                0            0
(   81)  CPMIM Error: met3/poly1 plates of CPMIM             0            0
(   82)  CPMIM Error: met2/poly2 plates of CPMIM             0            0
(   83)  CPMIM Error: poly1/poly2 plates of CPMIM            0            0
(   84)  CPMIM Error: poly1/poly2 plates of CPMIM            0            0
(   85)  HVR001 : No HVDEF on CWPM                           0            0
(   86)  HVR001 : Version of CWPM obsolete or mis            0            0
(   87)  HVR001 : HVDEF has illegal name on CWPM             0            0
(   88)  HVR001 : No HVDEF on VERTN1                         0            0
(   89)  HVR001 : Version of VERTN1 obsolete or m            0            0
(   90)  HVR001 : HVDEF has illegal name on VERTN            0            0
(   91)  HVR001 : No HVDEF on VERTPH                         0            0
(   92)  HVR001 : Version of VERTPH obsolete or m            0            0
(   93)  HVR001 : HVDEF has illegal name on VERTP            0            0
(   94)  HVR001 : No HVDEF on RPWELLR                        0            0
(   95)  HVR001 : Version of RPWELLR obsolete or             0            0
(   96)  HVR001 : HVDEF has illegal name on RPWEL            0            0
(   97)  HVR001 : No HVDEF on RNWELLS                        0            0
(   98)  HVR001 : Version of RNWELLS obsolete or             0            0
(   99)  HVR001 : HVDEF has illegal name on RNWEL            0            0
(  100)  HVR001 : No HVDEF on PJFET                          0            0
(  101)  HVR001 : Version of PJFET obsolete or mi            0            0
(  102)  HVR001 : HVDEF has illegal name on PJFET            0            0
(  103)  HVR001 : No HVDEF on NMOS50T                        0            0
(  104)  HVR001 : No HVDEF on NMOS50M                        0            0
(  105)  HVR001 : No HVDEF on NMOS50H                        0            0
(  106)  HVR001 : Version of NMOS50T obsolete or             0            0
(  107)  HVR001 : Version of NMOS50M obsolete or             0            0
(  108)  HVR001 : Version of NMOS50H obsolete or             0            0
(  109)  HVR001 : HVDEF has illegal name on NMOS5            0            0
(  110)  HVR001 : HVDEF has illegal name on NMOS5            0            0
(  111)  HVR001 : HVDEF has illegal name on NMOS5            0            0
(  112)  HVR001 : No HVDEF on NMOS20T                        0            0
(  113)  HVR001 : No HVDEF on NMOS20M                        0            0
(  114)  HVR001 : No HVDEF on NMOS20H                        0            0
(  115)  HVR001 : Version of NMOS20T obsolete or             0            0
(  116)  HVR001 : Version of NMOS20M obsolete or             0            0
(  117)  HVR001 : Version of NMOS20H obsolete or             0            0
(  118)  HVR001 : HVDEF has illegal name on NMOS2            0            0
(  119)  HVR001 : HVDEF has illegal name on NMOS2            0            0
(  120)  HVR001 : HVDEF has illegal name on NMOS2            0            0
(  121)  NMOSD20M_R1: NMOSD20M source/bulk met1 m            0            0
(  122)  NMOSD20M_R2 : source ndiff cannot be abu            0            0
(  123)  NMOSD20M_R2 : source ndiff cannot be abu            0            0
(  124)  HVR001 : Version of NMOSD20M obsolete or            0            0
(  125)  HVR001 : HVDEF has illegal name on NMOSD            0            0
(  126)  HVR001 : No HVDEF on NMOS50HS                       0            0
(  127)  HVR001 : Version of NMOS50HS obsolete or            0            0
(  128)  HVR001 : HVDEF has illegal name on NMOS5            0            0
(  129)  HVR001 : No HVDEF on NMOS20HS                       0            0
(  130)  HVR001 : Version of NMOS20HS obsolete or            0            0
(  131)  HVR001 : HVDEF has illegal name on NMOS2            0            0
(  132)  HVR001 : No HVDEF on NMOSI50T                       0            0
(  133)  HVR001 : No HVDEF on NMOSI50M                       0            0
(  134)  HVR001 : No HVDEF on NMOSI50H                       0            0
(  135)  HVR001 : Version of NMOSI50T obsolete or            0            0
(  136)  HVR001 : Version of NMOSI50M obsolete or            0            0
(  137)  HVR001 : Version of NMOSI50H obsolete or            0            0
(  138)  HVR001 : HVDEF has illegal name on NMOSI            0            0
(  139)  HVR001 : HVDEF has illegal name on NMOSI            0            0
(  140)  HVR001 : HVDEF has illegal name on NMOSI            0            0
(  141)  HVR001 : No HVDEF on NMOSDI50H                      0            0
(  142)  HVR001 : Version of NMOSDI50H obsolete o            0            0
(  143)  HVR001 : HVDEF has illegal name on NMOSD            0            0
(  144)  HVR001 : No HVDEF on NMOSDI20M                      0            0
(  145)  HVR001 : No HVDEF on NMOSDI20H                      0            0
(  146)  HVR001 : Version of NMOSDI20M obsolete o            0            0
(  147)  HVR001 : Version of NMOSDI20H obsolete o            0            0
(  148)  HVR001 : HVDEF has illegal name on NMOSD            0            0
(  149)  HVR001 : HVDEF has illegal name on NMOSD            0            0
(  150)  HVR001 : No HVDEF on NMOSI20T                       0            0
(  151)  HVR001 : No HVDEF on NMOSI20M                       0            0
(  152)  HVR001 : No HVDEF on NMOSI20H                       0            0
(  153)  HVR001 : Version of NMOSI20T obsolete or            0            0
(  154)  HVR001 : Version of NMOSI20M obsolete or            0            0
(  155)  HVR001 : Version of NMOSI20H obsolete or            0            0
(  156)  HVR001 : HVDEF has illegal name on NMOSI            0            0
(  157)  HVR001 : HVDEF has illegal name on NMOSI            0            0
(  158)  HVR001 : HVDEF has illegal name on NMOSI            0            0
(  159)  HVR001 : Version of NMOSD10MH obsolete o            0            0
(  160)  HVR001 : Version of NMOS10MH obsolete or            0            0
(  161)  HVR001 : No HVDEF on NMOSI120M                      0            0
(  162)  HVR001 : No HVDEF on NMOSI120H                      0            0
(  163)  HVR001 : Version of NMOSI120M obsolete o            0            0
(  164)  HVR001 : Version of NMOSI120H obsolete o            0            0
(  165)  HVR001 : HVDEF has illegal name on NMOSI            0            0
(  166)  HVR001 : HVDEF has illegal name on NMOSI            0            0
(  167)  HVR001 : Version of ESDPMOS18T obsolete             0            0
(  168)  INFO: PMOS20H ESD DEVICE REV3 for peri c            0            0
(  169)  HVR001 : No HVDEF on PMOS20H                        0            0
(  170)  HVR001 : No HVDEF on PMOS20M                        0            0
(  171)  HVR001 : No HVDEF on PMOS20H                        0            0
(  172)  HVR001 : Version of PMOS20T obsolete or             0            0
(  173)  HVR001 : Version of PMOS20M obsolete or             0            0
(  174)  HVR001 : Version of PMOS20H obsolete or             0            0
(  175)  HVR001 : HVDEF has illegal name on PMOS2            0            0
(  176)  HVR001 : HVDEF has illegal name on PMOS2            0            0
(  177)  HVR001 : No HVDEF on PMOSD20M                       0            0
(  178)  HVR001 : Version of PMOSD20M obsolete or            0            0
(  179)  HVR001 : HVDEF has illegal name on PMOSD            0            0
(  180)  HVR001 : HVDEF has illegal name on PMOS2            0            0
(  181)  HVR001 : No HVDEF on PMOSD20T                       0            0
(  182)  HVR001 : Version of PMOSD20T obsolete or            0            0
(  183)  HVR001 : HVDEF has illegal name on PMOSD            0            0
(  184)  PMOSD20M_R1/PMOSD20T_R1 : PMOSD20 source            0            0
(  185)  PMOSD20_R2: source pdiff cannot be abutt            0            0
(  186)  PMOSD20M_R2/PMOSD20T_R2 : source pdiff c            0            0
(  187)  HVR001 : No HVDEF on PMOS20HS                       0            0
(  188)  HVR001 : Version of PMOS20HS obsolete or            0            0
(  189)  HVR001 : HVDEF has illegal name on PMOS2            0            0
(  190)  HVR001 : Version of PMOSD10MH obsolete o            0            0
(  191)  HVR001 : Version of PMOS10MH obsolete or            0            0
(  192)  HVR001 : No HVDEF on PMOS50T                        0            0
(  193)  HVR001 : No HVDEF on PMOS50M                        0            0
(  194)  HVR001 : No HVDEF on PMOS50H                        0            0
(  195)  HVR001 : Version of PMOS50T obsolete or             0            0
(  196)  HVR001 : Version of PMOS50M obsolete or             0            0
(  197)  HVR001 : Version of PMOS50H obsolete or             0            0
(  198)  HVR001 : HVDEF has illegal name on PMOS5            0            0
(  199)  HVR001 : HVDEF has illegal name on PMOS5            0            0
(  200)  HVR001 : HVDEF has illegal name on PMOS5            0            0
(  201)  HVR001 : No HVDEF on PMOS50HS                       0            0
(  202)  HVR001 : Version of PMOS50HS obsolete or            0            0
(  203)  HVR001 : HVDEF has illegal name on PMOS5            0            0
(  204)  HVR001 : No HVDEF on PMOS120M                       0            0
(  205)  HVR001 : No HVDEF on PMOS120H                       0            0
(  206)  HVR001 : Version of PMOS120M obsolete or            0            0
(  207)  HVR001 : Version of PMOS120H obsolete or            0            0
(  208)  HVR001 : HVDEF has illegal name on PMOS1            0            0
(  209)  HVR001 : HVDEF has illegal name on PMOS1            0            0
(  210)  HVR001 : No HVDEF on NMOSFI25T                      0            0
(  211)  HVR001 : No HVDEF on NMOSFI25M                      0            0
(  212)  HVR001 : No HVDEF on NMOSFI25H                      0            0
(  213)  HVR001 : Version of NMOSFI25T obsolete o            0            0
(  214)  HVR001 : Version of NMOSFI25M obsolete o            0            0
(  215)  HVR001 : Version of NMOSFI25H obsolete o            0            0
(  216)  HVR001 : HVDEF has illegal name on NMOSF            0            0
(  217)  HVR001 : HVDEF has illegal name on NMOSF            0            0
(  218)  HVR001 : HVDEF has illegal name on NMOSF            0            0
(  219)  HVR001 : No HVDEF on NMOSFI25TS                     0            0
(  220)  HVR001 : No HVDEF on NMOSFI25MS                     0            0
(  221)  HVR001 : No HVDEF on NMOSFI25HS                     0            0
(  222)  HVR001 : Version of NMOSFI25TS obsolete             0            0
(  223)  HVR001 : Version of NMOSFI25MS obsolete             0            0
(  224)  HVR001 : Version of NMOSFI25HS obsolete             0            0
(  225)  HVR001 : HVDEF has illegal name on NMOSF            0            0
(  226)  HVR001 : HVDEF has illegal name on NMOSF            0            0
(  227)  HVR001 : HVDEF has illegal name on NMOSF            0            0
(  228)  HVR001 : Version of ESDGCI3 obsolete or             0            0
(  229)  HVR001 : HVDEF has illegal name on ESDGC            0            0
(  230)  ESDGCI3 connectivity error : emitter dif            0            0
(  231)  ESDGCI3 connectivity error : emitter dif            0            0
(  232)  ESDGCI3 connectivity error :  emitter ga            0            0
(  233)  ESDGCI3 connectivity problem : EMITTER :            0            0
(  234)  ESDGCI3 connectivity problem : EMITTER :            0            0
(  235)  ESDGCI3 connectivity problem : COLLECTOR            0            0
(  236)  HVR001 : Version of ESDNPN_PN3 obsolete             0            0
(  237)  HVR001 : HVDEF has illegal name on ESDNP            0            0
(  238)  ESDNPN_PN3_Y2 width MET1, not over COLLE            0            0
(  239)  ESDNPN_PN3_E3 MET1 enclosure of CONT 0.2            0            0
(  240)  ESDNPN_PN3_Z1 Collector-ndiff to EMITTER            0            0
(  241)  ESDNPN_PN3_Z1 Collector-ndiff to EMITTER            0            0
(  242)  ESDNPN_PN3_Y1 NDIFF right angle corner 0            0            0
(  243)  ESDNPN_PN3_X8_X10 COLLECTOR-NDIFF/EMITTE            0            0
(  244)  ESDNPN_PN3_E1_E2 EMITTER-NDIFF enclosure            0            0
(  245)  ESDNPN_PN3_E1_E2 EMITTER-NDIFF enclosure            0            0
(  246)  ESDNPN_PN3_X7_X9 EMITTER-NDIFF/COLLECTOR            0            0
(  247)  ESDNPN_PN3_X7_X9 EMITTER-NDIFF/COLLECTOR            0            0
(  248)  ESDNPN_PN3_X6 COLLECTOR_NDIFF to EMITTER            0            0
(  249)  ESDNPN_PN3_x4 RPTUB enclosure of EMITTER            0            0
(  250)  ESDNPN_PN3_x4 RPTUB enclosure of EMITTER            0            0
(  251)  ESDNPN_PN3_X2 NDIFF width 1.95u (<)                 0            0
(  252)  ESDNPN_PN3_X2 NDIFF width 1.95u (>)                 0            0
(  253)  ESDNPN_PN3_X1_X3 SNTUB enclosure of NDIF            0            0
(  254)  ESDNPN_PN3_X1_X3 SNTUB enclosure of NDIF            0            0
(  255)  ESDNPN_PN3_X1_X3 SNTUB enclosure of NDIF            0            0
(  256)  ESDNPN_PN3_X1_X3 SNTUB enclosure of NDIF            0            0
(  257)  ESDNPN_PN3_X11 MET1 width 3. u                      0            0
(  258)  HVR001 : Version of ESDGCNI5 obsolete or            0            0
(  259)  HVR001 : HVDEF has illegal name on ESDGC            0            0
(  260)  HVR001 : Version of ESDGCI20 obsolete or            0            0
(  261)  HVR001 : HVDEF has illegal name on ESDGC            0            0
(  262)  HVR001 : Version of ESDFDI50 obsolete or            0            0
(  263)  HVR001 : HVDEF has illegal name on ESDFD            0            0
(  264)  HVR001 : Version of ESDTD20 obsolete or             0            0
(  265)  HVR001 : HVDEF has illegal name on ESDTD            0            0
(  266)  HVR001 : Version of ESDTD50 obsolete or             0            0
(  267)  HVR001 : HVDEF has illegal name on ESDTD            0            0
(  268)  HVR001 : Version of ESDTD40 obsolete or             0            0
(  269)  HVR001 : HVDEF has illegal name on ESDTD            0            0
(  270)  HVR001 : Version of ESDTD42 obsolete or             0            0
(  271)  HVR001 : HVDEF has illegal name on ESDTD            0            0
(  272)  HVR001 : Version of ESDTD45 obsolete or             0            0
(  273)  HVR001 : HVDEF has illegal name on ESDTD            0            0
(  274)  HVR001 : Version of ESDTD60 obsolete or             0            0
(  275)  HVR001 : HVDEF has illegal name on ESDTD            0            0
(  276)  HVR001 : Version of ESDPD10 obsolete or             0            0
(  277)  HVR001 : HVDEF has illegal name on ESDPD            0            0
(  278)  HVR001 : Version of ESDPD26 obsolete or             0            0
(  279)  HVR001 : HVDEF has illegal name on ESDPD            0            0
(  280)  DEVICE : ESDFDI120 not implemented yet              0            0
(  281)  UNSUPPORTED DEVICE : ESDPD12                        0            0
(  282)  HVR001 : Version of ESDPD18 obsolete or             0            0
(  283)  HVR001 : HVDEF has illegal name on ESDPD            0            0
(  284)  HVR001 : Version of ESDPD30 obsolete or             0            0
(  285)  HVR001 : HVDEF has illegal name on ESDPD            0            0
(  286)  HVR001 : Version of ESDGCPI5 obsolete or            0            0
(  287)  HVR001 : HVDEF has illegal name on ESDGC            0            0
(  288)  HVR001 : Version of ESDFDNI5 obsolete or            0            0
(  289)  HVR001 : HVDEF has illegal name on ESDFD            0            0
(  290)  HVR001 : Version of ESDFDPI5 obsolete or            0            0
(  291)  HVR001 : HVDEF has illegal name on ESDFD            0            0
(  292)  HVR001 : Version of ESDGCN5 obsolete or             0            0
(  293)  HVR001 : HVDEF has illegal name on ESDGC            0            0
(  294)  HVR001 : Version of ESDGCP5 obsolete or             0            0
(  295)  HVR001 : HVDEF has illegal name on ESDGC            0            0
(  296)  HVR001 : Version of ESDFDP5 obsolete or             0            0
(  297)  HVR001 : HVDEF has illegal name on ESDFD            0            0
(  298)  HVR001 : Version of ESDFDN5 obsolete or             0            0
(  299)  HVR001 : HVDEF has illegal name on ESDFD            0            0
(  300)  HVR001 : Version of ESDPNP40 obsolete or            0            0
(  301)  HVR001 : HVDEF has illegal name on ESDPN            0            0
(  302)  HVR001 : Version of ESDPNP42 obsolete or            0            0
(  303)  HVR001 : HVDEF has illegal name on ESDPN            0            0
(  304)  HVR001 : Version of ESDSCR14_SN obsolete            0            0
(  305)  HVR001 : HVDEF has illegal name on ESDSC            0            0
(  306)  HVR001 : Version of ESDSCR55_SN obsolete            0            0
(  307)  HVR001 : HVDEF has illegal name on ESDSC            0            0
(  308)  Illegal Device : This ESD device is not             0            0
(  309)  HVR001 : HVDEF does not enclose a valid             0            0
(  310)  HVR003_NMOS50_sources_must_be_connected_            0            0
(  311)  HVR003_NMOS20_sources_must_be_connected_            0            0
(  312)  HVR003_NMOS10MH_sources_must_be_connecte            0            0
(  313)  HVR003_NMOSI50_sources_must_be_connected            0            0
(  314)  HVR003_NMOSDI50_sources_must_be_connecte            0            0
(  315)  HVR003_NMOSFI25_sources_must_be_connecte            0            0
(  316)  HVR003_NMOSI20_sources_must_be_connected            0            0
(  317)  HVR003_NMOSDI20_sources_must_be_connecte            0            0
(  318)  HVR003_NMOSI120_sources_must_be_connecte            0            0
(  319)  HVR003_PMOS50_sources_must_be_connected_            0            0
(  320)  HVR003_PMOS20_sources_must_be_connected_            0            0
(  321)  HVR003_ESDPMOS18T_sources_must_be_connec            0            0
(  322)  HVR003_PMOS120_sources_must_be_connected            0            0
(  323)  HVR003_PMOS10MH_sources_must_be_connecte            0            0
(  324)  NMOSI20T_R1/NMOSI20M_R1/NMOSI20H_R1: Bul            0            0
(  325)  NMOSI50T_R1/NMOSI50M_R1/NMOSI50H_R1: Bul            0            0
(  326)  NMOSI120M_R1/NMOSI120H_R1: Bulk and sour            0            0
(  327)  NMOSDI20M_R1/NMOSDI20H_R1: Bulk and sour            0            0
(  328)  NMOSDI50H_R1: Bulk and source must be co            0            0
(  329)  NMOSD10MH_R1: Bulk and source must be co            0            0
(  330)  PMOSD10MH_R1: Bulk and source must be co            0            0
(  331)  HVDEF_IsoVoltage : nmosi device must be             0            0
(  332)  HVDEF_IsoType : nmosi device must be ins            0            0
(  333)  HVDEF_IsoVoltage : nmosi device must be             0            0
(  334)  HVDEF_IsoType : nmosi device must be ins            0            0
(  335)  HVDEF_IsoVoltage : pmosi device must be             0            0
(  336)  HVDEF_IsoType : pmosi device must be ins            0            0
(  337)  HVDEF_IsoVoltage : pmosi device must be             0            0
(  338)  HVDEF_IsoType : pmosi device must be ins            0            0
(  339)  HVDEF_IsoVoltage : rdiffps device must b            0            0
(  340)  HVDEF_IsoType : rdiffps device must be i            0            0
(  341)  PDI1N01S002_cath_StampErrorFloat                    0            0
(  342)  PDI1N01S002_cath_StampErrorMult                     0            0
(  343)  PDI1N01S002_cath_StampErrorConnect                  0            0
(  344)  PDI1N13S002_cath_StampErrorFloat                    0            0
(  345)  PDI1N13S002_cath_StampErrorMult                     0            0
(  346)  PDI1N13S002_cath_StampErrorConnect                  0            0
(  347)  HVDEF_IsoVoltage : dn_ps device must be             0            0
(  348)  HVDEF_IsoType : dn_ps device must be ins            0            0
(  349)  esdscr14_sn_vio_StampErrorFloat                     0            0
(  350)  esdscr14_sn_vio_StampErrorMult                      0            0
(  351)  esdscr14_sn_vio_StampErrorConnect                   0            0
(  352)  esdscr55_sn_vio_StampErrorFloat                     0            0
(  353)  esdscr55_sn_vio_StampErrorMult                      0            0
(  354)  esdscr55_sn_vio_StampErrorConnect                   0            0
(  355)  # INFO: Set -resimulate_extracted- Switc            1            1
(  356)  # H35B4 ENG - 243 (Last updated 28-Mar-2            1            1
(  357)  malformed device NMOSI_device_hv                    0            0
(  358)  malformed device NMOSI_device_not_hv                0            0
(  359)  malformed device NMOSIM_device_hv                   0            0
(  360)  malformed device NMOSIM_device_not_hv               0            0
(  361)  malformed device poa_nmos_waffle_2x                 0            0
(  362)  malformed device poa_nmos_waffle_3x                 0            0
(  363)  malformed device poa_nmos_waffle_4x                 0            0
(  364)  malformed device poa_nmos_midox_waffle_2            0            0
(  365)  malformed device poa_nmos_midox_waffle_3            0            0
(  366)  malformed device poa_nmos_midox_waffle_4            0            0
(  367)  malformed device NMOSH_device                       0            0
(  368)  malformed device NMOSMH_device                      0            0
(  369)  malformed device RPWELLR_device                     0            0
(  370)  malformed device RNWELL_device                      0            0
(  371)  malformed device RNWELLS_device                     0            0
(  372)  malformed device RDIFFP_device                      0            0
(  373)  malformed device RDIFFPS_device_hv                  0            0
(  374)  malformed device RDIFFPS_device_not_hv              0            0
(  375)  malformed device RDIFFN_device                      0            0
(  376)  malformed device RDIFFNR_device                     0            0
(  377)  malformed device RPOLY2_PSUB_device                 0            0
(  378)  malformed device RPOLY2_NTUB_device                 0            0
(  379)  malformed device RPOLY2_PTUB_device                 0            0
(  380)  malformed device RPOLY2PH_PSUB_device               0            0
(  381)  malformed device RPOLY2PH_PTUB_device               0            0
(  382)  malformed device RPOLY2PH_NTUB_device               0            0
(  383)  malformed device RPOLYH_PSUB_device                 0            0
(  384)  malformed device RPOLYH_NTUB_device                 0            0
(  385)  malformed device RPOLYH_PTUB_device                 0            0
(  386)  malformed device RPOLY1_PSUB_device                 0            0
(  387)  malformed device RPOLY1_NTUB_device                 0            0
(  388)  malformed device RPOLY1_PTUB_device                 0            0
(  389)  malformed device PFUSE_device                       0            0
(  390)  malformed device LAT2_device                        0            0
(  391)  malformed device VERT10_device                      0            0
(  392)  malformed device VERTN1_device                      0            0
(  393)  malformed device VERTPH_device                      0            0
(  394)  malformed device PJFET_device                       0            0
(  395)  malformed device CPOLY_PSUB_device                  0            0
(  396)  malformed device CPOLY_NTUB_device                  0            0
(  397)  malformed device CWPM_device                        0            0
(  398)  malformed device CPM_device                         0            0
(  399)  malformed device PROBE_device                       0            0
(  400)  malformed device PDI1N01S002_device                 0            0
(  401)  malformed device PDI1N13S002_device                 0            0
(  402)  malformed device DN_PS_device_hv                    0            0
(  403)  malformed device DN_PS_device_not_hv                0            0
(  404)  malformed device ESDGCI3_device                     0            0
(  405)  malformed device ESDGCNI5_device                    0            0
(  406)  malformed device ESDGCI20_device                    0            0
(  407)  malformed device ESDVSD_device                      0            0
(  408)  malformed device ESDVSS_device                      0            0
(  409)  malformed device ESDFDI50_device                    0            0
(  410)  malformed device ESDTD20_device                     0            0
(  411)  malformed device ESDTD50_device                     0            0
(  412)  malformed device ESDTD40_device                     0            0
(  413)  malformed device ESDTD42_device                     0            0
(  414)  malformed device ESDTD45_device                     0            0
(  415)  malformed device ESDTD60_device                     0            0
(  416)  malformed device ESDPD10_device                     0            0
(  417)  malformed device ESDGCPI5_device                    0            0
(  418)  malformed device ESDFDPI5_device                    0            0
(  419)  malformed device ESDFDNI5_device                    0            0
(  420)  malformed device ESDFDN5_device                     0            0
(  421)  malformed device ESDGCN5_device                     0            0
(  422)  malformed device ESDFDP5_device                     0            0
(  423)  malformed device ESDGCP5_device                     0            0
(  424)  malformed device ESDPNP40_device                    0            0
(  425)  malformed device ESDPNP42_device                    0            0
(  426)  malformed device ESDNPN_PN3_device                  0            0
(  427)  malformed device ESDSCR14_SN_device                 0            0
(  428)  malformed device ESDSCR55_SN_device                 0            0
(  429)  malformed device NMOS50T_device                     0            0
(  430)  malformed device NMOS50M_device                     0            0
(  431)  malformed device NMOS50H_device                     0            0
(  432)  malformed device NMOS50HS_device                    0            0
(  433)  malformed device NMOSI50T_device                    0            0
(  434)  malformed device NMOSI50M_device                    0            0
(  435)  malformed device NMOSI50H_device                    0            0
(  436)  malformed device NMOSI20H_device                    0            0
(  437)  malformed device NMOSI20T_device                    0            0
(  438)  malformed device NMOSI20M_device                    0            0
(  439)  malformed device NMOS10MH_device                    0            0
(  440)  malformed device NMOSD10MH_device                   0            0
(  441)  malformed device NMOS20T_device                     0            0
(  442)  malformed device NMOS20M_device                     0            0
(  443)  malformed device NMOSD20M_device                    0            0
(  444)  malformed device NMOS20H_device                     0            0
(  445)  malformed device NMOS20HS_device                    0            0
(  446)  malformed device NMOSDI20M_device                   0            0
(  447)  malformed device NMOSDI20T_device                   0            0
(  448)  malformed device NMOSDI20H_device                   0            0
(  449)  malformed device NMOSDI50H_device                   0            0
(  450)  malformed device NMOSDI50T_device                   0            0
(  451)  malformed device NMOSI120H_device                   0            0
(  452)  malformed device NMOSI120M_device                   0            0
(  453)  malformed device NMOSDIVST_device                   0            0
(  454)  malformed device NMOSIVST_device                    0            0
(  455)  malformed device PMOS50T_device                     0            0
(  456)  malformed device PMOS50M_device                     0            0
(  457)  malformed device PMOS50H_device                     0            0
(  458)  malformed device PMOS50HS_device                    0            0
(  459)  malformed device PMOS10MH_device                    0            0
(  460)  malformed device PMOSD10MH_device                   0            0
(  461)  malformed device PMOS20H_device_rev4                0            0
(  462)  malformed device PMOS20H_device_rev3                0            0
(  463)  malformed device PMOS20T_device                     0            0
(  464)  malformed device ESDPMOS18T_device                  0            0
(  465)  malformed device PMOSD20T_device                    0            0
(  466)  malformed device PMOS20M_device                     0            0
(  467)  malformed device PMOSD20M_device                    0            0
(  468)  malformed device PMOS20HS_device                    0            0
(  469)  malformed device PMOS120H_device                    0            0
(  470)  malformed device PMOS120M_device                    0            0
(  471)  malformed device PMOSVST_device                     0            0
(  472)  malformed device PMOSDVST_device                    0            0
(  473)  malformed device HALL_XY12x12_Zx2_LN_dev            0            0
(  474)  malformed device HALL_XY12x12_Zx2_STD_de            0            0
(  475)  malformed device HALL_XY8x8_Zx2_LN_devic            0            0
(  476)  malformed device HALL_XY8x8_Zx2_STD_devi            0            0
(  477)  malformed device HALL_C1_H35_device                 0            0
(  478)  malformed device HALL_C1_H35X2_device               0            0
(  479)  malformed device HALL_C1_H35X4_device               0            0
(  480)  malformed device HALL_C2_H35_device                 0            0
(  481)  malformed device HALL_C2_H35X2_device               0            0
(  482)  malformed device HALL_C2_H35X4_device               0            0
(  483)  unstable device for HALL_C2_H35X4_device            0            0
(  485)  unstable device for HALL_C2_H35X2_device            0            0
(  487)  unstable device for HALL_C2_H35_device_D            0            0
(  489)  unstable device for HALL_C1_H35X4_device            0            0
(  491)  unstable device for HALL_C1_H35X2_device            0            0
(  493)  unstable device for HALL_C1_H35_device_D            0            0
(  495)  unstable device for HALL_XY8x8_Zx2_STD_d            0            0
(  497)  unstable device for HALL_XY8x8_Zx2_LN_de            0            0
(  499)  unstable device for HALL_XY12x12_Zx2_STD            0            0
(  501)  unstable device for HALL_XY12x12_Zx2_LN_            0            0
(  503)  unstable device for PMOSDVST_device_Devi            0            0
(  505)  unstable device for PMOSVST_device_Devic            0            0
(  507)  unstable device for PMOS120M_device_Devi            0            0
(  509)  unstable device for PMOS120H_device_Devi            0            0
(  511)  unstable device for PMOS20HS_device_Devi            0            0
(  513)  unstable device for PMOSD20M_device_Devi            0            0
(  515)  unstable device for PMOS20M_device_Devic            0            0
(  517)  unstable device for PMOSD20T_device_Devi            0            0
(  519)  unstable device for ESDPMOS18T_device_De            0            0
(  521)  unstable device for PMOS20T_device_Devic            0            0
(  523)  unstable device for PMOS20H_device_rev3_            0            0
(  525)  unstable device for PMOS20H_device_rev4_            0            0
(  527)  unstable device for PMOSD10MH_device_Dev            0            0
(  529)  unstable device for PMOS10MH_device_Devi            0            0
(  531)  unstable device for PMOS50HS_device_Devi            0            0
(  533)  unstable device for PMOS50H_device_Devic            0            0
(  535)  unstable device for PMOS50M_device_Devic            0            0
(  537)  unstable device for PMOS50T_device_Devic            0            0
(  539)  unstable device for NMOSIVST_device_Devi            0            0
(  541)  unstable device for NMOSDIVST_device_Dev            0            0
(  543)  unstable device for NMOSFI25HS_device_De            0            0
(  545)  unstable device for NMOSFI25H_device_Dev            0            0
(  547)  unstable device for NMOSI120M_device_Dev            0            0
(  549)  unstable device for NMOSI120H_device_Dev            0            0
(  551)  unstable device for NMOSDI50T_device_Dev            0            0
(  553)  unstable device for NMOSDI50H_device_Dev            0            0
(  555)  unstable device for NMOSDI20H_device_Dev            0            0
(  557)  unstable device for NMOSDI20T_device_Dev            0            0
(  559)  unstable device for NMOSDI20M_device_Dev            0            0
(  561)  unstable device for NMOS20HS_device_Devi            0            0
(  563)  unstable device for NMOS20H_device_Devic            0            0
(  565)  unstable device for NMOSD20M_device_Devi            0            0
(  567)  unstable device for NMOS20M_device_Devic            0            0
(  569)  unstable device for NMOS20T_device_Devic            0            0
(  571)  unstable device for NMOSD10MH_device_Dev            0            0
(  573)  unstable device for NMOS10MH_device_Devi            0            0
(  575)  unstable device for NMOSI20M_device_Devi            0            0
(  577)  unstable device for NMOSI20T_device_Devi            0            0
(  579)  unstable device for NMOSI20H_device_Devi            0            0
(  581)  unstable device for NMOSI50H_device_Devi            0            0
(  583)  unstable device for NMOSI50M_device_Devi            0            0
(  585)  unstable device for NMOSI50T_device_Devi            0            0
(  587)  unstable device for NMOS50HS_device_Devi            0            0
(  589)  unstable device for NMOS50H_device_Devic            0            0
(  591)  unstable device for NMOS50M_device_Devic            0            0
(  593)  unstable device for NMOS50T_device_Devic            0            0
(  595)  unstable device for ESDSCR55_SN_device_D            0            0
(  597)  unstable device for ESDSCR14_SN_device_D            0            0
(  599)  unstable device for ESDNPN_PN3_device_De            0            0
(  601)  unstable device for ESDPNP42_device_Devi            0            0
(  603)  unstable device for ESDPNP40_device_Devi            0            0
(  605)  unstable device for ESDGCP5_device_Devic            0            0
(  607)  unstable device for ESDFDP5_device_Devic            0            0
(  609)  unstable device for ESDGCN5_device_Devic            0            0
(  611)  unstable device for ESDFDN5_device_Devic            0            0
(  613)  unstable device for ESDFDNI5_device_Devi            0            0
(  615)  unstable device for ESDFDPI5_device_Devi            0            0
(  617)  unstable device for ESDGCPI5_device_Devi            0            0
(  619)  unstable device for ESDPD30_device_Devic            0            0
(  621)  unstable device for ESDPD26_device_Devic            0            0
(  623)  unstable device for ESDPD18_device_Devic            0            0
(  625)  unstable device for ESDPD10_device_Devic            0            0
(  627)  unstable device for ESDTD60_device_Devic            0            0
(  629)  unstable device for ESDTD45_device_Devic            0            0
(  631)  unstable device for ESDTD42_device_Devic            0            0
(  633)  unstable device for ESDTD40_device_Devic            0            0
(  635)  unstable device for ESDTD50_device_Devic            0            0
(  637)  unstable device for ESDTD20_device_Devic            0            0
(  639)  unstable device for ESDFDI50_device_Devi            0            0
(  641)  unstable device for ESDVSS_device_Device            0            0
(  643)  unstable device for ESDVSD_device_Device            0            0
(  645)  unstable device for ESDGCI20_device_Devi            0            0
(  647)  unstable device for ESDGCNI5_device_Devi            0            0
(  649)  unstable device for ESDGCI3_device_Devic            0            0
(  651)  unstable device for P_SN_PS_device_Devic            0            0
(  653)  unstable device for SN_PS_device_Device_            0            0
(  655)  unstable device for P_DN_PS_device_Devic            0            0
(  657)  unstable device for DN_PS_device_not_hv_            0            0
(  659)  unstable device for DN_PS_device_hv_DIOD            0            0
(  661)  unstable device for P_DP_DN_device_Devic            0            0
(  663)  unstable device for DP_DN_device_DIODE_9            0            0
(  665)  unstable device for P_PD_SN_device_Devic            0            0
(  667)  unstable device for PD_SN_device_DIODE_9            0            0
(  669)  unstable device for P_ND_SP_device_Devic            0            0
(  671)  unstable device for ND_SP_device_DIODE_9            0            0
(  673)  unstable device for PDI1N13S002_device_D            0            0
(  675)  unstable device for PDI1N01S002_device_D            0            0
(  677)  unstable device for PHDPINB750_device_De            0            0
(  679)  unstable device for ZD2SM24_device_Devic            0            0
(  681)  unstable device for P_NWD_device_Device_            0            0
(  683)  unstable device for NWD_device_DIODE_85             0            0
(  685)  unstable device for P_PD_device_Device_8            0            0
(  687)  unstable device for PD_device_DIODE_83              0            0
(  689)  unstable device for P_ND_device_Device_8            1            1
(  691)  unstable device for ND_device_DIODE_81              0            0
(  693)  unstable device for CVARIM_device_Device            0            0
(  695)  unstable device for CVARM_device_Device_            0            0
(  697)  unstable device for CVART_device_Device_            0            0
(  699)  unstable device for PROBE_device_Device_            0            0
(  701)  unstable device for CMIM20_device_Device            0            0
(  703)  unstable device for CMIM_device_Device_7            0            0
(  705)  unstable device for CPM_device_CAP_74               0            0
(  707)  unstable device for CWPM_device_CAP_73              0            0
(  709)  unstable device for CPOLY_NTUB_device_CA            0            0
(  711)  unstable device for CPOLY_PSUB_device_CA            0            0
(  713)  unstable device for PJFET_device_Device_            0            0
(  715)  unstable device for VERTPH_device_BJT_69            0            0
(  717)  unstable device for VERTN1_device_BJT_68            0            0
(  719)  unstable device for VERT10_device_BJT_67            0            0
(  721)  unstable device for LAT2_device_Device_6            0            0
(  723)  unstable device for RVIA_PIN_PDIFF_Devic            0            0
(  725)  unstable device for RVIA_PIN_NDIFF_Devic            0            0
(  727)  unstable device for RVIA3_device_RES_63             0            0
(  729)  unstable device for RVIA2_device_RES_62             0            0
(  731)  unstable device for RVIA1_device_RES_61             0            0
(  733)  unstable device for RMET4_device_RES_60             0            0
(  735)  unstable device for RMET3_device_RES_59             0            0
(  737)  unstable device for RMET2_device_RES_58             0            0
(  739)  unstable device for RMET1_device_RES_57             0            0
(  741)  unstable device for PFUSE_device_RES_56             0            0
(  743)  unstable device for RPOLY1_PTUB_device_R            0            0
(  745)  unstable device for RPOLY1_NTUB_device_R            0            0
(  747)  unstable device for RPOLY1_PSUB_device_R            0            0
(  749)  unstable device for RPOLYH_PTUB_device_R            0            0
(  751)  unstable device for RPOLYH_NTUB_device_R            0            0
(  753)  unstable device for RPOLYH_PSUB_device_R            0            0
(  755)  unstable device for RPOLY2PH_NTUB_device            0            0
(  757)  unstable device for RPOLY2PH_PTUB_device            0            0
(  759)  unstable device for RPOLY2PH_PSUB_device            0            0
(  761)  unstable device for RPOLY2P_NTUB_device_            0            0
(  763)  unstable device for RPOLY2P_PTUB_device_            0            0
(  765)  unstable device for RPOLY2P_PSUB_device_            0            0
(  767)  unstable device for RPOLY2_PTUB_device_R            0            0
(  769)  unstable device for RPOLY2_NTUB_device_R            0            0
(  771)  unstable device for RPOLY2_PSUB_device_R            0            0
(  773)  unstable device for RDIFFNR_device_Devic            0            0
(  775)  unstable device for RDIFFN_device_RES_39            0            0
(  777)  unstable device for RDIFFPS_device_not_h            0            0
(  779)  unstable device for RDIFFPS_device_hv_RE            0            0
(  781)  unstable device for RDIFFP_device_RES_36            0            0
(  783)  unstable device for RNWELLS_device_RES_3            0            0
(  785)  unstable device for RNWELL_device_RES_34            0            0
(  787)  unstable device for RPWELLR_device_RES_3            0            0
(  789)  unstable device for NMOSMH_device_Device            0            0
(  791)  unstable device for NMOSH_device_Device_            0            0
(  793)  unstable device for poa_pmos_midox_waffl            0            0
(  795)  unstable device for poa_pmos_midox_waffl            0            0
(  797)  unstable device for poa_pmos_midox_waffl            0            0
(  799)  unstable device for poa_pmos_waffle_4x_D            0            0
(  801)  unstable device for poa_pmos_waffle_3x_D            0            0
(  803)  unstable device for poa_pmos_waffle_2x_D            0            0
(  805)  unstable device for poa_nmos_midox_waffl            0            0
(  807)  unstable device for poa_nmos_midox_waffl            0            0
(  809)  unstable device for poa_nmos_midox_waffl            0            0
(  811)  unstable device for poa_nmos_waffle_4x_D            0            0
(  813)  unstable device for poa_nmos_waffle_3x_D            0            0
(  815)  unstable device for poa_nmos_waffle_2x_D            0            0
(  817)  unstable device for PMOSSL_device_Device            0            0
(  819)  unstable device for PMOSSML_device_Devic            0            0
(  821)  unstable device for PMOSIML_device_Devic            0            0
(  823)  unstable device for PMOSIM_device_not_hv            0            0
(  825)  unstable device for PMOSIM_device_hv_MOS            0            0
(  827)  unstable device for PMOSIL_device_Device            0            0
(  829)  unstable device for PMOSI_device_not_hv_            0            0
(  831)  unstable device for PMOSI_device_hv_MOS_            0            0
(  833)  unstable device for NMOSIML_device_Devic            0            0
(  835)  unstable device for NMOSIM_device_not_hv            0            0
(  837)  unstable device for NMOSIM_device_hv_Dev            0            0
(  839)  unstable device for NMOSIL_device_Device            0            0
(  841)  unstable device for NMOSI_device_not_hv_            0            0
(  843)  unstable device for NMOSI_device_hv_Devi            0            0
(  845)  unstable device for PMOSM_device_MOS_4              0            0
(  847)  unstable device for PMOS_device_MOS_3               0            0
(  849)  unstable device for NMOSM_device_MOS_2              0            0
(  851)  unstable device for NMOS_device_MOS_1               0            0
--------------------------------------------------------------------------------
Total  errors:                                               3            3
--------------------------------------------------------------------------------

   Finished creating Error Database ...

   Writing Report into /home/saul/projects/AMS35_H35_MINIMAL/ASSURA_LVS/top/top.err ...
   Rule 355 done.
   Rule 356 done.
   Rule 689 done.

avrpt cpu sec:    0.10  elapsed:     0  virtual:   247M

Finished /opt/tools/cadence/installs/ASSURA41//tools.lnx86/assura/bin/avrpt

Starting /opt/tools/cadence/installs/ASSURA41//tools.lnx86/assura/bin/avcallproc /home/saul/projects/AMS35_H35_MINIMAL/ASSURA_LVS/top/top.rsf -exec1 -LVS -cdslib /home/saul/projects/AMS35_H35_MINIMAL/cds.lib
Loading all available p-cell functions
AMS_DB set to cds
No mx check
ROD pcell code loaded
function genericcomp redefined
function getVal redefined
function getValCase redefined
function rel_comp redefined
function abs_comp redefined
function lvsCase redefined
function compCheckForErrors redefined

Loading tech rule set file : /opt/pdk/ams/5.10.1/X35/assura/h35b4/h35b4d3/techRuleSets

Loading tech rule set file : /opt/pdk/ams/5.10.1/X35/assura/h35b4/h35b4d3/techRuleSets

Finished /opt/tools/cadence/installs/ASSURA41//tools.lnx86/assura/bin/avcallproc

Starting /opt/tools/cadence/installs/ASSURA41//tools.lnx86/assura/bin/avnx /home/saul/projects/AMS35_H35_MINIMAL/ASSURA_LVS/top/top.rsf -exec1 -LVS -cdslib /home/saul/projects/AMS35_H35_MINIMAL/cds.lib
Virtuoso Framework License (111) was checked out successfully. Total checkout time was 0.01s.
Loading all available p-cell functions
AMS_DB set to cds
No mx check
ROD pcell code loaded
function genericcomp redefined
function getVal redefined
function getValCase redefined
function rel_comp redefined
function abs_comp redefined
function lvsCase redefined
function compCheckForErrors redefined

Loading tech rule set file : /opt/pdk/ams/5.10.1/X35/assura/h35b4/h35b4d3/techRuleSets

Loading tech rule set file : /opt/pdk/ams/5.10.1/X35/assura/h35b4/h35b4d3/techRuleSets
Checking out license for Assura_LVS
Checking out license for Phys_Ver_Sys_LVS_XL
*WARNING* Failed to obtain license for Assura_LVS
Checking out license for Phys_Ver_Sys_DRC_XL
*WARNING* Failed to obtain license for Phys_Ver_Sys_LVS_XL
Checking out license for Pegasus_LVS_SP
*WARNING* Failed to obtain license for Phys_Ver_Sys_DRC_XL
Checking out license for Pegasus_LVS
*WARNING* Failed to obtain license for Pegasus_LVS_SP
@(#)$CDS: avnx_64 version av4.1:Production:dfII25.1-64b:IC25.1-64b.38 08/06/2025 03:32 (sjfdcl919) $
sub-version 4.1_USR7_HF3, integ signature 2025-08-06-0300

run on edatools from /opt/tools/cadence/installs/ASSURA41/tools.lnx86/assura/bin/64bit/avnx on Wed Sep 30 06:41:57 2026

avnx started...
2026/09/30 06:41:57 INFO (/opt/tools/cadence/installs/ASSURA41/tools.lnx86/bin/cdnsEnvCheck): Rocky Linux release 8.10 (Green Obsidian) detected (set environment variable CDS_SKIP_OS_CHECK_ON_STARTUP=1 to suppress).
Combined/reduced   2 variants for APRIOP_HV layout IOLIB_ANA_HV_4M
cpu: 0.16  elap: 0  pf: 0  in: 0  out: 216  virt: 668M  phys: 1324M

Run time =  0.00 seconds
CPU time =  0.22 seconds

                  End of Summary Report

************************************************************************
cpu: 0.01  elap: 0  pf: 0  in: 0  out: 23064  virt: 599M  phys: 1324M
***** avnx terminated normally ***** 


Finished /opt/tools/cadence/installs/ASSURA41//tools.lnx86/assura/bin/avnx

Starting /opt/tools/cadence/installs/ASSURA41//tools.lnx86/assura/bin/nvn /home/saul/projects/AMS35_H35_MINIMAL/ASSURA_LVS/top/top.rsf -postExtract -exec1 -cdslib /home/saul/projects/AMS35_H35_MINIMAL/cds.lib
Checking out license for Assura_LVS
Checking out license for Phys_Ver_Sys_LVS_XL
Checking out license for Phys_Ver_Sys_DRC_XL
Checking out license for Pegasus_LVS_SP
Checking out license for Pegasus_LVS
@(#)$CDS: nvn_64 version av4.1:Production:dfII25.1-64b:IC25.1-64b.38 08/06/2025 03:34 (sjfdcl919) $
sub-version 4.1_USR7_HF3, integ signature 2025-08-06-0300
run on edatools at Wed Sep 30 06:41:57 2026
Loading all available p-cell functions
AMS_DB set to cds
No mx check
ROD pcell code loaded
function genericcomp redefined
function getVal redefined
function getValCase redefined
function rel_comp redefined
function abs_comp redefined
function lvsCase redefined
function compCheckForErrors redefined
Reading schematic network
Reading layout network
 inputting network ASSURA_LVS/top/top.ldb
Preprocessing schematic network phase 1
*WARNING* deleteCellPin - Unable to find cell 'PMOSDVST'
*WARNING* deleteCellPin - Unable to find cell 'PMOSD20T'
*WARNING* deleteCellPin - Unable to find cell 'PMOSD20M'
*WARNING* deleteCellPin - Unable to find cell 'PMOSD10MH'
*WARNING* deleteCellPin - Unable to find cell 'NMOSDIVST'
*WARNING* deleteCellPin - Unable to find cell 'NMOSDI50T'
*WARNING* deleteCellPin - Unable to find cell 'NMOSDI50H'
*WARNING* deleteCellPin - Unable to find cell 'NMOSDI20T'
*WARNING* deleteCellPin - Unable to find cell 'NMOSDI20M'
*WARNING* deleteCellPin - Unable to find cell 'NMOSDI20H'
*WARNING* deleteCellPin - Unable to find cell 'NMOSD20M'
*WARNING* deleteCellPin - Unable to find cell 'NMOSD10MH'
*WARNING* deleteCellPin - Unable to find cell 'PMOSD30M'
*WARNING* filterDevice: Shorting pin 'A' and pin 'psub!' of cell 'VSUBALLP_HV cmos_sch IOLIB_HV_4M'
*WARNING* filterDevice: Shorting pin 'PAD' and pin 'GND3A' of cell 'AGND3ALLP_HV schematic IOLIB_ANA_HV_4M'
*WARNING* filterDevice: Shorting pin 'PAD' and pin 'VDD3A' of cell 'AVDD3ALLP_HV schematic IOLIB_ANA_HV_4M'
*WARNING* filterDevice: Shorting pin 'PAD' and pin 'Z' of cell 'APRIOP_HV schematic IOLIB_ANA_HV_4M'
Preprocessing layout network phase 1
*WARNING* genericDevice("RDIFFNR") - cell does not exist. This command will be ignored.
*WARNING* genericDevice("PJFET") - cell does not exist. This command will be ignored.
 WARNING (AVLVSNN-10050) : lddDevice - cell 'PMOSVST' not found.
 WARNING (AVLVSNN-10050) : lddDevice - cell 'PMOSDVST' not found.
 WARNING (AVLVSNN-10050) : lddDevice - cell 'PMOSD20T' not found.
 WARNING (AVLVSNN-10050) : lddDevice - cell 'PMOSD20M' not found.
 WARNING (AVLVSNN-10050) : lddDevice - cell 'PMOSD10MH' not found.
 WARNING (AVLVSNN-10050) : lddDevice - cell 'PMOS50T' not found.
 WARNING (AVLVSNN-10050) : lddDevice - cell 'PMOS50M' not found.
 WARNING (AVLVSNN-10050) : lddDevice - cell 'PMOS50H' not found.
 WARNING (AVLVSNN-10050) : lddDevice - cell 'PMOS20T' not found.
 WARNING (AVLVSNN-10050) : lddDevice - cell 'PMOS20M' not found.
 WARNING (AVLVSNN-10050) : lddDevice - cell 'PMOS20H' not found.
 WARNING (AVLVSNN-10050) : lddDevice - cell 'PMOS120M' not found.
 WARNING (AVLVSNN-10050) : lddDevice - cell 'PMOS120H' not found.
 WARNING (AVLVSNN-10050) : lddDevice - cell 'PMOS10MH' not found.
 WARNING (AVLVSNN-10050) : lddDevice - cell 'NMOSIVST' not found.
 WARNING (AVLVSNN-10050) : lddDevice - cell 'NMOSI50T' not found.
 WARNING (AVLVSNN-10050) : lddDevice - cell 'NMOSI50M' not found.
 WARNING (AVLVSNN-10050) : lddDevice - cell 'NMOSI50H' not found.
 WARNING (AVLVSNN-10050) : lddDevice - cell 'NMOSI20T' not found.
 WARNING (AVLVSNN-10050) : lddDevice - cell 'NMOSI20M' not found.
 WARNING (AVLVSNN-10050) : lddDevice - cell 'NMOSI20H' not found.
 WARNING (AVLVSNN-10050) : lddDevice - cell 'NMOSI120M' not found.
 WARNING (AVLVSNN-10050) : lddDevice - cell 'NMOSI120H' not found.
 WARNING (AVLVSNN-10050) : lddDevice - cell 'NMOSFI25H' not found.
 WARNING (AVLVSNN-10050) : lddDevice - cell 'NMOSDIVST' not found.
 WARNING (AVLVSNN-10050) : lddDevice - cell 'NMOSDI50T' not found.
 WARNING (AVLVSNN-10050) : lddDevice - cell 'NMOSDI50H' not found.
 WARNING (AVLVSNN-10050) : lddDevice - cell 'NMOSDI20T' not found.
 WARNING (AVLVSNN-10050) : lddDevice - cell 'NMOSDI20M' not found.
 WARNING (AVLVSNN-10050) : lddDevice - cell 'NMOSDI20H' not found.
 WARNING (AVLVSNN-10050) : lddDevice - cell 'NMOSD20M' not found.
 WARNING (AVLVSNN-10050) : lddDevice - cell 'NMOSD10MH' not found.
 WARNING (AVLVSNN-10050) : lddDevice - cell 'NMOS50T' not found.
 WARNING (AVLVSNN-10050) : lddDevice - cell 'NMOS50M' not found.
 WARNING (AVLVSNN-10050) : lddDevice - cell 'NMOS50H' not found.
 WARNING (AVLVSNN-10050) : lddDevice - cell 'NMOS20T' not found.
 WARNING (AVLVSNN-10050) : lddDevice - cell 'NMOS20M' not found.
 WARNING (AVLVSNN-10050) : lddDevice - cell 'NMOS20H' not found.
 WARNING (AVLVSNN-10050) : lddDevice - cell 'NMOS10MH' not found.
 WARNING (AVLVSNN-10050) : lddDevice - cell 'ESDPMOS18T' not found.
 WARNING (AVLVSNN-10050) : mosDevice - cell 'PMOS50HS' not found.
 WARNING (AVLVSNN-10050) : mosDevice - cell 'PMOS20HS' not found.
 WARNING (AVLVSNN-10050) : mosDevice - cell 'PMOSIM' not found.
 WARNING (AVLVSNN-10050) : mosDevice - cell 'PMOSI' not found.
 WARNING (AVLVSNN-10050) : mosDevice - cell 'NMOSISLN' not found.
 WARNING (AVLVSNN-10050) : mosDevice - cell 'NMOSIML' not found.
 WARNING (AVLVSNN-10050) : mosDevice - cell 'NMOSIMW' not found.
 WARNING (AVLVSNN-10050) : mosDevice - cell 'NMOSIM' not found.
 WARNING (AVLVSNN-10050) : mosDevice - cell 'NMOSIL' not found.
 WARNING (AVLVSNN-10050) : mosDevice - cell 'NMOSIW' not found.
 WARNING (AVLVSNN-10050) : mosDevice - cell 'NMOSFI25HS' not found.
 WARNING (AVLVSNN-10050) : mosDevice - cell 'NMOS50HS' not found.
 WARNING (AVLVSNN-10050) : mosDevice - cell 'NMOS20HS' not found.
 WARNING (AVLVSNN-10050) : mosDevice - cell 'PMOSML4' not found.
 WARNING (AVLVSNN-10050) : mosDevice - cell 'PMOSM4' not found.
 WARNING (AVLVSNN-10050) : mosDevice - cell 'PMOSL4' not found.
 WARNING (AVLVSNN-10050) : mosDevice - cell 'PMOSLL4' not found.
 WARNING (AVLVSNN-10050) : mosDevice - cell 'PMOS4' not found.
 WARNING (AVLVSNN-10050) : mosDevice - cell 'NMOSML4' not found.
 WARNING (AVLVSNN-10050) : mosDevice - cell 'NMOSM4' not found.
 WARNING (AVLVSNN-10050) : mosDevice - cell 'NMOSL4' not found.
 WARNING (AVLVSNN-10050) : mosDevice - cell 'NMOS4' not found.
 WARNING (AVLVSNN-10050) : lddDevice - cell 'PMOSD30M' not found.
 WARNING (AVLVSNN-10050) : lddDevice - cell 'PMOS30M' not found.
 WARNING (AVLVSNN-10050) : lddDevice - cell 'NMOSMHL' not found.
 WARNING (AVLVSNN-10050) : lddDevice - cell 'NMOSMH' not found.
 WARNING (AVLVSNN-10050) : lddDevice - cell 'NMOSHL' not found.
 WARNING (AVLVSNN-10050) : lddDevice - cell 'NMOSH' not found.
 WARNING (AVLVSNN-10050) : lddDevice - cell 'NMOS30M' not found.
 WARNING (AVLVSNN-10050) : lddDevice - cell 'NMOS18T' not found.
*WARNING* deleteCellPin - Unable to find cell 'VERTPH'
*WARNING* deleteCellPin - Unable to find cell 'PMOSDVST'
*WARNING* deleteCellPin - Unable to find cell 'PMOSD20T'
*WARNING* deleteCellPin - Unable to find cell 'PMOSD20M'
*WARNING* deleteCellPin - Unable to find cell 'PMOSD10MH'
*WARNING* deleteCellPin - Unable to find cell 'NMOSD20M'
*WARNING* deleteCellPin - Unable to find cell 'NMOSD10MH'
*WARNING* deleteCellPin - Unable to find cell 'RPOLYZ'
*WARNING* deleteCellPin - Unable to find cell 'RPOLYM'
*WARNING* deleteCellPin - Unable to find cell 'RPOLYH'
*WARNING* deleteCellPin - Unable to find cell 'RPOLY2P'
*WARNING* deleteCellPin - Unable to find cell 'RPOLY2PH'
*WARNING* deleteCellPin - Unable to find cell 'PNPVERT15'
*WARNING* deleteCellPin - Unable to find cell 'PNPVERT2'
*WARNING* deleteCellPin - Unable to find cell 'PNPVERT5'
*WARNING* deleteCellPin - Unable to find cell 'PNPVERT10'
*WARNING* deleteCellPin - Unable to find cell 'PNPVERT3'
*WARNING* deleteCellPin - Unable to find cell 'PMOSD30M'
Preprocessing schematic network phase 2
Preprocessing layout network phase 2
Comparing inv schematic INV vs inv layout INV
Comparing BUFX8_DCV_HV cmos_sch CORELIBD_DCV_HV vs BUFX8_DCV_HV layout CORELIBD_DCV_HV
Comparing XOR2X1_DCV_HV cmos_sch CORELIBD_DCV_HV vs XOR2X1_DCV_HV layout CORELIBD_DCV_HV
Comparing AOI22X4_DCV_HV cmos_sch CORELIBD_DCV_HV vs AOI22X4_DCV_HV layout CORELIBD_DCV_HV
Comparing HAX3_DCV_HV cmos_sch CORELIBD_DCV_HV vs HAX3_DCV_HV layout CORELIBD_DCV_HV
Comparing BUFX16_DCV_HV cmos_sch CORELIBD_DCV_HV vs BUFX16_DCV_HV layout CORELIBD_DCV_HV
Comparing AOI22X3_DCV_HV cmos_sch CORELIBD_DCV_HV vs AOI22X3_DCV_HV layout CORELIBD_DCV_HV
Comparing INVX4_DCV_HV cmos_sch CORELIBD_DCV_HV vs INVX4_DCV_HV layout CORELIBD_DCV_HV
Comparing INVX16_DCV_HV cmos_sch CORELIBD_DCV_HV vs INVX16_DCV_HV layout CORELIBD_DCV_HV
Comparing DFX1_DCV_HV cmos_sch CORELIBD_DCV_HV vs DFX1_DCV_HV layout CORELIBD_DCV_HV
Comparing XNOR2X2_DCV_HV cmos_sch CORELIBD_DCV_HV vs XNOR2X2_DCV_HV layout CORELIBD_DCV_HV
Comparing NOR2X4_DCV_HV cmos_sch CORELIBD_DCV_HV vs NOR2X4_DCV_HV layout CORELIBD_DCV_HV
Comparing CLKBUFX16_DCV_HV cmos_sch CORELIBD_DCV_HV vs CLKBUFX16_DCV_HV layout CORELIBD_DCV_HV
Comparing BUFX12_DCV_HV cmos_sch CORELIBD_DCV_HV vs BUFX12_DCV_HV layout CORELIBD_DCV_HV
Comparing CLKBUFX8_DCV_HV cmos_sch CORELIBD_DCV_HV vs CLKBUFX8_DCV_HV layout CORELIBD_DCV_HV
Comparing CLKBUFX24_DCV_HV cmos_sch CORELIBD_DCV_HV vs CLKBUFX24_DCV_HV layout CORELIBD_DCV_HV
Comparing DLY1X1_DCV_HV cmos_sch CORELIBD_DCV_HV vs DLY1X1_DCV_HV layout CORELIBD_DCV_HV
Comparing BUFX6_DCV_HV cmos_sch CORELIBD_DCV_HV vs BUFX6_DCV_HV layout CORELIBD_DCV_HV
Comparing CLKBUFX12_DCV_HV cmos_sch CORELIBD_DCV_HV vs CLKBUFX12_DCV_HV layout CORELIBD_DCV_HV
Comparing BUFX2_DCV_HV cmos_sch CORELIBD_DCV_HV vs BUFX2_DCV_HV layout CORELIBD_DCV_HV
Comparing CLKBUFX3_DCV_HV cmos_sch CORELIBD_DCV_HV vs CLKBUFX3_DCV_HV layout CORELIBD_DCV_HV
Comparing FILLCAPX16_DCV_HV cmos_sch CORELIBD_DCV_HV vs FILLCAPX16_DCV_HV layout CORELIBD_DCV_HV
Comparing FILLCAPX8_DCV_HV cmos_sch CORELIBD_DCV_HV vs FILLCAPX8_DCV_HV layout CORELIBD_DCV_HV
Comparing FILLCAPX4_DCV_HV cmos_sch CORELIBD_DCV_HV vs FILLCAPX4_DCV_HV layout CORELIBD_DCV_HV
Comparing CLKBUFX6_DCV_HV cmos_sch CORELIBD_DCV_HV vs CLKBUFX6_DCV_HV layout CORELIBD_DCV_HV
Comparing BUFX4_DCV_HV cmos_sch CORELIBD_DCV_HV vs BUFX4_DCV_HV layout CORELIBD_DCV_HV
Comparing CLKBUFX2_DCV_HV cmos_sch CORELIBD_DCV_HV vs CLKBUFX2_DCV_HV layout CORELIBD_DCV_HV
Comparing counter schematic COUNTER vs counter layout COUNTER
Comparing core schematic MINIMAL_CORE vs core layout MINIMAL_CORE
Comparing PWRCUT_DIG_P_DXS_HV cmos_sch IOLIB_HV_4M vs PWRCUT_DIG_P_DXS_HV layout IOLIB_HV_4M
Comparing APRIOP_HV schematic IOLIB_ANA_HV_4M vs APRIOP_HV layout IOLIB_ANA_HV_4M
Comparing APRIO200P_HV schematic IOLIB_ANA_HV_4M vs APRIO200P_HV layout IOLIB_ANA_HV_4M
Comparing AVDD3ALLP_HV schematic IOLIB_ANA_HV_4M vs AVDD3ALLP_HV layout IOLIB_ANA_HV_4M
Comparing AGND3ALLP_HV schematic IOLIB_ANA_HV_4M vs AGND3ALLP_HV layout IOLIB_ANA_HV_4M
Comparing BU2P_HV cmos_sch IOLIB_HV_4M vs BU2P_HV layout IOLIB_HV_4M
Comparing ICP_HV cmos_sch IOLIB_HV_4M vs ICP_HV layout IOLIB_HV_4M
Comparing VSUBALLP_HV cmos_sch IOLIB_HV_4M vs VSUBALLP_HV layout IOLIB_HV_4M
Comparing VDD3ALLP_HV cmos_sch IOLIB_HV_4M vs VDD3ALLP_HV layout IOLIB_HV_4M
Comparing GND3ALLP_HV cmos_sch IOLIB_HV_4M vs GND3ALLP_HV layout IOLIB_HV_4M
Comparing ioring schematic MINIMAL_IO_HV vs ioring layout MINIMAL_IO_HV
Top cell  top schematic MINIMAL_TOP vs top layout MINIMAL_TOP
Schematic and Layout Match
cpu=0.00m  wall=0.00m  mem=122.99mb

Finished /opt/tools/cadence/installs/ASSURA41//tools.lnx86/assura/bin/nvn

Starting /opt/tools/cadence/installs/ASSURA41//tools.lnx86/assura/bin/vldbToRpa top.snn top.tre top.cel

Finished /opt/tools/cadence/installs/ASSURA41//tools.lnx86/assura/bin/vldbToRpa

Starting /opt/tools/cadence/installs/ASSURA41//tools.lnx86/assura/bin/vldbToRpa top.lnn top.tre2 top.cel2

Finished /opt/tools/cadence/installs/ASSURA41//tools.lnx86/assura/bin/vldbToRpa

Starting /opt/tools/cadence/installs/ASSURA41//tools.lnx86/assura/bin/ercChk /home/saul/projects/AMS35_H35_MINIMAL/ASSURA_LVS/top/top.rsf
Virtuoso Framework License (111) was checked out successfully. Total checkout time was 0.01s.
Loading all available p-cell functions
AMS_DB set to cds
No mx check
ROD pcell code loaded
function genericcomp redefined
function getVal redefined
function getValCase redefined
function rel_comp redefined
function abs_comp redefined
function lvsCase redefined
function compCheckForErrors redefined

Loading tech rule set file : /opt/pdk/ams/5.10.1/X35/assura/h35b4/h35b4d3/techRuleSets

Loading tech rule set file : /opt/pdk/ams/5.10.1/X35/assura/h35b4/h35b4d3/techRuleSets

Loading tech rule set file : /opt/pdk/ams/5.10.1/X35/assura/h35b4/h35b4d3/techRuleSets

Finished /opt/tools/cadence/installs/ASSURA41//tools.lnx86/assura/bin/ercChk

Starting /opt/tools/cadence/installs/ASSURA41//tools.lnx86/assura/bin/avcallproc /home/saul/projects/AMS35_H35_MINIMAL/ASSURA_LVS/top/top.rsf -trp -exec1
Loading all available p-cell functions
AMS_DB set to cds
No mx check
ROD pcell code loaded
function genericcomp redefined
function getVal redefined
function getValCase redefined
function rel_comp redefined
function abs_comp redefined
function lvsCase redefined
function compCheckForErrors redefined

Loading tech rule set file : /opt/pdk/ams/5.10.1/X35/assura/h35b4/h35b4d3/techRuleSets

Loading tech rule set file : /opt/pdk/ams/5.10.1/X35/assura/h35b4/h35b4d3/techRuleSets

Finished /opt/tools/cadence/installs/ASSURA41//tools.lnx86/assura/bin/avcallproc


Assura LVS terminated normally.



Run ended: Wed Sep 30 06:41:58 2026

*****  Assura terminated normally  *****

